# Blender 4.4.3
# www.blender.org
o Main
v 1.375000 0.875000 -1.375000
v 1.375000 0.875000 1.375000
v 1.375000 0.125000 1.375000
v 1.375000 0.125000 -1.375000
v -1.375000 0.125000 1.375000
v -1.375000 0.875000 1.375000
v -1.375000 0.875000 -1.375000
v -1.375000 0.125000 -1.375000
v 1.500000 1.000000 -1.500000
v 1.500000 1.000000 1.500000
v 1.500000 0.875000 1.500000
v 1.500000 0.875000 -1.500000
v -1.500000 0.875000 1.500000
v -1.500000 1.000000 1.500000
v -1.500000 1.000000 -1.500000
v -1.500000 0.875000 -1.500000
v 1.500000 0.125000 -1.500000
v 1.500000 0.125000 1.500000
v 1.500000 0.000000 1.500000
v 1.500000 -0.000000 -1.500000
v -1.500000 0.000000 1.500000
v -1.500000 0.125000 1.500000
v -1.500000 0.125000 -1.500000
v -1.500000 -0.000000 -1.500000
v 1.500000 0.875000 1.375000
v 1.500000 0.875000 1.500000
v 1.500000 0.125000 1.500000
v 1.500000 0.125000 1.375000
v 1.375000 0.125000 1.500000
v 1.375000 0.875000 1.500000
v 1.375000 0.875000 1.375000
v 1.375000 0.125000 1.375000
v 1.500000 0.875000 -1.500000
v 1.500000 0.875000 -1.375000
v 1.500000 0.125000 -1.375000
v 1.500000 0.125000 -1.500000
v 1.375000 0.125000 -1.375000
v 1.375000 0.875000 -1.375000
v 1.375000 0.875000 -1.500000
v 1.375000 0.125000 -1.500000
v -1.375000 0.875000 1.375000
v -1.375000 0.875000 1.500000
v -1.375000 0.125000 1.500000
v -1.375000 0.125000 1.375000
v -1.500000 0.125000 1.500000
v -1.500000 0.875000 1.500000
v -1.500000 0.875000 1.375000
v -1.500000 0.125000 1.375000
v -1.375000 0.875000 -1.500000
v -1.375000 0.875000 -1.375000
v -1.375000 0.125000 -1.375000
v -1.375000 0.125000 -1.500000
v -1.500000 0.125000 -1.375000
v -1.500000 0.875000 -1.375000
v -1.500000 0.875000 -1.500000
v -1.500000 0.125000 -1.500000
v 1.187500 0.687500 -1.375000
v 0.812500 0.687500 -1.375000
v 0.812500 0.312500 -1.375000
v 1.187500 0.312500 -1.375000
v 0.812500 0.312500 -1.500000
v 0.812500 0.687500 -1.500000
v 1.187500 0.687500 -1.500000
v 1.187500 0.312500 -1.500000
v -0.812500 0.687500 1.500000
v -1.187500 0.687500 1.500000
v -1.187500 0.312500 1.500000
v -0.812500 0.312500 1.500000
v -1.187500 0.312500 1.375000
v -1.187500 0.687500 1.375000
v -0.812500 0.687500 1.375000
v -0.812500 0.312500 1.375000
v 1.187500 0.687500 1.500000
v 0.812500 0.687500 1.500000
v 0.812500 0.312500 1.500000
v 1.187500 0.312500 1.500000
v 0.812500 0.312500 1.375000
v 0.812500 0.687500 1.375000
v 1.187500 0.687500 1.375000
v 1.187500 0.312500 1.375000
v 1.375000 0.687500 1.187500
v 1.375000 0.687500 0.812500
v 1.375000 0.312500 0.812500
v 1.375000 0.312500 1.187500
v 1.500000 0.312500 0.812500
v 1.500000 0.687500 0.812500
v 1.500000 0.687500 1.187500
v 1.500000 0.312500 1.187500
v 1.375000 0.687500 -0.812500
v 1.375000 0.687500 -1.187500
v 1.375000 0.312500 -1.187500
v 1.375000 0.312500 -0.812500
v 1.500000 0.312500 -1.187500
v 1.500000 0.687500 -1.187500
v 1.500000 0.687500 -0.812500
v 1.500000 0.312500 -0.812500
v -1.500000 0.687500 -0.812500
v -1.500000 0.687500 -1.187500
v -1.500000 0.312500 -1.187500
v -1.500000 0.312500 -0.812500
v -1.375000 0.312500 -1.187500
v -1.375000 0.687500 -1.187500
v -1.375000 0.687500 -0.812500
v -1.375000 0.312500 -0.812500
v -0.331250 2.062500 0.937500
v 0.331250 2.062500 0.937500
v 0.331250 1.562500 0.937500
v -0.331250 1.562500 0.937500
v -0.331250 2.062500 1.187500
v 0.331250 2.062500 1.187500
v 0.331250 1.562500 1.187500
v -0.331250 1.562500 1.187500
v -1.500000 0.687500 1.187500
v -1.500000 0.687500 0.812500
v -1.500000 0.312500 0.812500
v -1.500000 0.312500 1.187500
v -1.375000 0.312500 0.812500
v -1.375000 0.687500 0.812500
v -1.375000 0.687500 1.187500
v -1.375000 0.312500 1.187500
v -0.812500 0.687500 -1.375000
v -1.187500 0.687500 -1.375000
v -1.187500 0.312500 -1.375000
v -0.812500 0.312500 -1.375000
v -1.187500 0.312500 -1.500000
v -1.187500 0.687500 -1.500000
v -0.812500 0.687500 -1.500000
v -0.812500 0.312500 -1.500000
v 1.312500 3.250000 0.543655
v 0.543655 3.250000 1.312500
v 0.000000 3.250000 -0.000000
v 1.312500 3.375000 0.543655
v 0.543655 3.375000 1.312500
v 0.000000 3.375000 -0.000000
v 1.312500 3.250000 -0.543655
v 1.312500 3.375000 -0.543655
v 0.543655 3.250000 -1.312500
v 0.543655 3.375000 -1.312500
v -0.543655 3.250000 -1.312500
v -0.543655 3.375000 -1.312500
v -1.312500 3.250000 -0.543655
v -1.312500 3.375000 -0.543655
v -1.312500 3.250000 0.543655
v -1.312500 3.375000 0.543655
v -0.543655 3.250000 1.312500
v -0.543655 3.375000 1.312500
v 1.312500 1.250000 0.543655
v 0.543655 1.250000 1.312500
v 0.000000 1.250000 -0.000000
v 1.312500 1.375000 0.543655
v 0.543655 1.375000 1.312500
v 0.000000 1.375000 -0.000000
v 1.312500 1.250000 -0.543655
v 1.312500 1.375000 -0.543655
v 0.543655 1.250000 -1.312500
v 0.543655 1.375000 -1.312500
v -0.543655 1.250000 -1.312500
v -0.543655 1.375000 -1.312500
v -1.312500 1.250000 -0.543655
v -1.312500 1.375000 -0.543655
v -1.312500 1.250000 0.543655
v -1.312500 1.375000 0.543655
v -0.543655 1.250000 1.312500
v -0.543655 1.375000 1.312500
v 1.000000 3.625000 0.414213
v 0.414214 3.625000 1.000000
v 0.000000 3.625000 -0.000000
v 0.812500 4.000000 0.336548
v 0.336549 4.000000 0.812500
v 0.000000 4.000000 -0.000000
v 1.000000 3.625000 -0.414214
v 0.812500 4.000000 -0.336549
v 0.414214 3.625000 -1.000000
v 0.336549 4.000000 -0.812500
v -0.414214 3.625000 -1.000000
v -0.336549 4.000000 -0.812500
v -1.000000 3.625000 -0.414214
v -0.812500 4.000000 -0.336549
v -1.000000 3.625000 0.414213
v -0.812500 4.000000 0.336548
v -0.414214 3.625000 1.000000
v -0.336549 4.000000 0.812500
v -0.156250 2.062500 1.125000
v -0.162500 2.062500 1.187500
v -0.162500 1.562500 1.187500
v -0.156250 1.562500 1.125000
v -0.262500 1.562500 1.187500
v -0.262500 2.062500 1.187500
v -0.256250 2.062500 1.125000
v -0.256250 1.562500 1.125000
v 0.256250 2.062500 1.125000
v 0.262500 2.062500 1.187500
v 0.262500 1.562500 1.187500
v 0.256250 1.562500 1.125000
v 0.162500 1.562500 1.187500
v 0.162500 2.062500 1.187500
v 0.156250 2.062500 1.125000
v 0.156250 1.562500 1.125000
v 0.456250 2.062500 1.062500
v 0.456250 2.062500 1.187500
v 0.456250 1.562500 1.187500
v 0.456250 1.562500 1.062500
v 0.331250 2.062500 1.187500
v 0.331250 2.062500 1.062500
v 0.331250 1.562500 1.187500
v 0.331250 1.562500 1.062500
v -0.456250 1.562500 1.187500
v -0.456250 2.062500 1.187500
v -0.456250 2.062500 1.062500
v -0.456250 1.562500 1.062500
v -0.331250 2.062500 1.187500
v -0.331250 2.062500 1.062500
v -0.331250 1.562500 1.062500
v -0.331250 1.562500 1.187500
v -0.456250 2.062500 1.187500
v -0.456250 2.062500 1.312500
v -0.456250 1.562500 1.312500
v -0.456250 1.562500 1.187500
v -0.518750 1.562500 1.312500
v -0.518750 2.062500 1.312500
v -0.518750 2.062500 1.187500
v -0.518750 1.562500 1.187500
v 0.518750 2.062500 1.187500
v 0.518750 2.062500 1.312500
v 0.518750 1.562500 1.312500
v 0.518750 1.562500 1.187500
v 0.456250 1.562500 1.312500
v 0.456250 2.062500 1.312500
v 0.456250 2.062500 1.187500
v 0.456250 1.562500 1.187500
v -0.456250 2.125000 1.187500
v -0.456250 2.125000 1.312500
v 0.456250 2.125000 1.312500
v 0.456250 2.125000 1.187500
v 0.456250 2.062500 1.312500
v -0.456250 2.062500 1.312500
v -0.456250 2.062500 1.187500
v 0.456250 2.062500 1.187500
v -0.456250 1.562500 1.187500
v -0.456250 1.562500 1.312500
v 0.456250 1.562500 1.312500
v 0.456250 1.562500 1.187500
v 0.456250 1.500000 1.312500
v -0.456250 1.500000 1.312500
v -0.456250 1.500000 1.187500
v 0.456250 1.500000 1.187500
v -0.456250 1.562500 1.312500
v -0.456250 1.687500 1.312500
v -0.456250 1.687500 1.187500
v -0.456250 1.562500 1.187500
v -0.331250 1.562500 1.187500
v -0.331250 1.562500 1.312500
v -0.456250 1.562500 1.312500
v -0.331250 1.562500 1.187500
v -0.330806 1.562056 1.312500
v -0.330806 1.562056 1.187500
v -0.456694 1.687945 1.187500
v -0.456694 1.687945 1.312500
v 0.456250 1.687500 1.187500
v 0.456250 1.687500 1.312500
v 0.456250 1.562500 1.312500
v 0.456250 1.562500 1.187500
v 0.331250 1.562500 1.312500
v 0.331250 1.562500 1.187500
v 0.456250 1.562500 1.312500
v 0.331250 1.562500 1.187500
v 0.456694 1.687945 1.187500
v 0.330806 1.562056 1.187500
v 0.330806 1.562056 1.312500
v 0.456694 1.687945 1.312500
v 0.331250 2.062500 1.187500
v 0.331250 2.062500 1.312500
v 0.456250 2.062500 1.312500
v 0.456250 2.062500 1.187500
v 0.456250 1.937500 1.312500
v 0.456250 1.937500 1.187500
v 0.456250 2.062500 1.312500
v 0.456250 1.937500 1.187500
v 0.330806 2.062944 1.187500
v 0.456694 1.937056 1.187500
v 0.456694 1.937056 1.312500
v 0.330806 2.062944 1.312500
v -0.456250 2.062500 1.312500
v -0.331250 2.062500 1.312500
v -0.331250 2.062500 1.187500
v -0.456250 2.062500 1.187500
v -0.456250 1.937500 1.187500
v -0.456250 1.937500 1.312500
v -0.456250 2.062500 1.312500
v -0.456250 1.937500 1.187500
v -0.456694 1.937056 1.312500
v -0.456694 1.937056 1.187500
v -0.330806 2.062944 1.187500
v -0.330806 2.062944 1.312500
v 0.050000 2.062500 1.125000
v 0.050000 2.062500 1.187500
v 0.050000 1.562500 1.187500
v 0.050000 1.562500 1.125000
v -0.050000 1.562500 1.187500
v -0.050000 2.062500 1.187500
v -0.050000 2.062500 1.125000
v -0.050000 1.562500 1.125000
v -0.456250 2.125000 1.250000
v -0.456250 2.125000 1.312500
v -0.456250 2.062500 1.312500
v -0.456250 2.062500 1.250000
v -0.518750 2.062500 1.312500
v -0.518750 2.062500 1.250000
v -0.518750 1.562500 1.250000
v -0.518750 1.562500 1.312500
v -0.456250 1.562500 1.312500
v -0.456250 1.562500 1.250000
v -0.456250 1.500000 1.312500
v -0.456250 1.500000 1.250000
v 0.456250 1.562500 1.312500
v 0.518750 1.562500 1.312500
v 0.518750 1.562500 1.250000
v 0.456250 1.562500 1.250000
v 0.456250 1.500000 1.312500
v 0.456250 1.500000 1.250000
v 0.456250 2.062500 1.312500
v 0.456250 2.125000 1.312500
v 0.456250 2.125000 1.250000
v 0.456250 2.062500 1.250000
v 0.518750 2.062500 1.312500
v 0.518750 2.062500 1.250000
v 1.281250 1.812500 -0.500000
v 1.281250 2.812500 -0.500000
v 1.281250 2.812500 0.500000
v 1.281250 1.812500 0.500000
v 1.218750 2.812500 0.500000
v 1.218750 2.812500 -0.500000
v 1.218750 1.812500 -0.500000
v 1.218750 1.812500 0.500000
v -1.281250 2.812500 0.500000
v -1.281250 2.812500 -0.500000
v -1.281250 1.812500 -0.500000
v -1.281250 1.812500 0.500000
v -1.218750 1.812500 -0.500000
v -1.218750 2.812500 -0.500000
v -1.218750 2.812500 0.500000
v -1.218750 1.812500 0.500000
v 0.703125 1.282820 0.703125
v 1.171875 1.945733 1.171875
v 0.622244 1.282820 0.563035
v 1.090994 1.945733 1.031785
v 0.703125 1.282820 0.541363
v 1.171875 1.945733 1.010113
v 0.784006 1.282820 0.563035
v 1.252756 1.945733 1.031785
v 0.843215 1.282820 0.622244
v 1.311965 1.945733 1.090994
v 0.864887 1.282820 0.703125
v 1.333637 1.945733 1.171875
v 0.843215 1.282820 0.784006
v 1.311965 1.945733 1.252756
v 0.784006 1.282820 0.843215
v 1.252756 1.945733 1.311965
v 0.703125 1.282820 0.864887
v 1.171875 1.945733 1.333637
v 0.622244 1.282820 0.843215
v 1.090994 1.945733 1.311965
v 0.563035 1.282820 0.784006
v 1.031785 1.945733 1.252756
v 0.541363 1.282820 0.703125
v 1.010113 1.945733 1.171875
v 0.563035 1.282820 0.622244
v 1.031785 1.945733 1.090994
v 1.171875 1.945625 1.171875
v 1.171875 2.695625 1.171875
v 1.090994 1.945625 1.031785
v 1.090994 2.695625 1.031785
v 1.171875 1.945625 1.010113
v 1.171875 2.695625 1.010113
v 1.252756 1.945625 1.031785
v 1.252756 2.695625 1.031785
v 1.311965 1.945625 1.090994
v 1.311965 2.695625 1.090994
v 1.333637 1.945625 1.171875
v 1.333637 2.695625 1.171875
v 1.311965 1.945625 1.252756
v 1.311965 2.695625 1.252756
v 1.252756 1.945625 1.311965
v 1.252756 2.695625 1.311965
v 1.171875 1.945625 1.333637
v 1.171875 2.695625 1.333637
v 1.090994 1.945625 1.311965
v 1.090994 2.695625 1.311965
v 1.031785 1.945625 1.252756
v 1.031785 2.695625 1.252756
v 1.010113 1.945625 1.171875
v 1.010113 2.695625 1.171875
v 1.031785 1.945625 1.090994
v 1.031785 2.695625 1.090994
v 1.317569 2.728125 1.255991
v 1.317569 2.896875 1.255991
v 1.294690 2.728125 1.242782
v 1.294690 2.896875 1.242782
v 1.340107 2.728125 1.171875
v 1.340107 2.896875 1.171875
v 1.313690 2.728125 1.171875
v 1.313690 2.896875 1.171875
v 1.317569 2.728125 1.087759
v 1.317569 2.896875 1.087759
v 1.294690 2.728125 1.100967
v 1.294690 2.896875 1.100967
v 1.255991 2.728125 1.026181
v 1.255991 2.896875 1.026181
v 1.242782 2.728125 1.049060
v 1.242782 2.896875 1.049060
v 1.171875 2.728125 1.003643
v 1.171875 2.896875 1.003643
v 1.171875 2.728125 1.030060
v 1.171875 2.896875 1.030060
v 1.087759 2.728125 1.026181
v 1.087759 2.896875 1.026181
v 1.100968 2.728125 1.049060
v 1.100968 2.896875 1.049060
v 1.026181 2.728125 1.087759
v 1.026181 2.896875 1.087759
v 1.049060 2.728125 1.100967
v 1.049060 2.896875 1.100967
v 1.003643 2.728125 1.171875
v 1.003643 2.896875 1.171875
v 1.030060 2.728125 1.171875
v 1.030060 2.896875 1.171875
v 1.026181 2.728125 1.255991
v 1.026181 2.896875 1.255991
v 1.049060 2.728125 1.242782
v 1.049060 2.896875 1.242782
v 1.087759 2.728125 1.317568
v 1.087759 2.896875 1.317568
v 1.100968 2.728125 1.294690
v 1.100968 2.896875 1.294690
v 1.171875 2.728125 1.340107
v 1.171875 2.896875 1.340107
v 1.171875 2.728125 1.313689
v 1.171875 2.896875 1.313689
v 1.255991 2.728125 1.317568
v 1.255991 2.896875 1.317568
v 1.242782 2.728125 1.294690
v 1.242782 2.896875 1.294690
v -1.087759 2.728125 1.317568
v -1.087759 2.896875 1.317568
v -1.100968 2.728125 1.294690
v -1.100968 2.896875 1.294690
v -1.171875 2.728125 1.340107
v -1.171875 2.896875 1.340107
v -1.171875 2.728125 1.313689
v -1.171875 2.896875 1.313689
v -1.255991 2.728125 1.317568
v -1.255991 2.896875 1.317568
v -1.242782 2.728125 1.294690
v -1.242782 2.896875 1.294690
v -1.317569 2.728125 1.255991
v -1.317569 2.896875 1.255991
v -1.294690 2.728125 1.242782
v -1.294690 2.896875 1.242782
v -1.340107 2.728125 1.171875
v -1.340107 2.896875 1.171875
v -1.313690 2.728125 1.171875
v -1.313690 2.896875 1.171875
v -1.317569 2.728125 1.087759
v -1.317569 2.896875 1.087759
v -1.294690 2.728125 1.100967
v -1.294690 2.896875 1.100967
v -1.255991 2.728125 1.026181
v -1.255991 2.896875 1.026181
v -1.242782 2.728125 1.049060
v -1.242782 2.896875 1.049060
v -1.171875 2.728125 1.003643
v -1.171875 2.896875 1.003643
v -1.171875 2.728125 1.030060
v -1.171875 2.896875 1.030060
v -1.087759 2.728125 1.026181
v -1.087759 2.896875 1.026181
v -1.100968 2.728125 1.049060
v -1.100968 2.896875 1.049060
v -1.026181 2.728125 1.087759
v -1.026181 2.896875 1.087759
v -1.049060 2.728125 1.100967
v -1.049060 2.896875 1.100967
v -1.003643 2.728125 1.171875
v -1.003643 2.896875 1.171875
v -1.030060 2.728125 1.171875
v -1.030060 2.896875 1.171875
v -1.026181 2.728125 1.255991
v -1.026181 2.896875 1.255991
v -1.049060 2.728125 1.242782
v -1.049060 2.896875 1.242782
v -1.317569 2.728125 -1.255991
v -1.317569 2.896875 -1.255991
v -1.294690 2.728125 -1.242783
v -1.294690 2.896875 -1.242783
v -1.340107 2.728125 -1.171875
v -1.340107 2.896875 -1.171875
v -1.313690 2.728125 -1.171875
v -1.313690 2.896875 -1.171875
v -1.317569 2.728125 -1.087759
v -1.317569 2.896875 -1.087759
v -1.294690 2.728125 -1.100968
v -1.294690 2.896875 -1.100968
v -1.255991 2.728125 -1.026182
v -1.255991 2.896875 -1.026182
v -1.242782 2.728125 -1.049060
v -1.242782 2.896875 -1.049060
v -1.171875 2.728125 -1.003643
v -1.171875 2.896875 -1.003643
v -1.171875 2.728125 -1.030061
v -1.171875 2.896875 -1.030061
v -1.087759 2.728125 -1.026182
v -1.087759 2.896875 -1.026182
v -1.100968 2.728125 -1.049060
v -1.100968 2.896875 -1.049060
v -1.026181 2.728125 -1.087759
v -1.026181 2.896875 -1.087759
v -1.049060 2.728125 -1.100968
v -1.049060 2.896875 -1.100968
v -1.003643 2.728125 -1.171875
v -1.003643 2.896875 -1.171875
v -1.030060 2.728125 -1.171875
v -1.030060 2.896875 -1.171875
v -1.026181 2.728125 -1.255991
v -1.026181 2.896875 -1.255991
v -1.049060 2.728125 -1.242783
v -1.049060 2.896875 -1.242783
v -1.087759 2.728125 -1.317569
v -1.087759 2.896875 -1.317569
v -1.100968 2.728125 -1.294690
v -1.100968 2.896875 -1.294690
v -1.171875 2.728125 -1.340107
v -1.171875 2.896875 -1.340107
v -1.171875 2.728125 -1.313690
v -1.171875 2.896875 -1.313690
v -1.255991 2.728125 -1.317569
v -1.255991 2.896875 -1.317569
v -1.242782 2.728125 -1.294690
v -1.242782 2.896875 -1.294690
v 1.087759 2.728125 -1.317569
v 1.087759 2.896875 -1.317569
v 1.100968 2.728125 -1.294690
v 1.100968 2.896875 -1.294690
v 1.171875 2.728125 -1.340107
v 1.171875 2.896875 -1.340107
v 1.171875 2.728125 -1.313690
v 1.171875 2.896875 -1.313690
v 1.255991 2.728125 -1.317569
v 1.255991 2.896875 -1.317569
v 1.242782 2.728125 -1.294690
v 1.242782 2.896875 -1.294690
v 1.317569 2.728125 -1.255991
v 1.317569 2.896875 -1.255991
v 1.294690 2.728125 -1.242783
v 1.294690 2.896875 -1.242783
v 1.340107 2.728125 -1.171875
v 1.340107 2.896875 -1.171875
v 1.313690 2.728125 -1.171875
v 1.313690 2.896875 -1.171875
v 1.317569 2.728125 -1.087759
v 1.317569 2.896875 -1.087759
v 1.294690 2.728125 -1.100968
v 1.294690 2.896875 -1.100968
v 1.255991 2.728125 -1.026182
v 1.255991 2.896875 -1.026182
v 1.242782 2.728125 -1.049060
v 1.242782 2.896875 -1.049060
v 1.171875 2.728125 -1.003643
v 1.171875 2.896875 -1.003643
v 1.171875 2.728125 -1.030061
v 1.171875 2.896875 -1.030061
v 1.087759 2.728125 -1.026182
v 1.087759 2.896875 -1.026182
v 1.100968 2.728125 -1.049060
v 1.100968 2.896875 -1.049060
v 1.026181 2.728125 -1.087759
v 1.026181 2.896875 -1.087759
v 1.049060 2.728125 -1.100968
v 1.049060 2.896875 -1.100968
v 1.003643 2.728125 -1.171875
v 1.003643 2.896875 -1.171875
v 1.030060 2.728125 -1.171875
v 1.030060 2.896875 -1.171875
v 1.026181 2.728125 -1.255991
v 1.026181 2.896875 -1.255991
v 1.049060 2.728125 -1.242783
v 1.049060 2.896875 -1.242783
v 1.311965 2.695625 1.252756
v 1.311965 3.258125 1.252756
v 1.260871 2.695625 1.223257
v 1.260871 3.258125 1.223257
v 1.333637 2.695625 1.171875
v 1.333637 3.258125 1.171875
v 1.274639 2.695625 1.171875
v 1.274639 3.258125 1.171875
v 1.311965 2.695625 1.090994
v 1.311965 3.258125 1.090994
v 1.260871 2.695625 1.120493
v 1.260871 3.258125 1.120493
v 1.252756 2.695625 1.031785
v 1.252756 3.258125 1.031785
v 1.223257 2.695625 1.082879
v 1.223257 3.258125 1.082879
v 1.171875 2.695625 1.010113
v 1.171875 3.258125 1.010113
v 1.171875 2.695625 1.069111
v 1.171875 3.258125 1.069111
v 1.090994 2.695625 1.031785
v 1.090994 3.258125 1.031785
v 1.120493 2.695625 1.082879
v 1.120493 3.258125 1.082879
v 1.031785 2.695625 1.090994
v 1.031785 3.258125 1.090994
v 1.082879 2.695625 1.120493
v 1.082879 3.258125 1.120493
v 1.010113 2.695625 1.171875
v 1.010113 3.258125 1.171875
v 1.069111 2.695625 1.171875
v 1.069111 3.258125 1.171875
v 1.031785 2.695625 1.252756
v 1.031785 3.258125 1.252756
v 1.082879 2.695625 1.223257
v 1.082879 3.258125 1.223257
v 1.090994 2.695625 1.311965
v 1.090994 3.258125 1.311965
v 1.120493 2.695625 1.260870
v 1.120493 3.258125 1.260870
v 1.171875 2.695625 1.333637
v 1.171875 3.258125 1.333637
v 1.171875 2.695625 1.274639
v 1.171875 3.258125 1.274639
v 1.252756 2.695625 1.311965
v 1.252756 3.258125 1.311965
v 1.223257 2.695625 1.260870
v 1.223257 3.258125 1.260870
v 1.250000 1.000000 0.517767
v 0.517767 1.000000 1.250000
v 0.000000 1.000000 -0.000000
v 1.250000 3.625000 0.517767
v 0.517767 3.625000 1.250000
v 0.000000 3.625000 -0.000000
v 1.250000 1.000000 -0.517767
v 1.250000 3.625000 -0.517767
v 0.517767 1.000000 -1.250000
v 0.517767 3.625000 -1.250000
v -0.517767 1.000000 -1.250000
v -0.517767 3.625000 -1.250000
v -1.250000 1.000000 -0.517767
v -1.250000 3.625000 -0.517767
v -1.250000 1.000000 0.517767
v -1.250000 3.625000 0.517767
v -0.517767 1.000000 1.250000
v -0.517767 3.625000 1.250000
v -0.456853 1.562500 1.250000
v 0.456853 1.562500 1.250000
v 0.456853 2.062500 1.250000
v -0.456853 2.062500 1.250000
v -1.171875 1.945625 1.171875
v -1.171875 2.695625 1.171875
v -1.090994 1.945625 1.031785
v -1.090994 2.695625 1.031785
v -1.171875 1.945625 1.010113
v -1.171875 2.695625 1.010113
v -1.252756 1.945625 1.031785
v -1.252756 2.695625 1.031785
v -1.311965 1.945625 1.090994
v -1.311965 2.695625 1.090994
v -1.333637 1.945625 1.171875
v -1.333637 2.695625 1.171875
v -1.311965 1.945625 1.252756
v -1.311965 2.695625 1.252756
v -1.252756 1.945625 1.311965
v -1.252756 2.695625 1.311965
v -1.171875 1.945625 1.333637
v -1.171875 2.695625 1.333637
v -1.090994 1.945625 1.311965
v -1.090994 2.695625 1.311965
v -1.031785 1.945625 1.252756
v -1.031785 2.695625 1.252756
v -1.010113 1.945625 1.171875
v -1.010113 2.695625 1.171875
v -1.031785 1.945625 1.090994
v -1.031785 2.695625 1.090994
v -1.311965 2.695625 1.252756
v -1.311965 3.258125 1.252756
v -1.260871 2.695625 1.223257
v -1.260871 3.258125 1.223257
v -1.333637 2.695625 1.171875
v -1.333637 3.258125 1.171875
v -1.274639 2.695625 1.171875
v -1.274639 3.258125 1.171875
v -1.311965 2.695625 1.090994
v -1.311965 3.258125 1.090994
v -1.260871 2.695625 1.120493
v -1.260871 3.258125 1.120493
v -1.252756 2.695625 1.031785
v -1.252756 3.258125 1.031785
v -1.223257 2.695625 1.082879
v -1.223257 3.258125 1.082879
v -1.171875 2.695625 1.010113
v -1.171875 3.258125 1.010113
v -1.171875 2.695625 1.069111
v -1.171875 3.258125 1.069111
v -1.090994 2.695625 1.031785
v -1.090994 3.258125 1.031785
v -1.120493 2.695625 1.082879
v -1.120493 3.258125 1.082879
v -1.031785 2.695625 1.090994
v -1.031785 3.258125 1.090994
v -1.082879 2.695625 1.120493
v -1.082879 3.258125 1.120493
v -1.010113 2.695625 1.171875
v -1.010113 3.258125 1.171875
v -1.069111 2.695625 1.171875
v -1.069111 3.258125 1.171875
v -1.031785 2.695625 1.252756
v -1.031785 3.258125 1.252756
v -1.082879 2.695625 1.223257
v -1.082879 3.258125 1.223257
v -1.090994 2.695625 1.311965
v -1.090994 3.258125 1.311965
v -1.120493 2.695625 1.260870
v -1.120493 3.258125 1.260870
v -1.171875 2.695625 1.333637
v -1.171875 3.258125 1.333637
v -1.171875 2.695625 1.274639
v -1.171875 3.258125 1.274639
v -1.252756 2.695625 1.311965
v -1.252756 3.258125 1.311965
v -1.223257 2.695625 1.260870
v -1.223257 3.258125 1.260870
v -1.171875 1.945625 -1.171875
v -1.171875 2.695625 -1.171875
v -1.090994 1.945625 -1.031785
v -1.090994 2.695625 -1.031785
v -1.171875 1.945625 -1.010113
v -1.171875 2.695625 -1.010113
v -1.252756 1.945625 -1.031785
v -1.252756 2.695625 -1.031785
v -1.311965 1.945625 -1.090994
v -1.311965 2.695625 -1.090994
v -1.333637 1.945625 -1.171875
v -1.333637 2.695625 -1.171875
v -1.311965 1.945625 -1.252756
v -1.311965 2.695625 -1.252756
v -1.252756 1.945625 -1.311965
v -1.252756 2.695625 -1.311965
v -1.171875 1.945625 -1.333637
v -1.171875 2.695625 -1.333637
v -1.090994 1.945625 -1.311965
v -1.090994 2.695625 -1.311965
v -1.031785 1.945625 -1.252756
v -1.031785 2.695625 -1.252756
v -1.010113 1.945625 -1.171875
v -1.010113 2.695625 -1.171875
v -1.031785 1.945625 -1.090994
v -1.031785 2.695625 -1.090994
v -1.311965 2.695625 -1.252756
v -1.311965 3.258125 -1.252756
v -1.260871 2.695625 -1.223257
v -1.260871 3.258125 -1.223257
v -1.333637 2.695625 -1.171875
v -1.333637 3.258125 -1.171875
v -1.274639 2.695625 -1.171875
v -1.274639 3.258125 -1.171875
v -1.311965 2.695625 -1.090994
v -1.311965 3.258125 -1.090994
v -1.260871 2.695625 -1.120493
v -1.260871 3.258125 -1.120493
v -1.252756 2.695625 -1.031785
v -1.252756 3.258125 -1.031785
v -1.223257 2.695625 -1.082880
v -1.223257 3.258125 -1.082880
v -1.171875 2.695625 -1.010113
v -1.171875 3.258125 -1.010113
v -1.171875 2.695625 -1.069111
v -1.171875 3.258125 -1.069111
v -1.090994 2.695625 -1.031785
v -1.090994 3.258125 -1.031785
v -1.120493 2.695625 -1.082880
v -1.120493 3.258125 -1.082880
v -1.031785 2.695625 -1.090994
v -1.031785 3.258125 -1.090994
v -1.082879 2.695625 -1.120493
v -1.082879 3.258125 -1.120493
v -1.010113 2.695625 -1.171875
v -1.010113 3.258125 -1.171875
v -1.069111 2.695625 -1.171875
v -1.069111 3.258125 -1.171875
v -1.031785 2.695625 -1.252756
v -1.031785 3.258125 -1.252756
v -1.082879 2.695625 -1.223257
v -1.082879 3.258125 -1.223257
v -1.090994 2.695625 -1.311965
v -1.090994 3.258125 -1.311965
v -1.120493 2.695625 -1.260871
v -1.120493 3.258125 -1.260871
v -1.171875 2.695625 -1.333637
v -1.171875 3.258125 -1.333637
v -1.171875 2.695625 -1.274639
v -1.171875 3.258125 -1.274639
v -1.252756 2.695625 -1.311965
v -1.252756 3.258125 -1.311965
v -1.223257 2.695625 -1.260871
v -1.223257 3.258125 -1.260871
v 1.171875 1.945625 -1.171875
v 1.171875 2.695625 -1.171875
v 1.090994 1.945625 -1.031785
v 1.090994 2.695625 -1.031785
v 1.171875 1.945625 -1.010113
v 1.171875 2.695625 -1.010113
v 1.252756 1.945625 -1.031785
v 1.252756 2.695625 -1.031785
v 1.311965 1.945625 -1.090994
v 1.311965 2.695625 -1.090994
v 1.333637 1.945625 -1.171875
v 1.333637 2.695625 -1.171875
v 1.311965 1.945625 -1.252756
v 1.311965 2.695625 -1.252756
v 1.252756 1.945625 -1.311965
v 1.252756 2.695625 -1.311965
v 1.171875 1.945625 -1.333637
v 1.171875 2.695625 -1.333637
v 1.090994 1.945625 -1.311965
v 1.090994 2.695625 -1.311965
v 1.031785 1.945625 -1.252756
v 1.031785 2.695625 -1.252756
v 1.010113 1.945625 -1.171875
v 1.010113 2.695625 -1.171875
v 1.031785 1.945625 -1.090994
v 1.031785 2.695625 -1.090994
v 1.311965 2.695625 -1.252756
v 1.311965 3.258125 -1.252756
v 1.260871 2.695625 -1.223257
v 1.260871 3.258125 -1.223257
v 1.333637 2.695625 -1.171875
v 1.333637 3.258125 -1.171875
v 1.274639 2.695625 -1.171875
v 1.274639 3.258125 -1.171875
v 1.311965 2.695625 -1.090994
v 1.311965 3.258125 -1.090994
v 1.260871 2.695625 -1.120493
v 1.260871 3.258125 -1.120493
v 1.252756 2.695625 -1.031785
v 1.252756 3.258125 -1.031785
v 1.223257 2.695625 -1.082880
v 1.223257 3.258125 -1.082880
v 1.171875 2.695625 -1.010113
v 1.171875 3.258125 -1.010113
v 1.171875 2.695625 -1.069111
v 1.171875 3.258125 -1.069111
v 1.090994 2.695625 -1.031785
v 1.090994 3.258125 -1.031785
v 1.120493 2.695625 -1.082880
v 1.120493 3.258125 -1.082880
v 1.031785 2.695625 -1.090994
v 1.031785 3.258125 -1.090994
v 1.082879 2.695625 -1.120493
v 1.082879 3.258125 -1.120493
v 1.010113 2.695625 -1.171875
v 1.010113 3.258125 -1.171875
v 1.069111 2.695625 -1.171875
v 1.069111 3.258125 -1.171875
v 1.031785 2.695625 -1.252756
v 1.031785 3.258125 -1.252756
v 1.082879 2.695625 -1.223257
v 1.082879 3.258125 -1.223257
v 1.090994 2.695625 -1.311965
v 1.090994 3.258125 -1.311965
v 1.120493 2.695625 -1.260871
v 1.120493 3.258125 -1.260871
v 1.171875 2.695625 -1.333637
v 1.171875 3.258125 -1.333637
v 1.171875 2.695625 -1.274639
v 1.171875 3.258125 -1.274639
v 1.252756 2.695625 -1.311965
v 1.252756 3.258125 -1.311965
v 1.223257 2.695625 -1.260871
v 1.223257 3.258125 -1.260871
v 0.000000 2.606617 1.343750
v 0.000000 2.606617 0.968750
v -0.066987 2.474265 1.343750
v -0.066987 2.474265 0.968750
v -0.183013 2.509729 1.343750
v -0.183013 2.509729 0.968750
v -0.250000 2.601867 1.343750
v -0.250000 2.601867 0.968750
v -0.250000 2.743722 1.343750
v -0.250000 2.743722 0.968750
v -0.183013 2.866573 1.343750
v -0.183013 2.866573 0.968750
v -0.066987 2.937500 1.343750
v -0.066987 2.937500 0.968750
v 0.066987 2.937500 1.343750
v 0.066987 2.937500 0.968750
v 0.183013 2.866573 1.343750
v 0.183013 2.866573 0.968750
v 0.250000 2.743722 1.343750
v 0.250000 2.743722 0.968750
v 0.250000 2.601867 1.343750
v 0.250000 2.601867 0.968750
v 0.183013 2.509729 1.343750
v 0.183013 2.509729 0.968750
v 0.066987 2.474265 1.343750
v 0.066987 2.474265 0.968750
v -0.125000 2.507353 1.156250
v -0.125000 2.507353 1.343750
v -0.093750 2.375000 1.156250
v -0.093750 2.375000 1.281250
v 0.125000 2.507353 1.156250
v 0.125000 2.507353 1.343750
v 0.093750 2.375000 1.156250
v 0.093750 2.375000 1.281250
v -0.031250 2.478018 1.223100
v -0.031250 2.469380 1.347031
v 0.000000 2.609238 1.255732
v 0.000000 2.600601 1.379662
v 0.031250 2.478018 1.223100
v 0.031250 2.469380 1.347031
v -0.187500 2.573529 1.156250
v -0.187500 2.573529 1.218750
v -0.156250 2.441176 1.156250
v -0.156250 2.441176 1.218750
v -0.125000 2.573529 1.156250
v -0.125000 2.573529 1.281250
v -0.093750 2.441176 1.156250
v -0.093750 2.441176 1.281250
v 0.125000 2.573529 1.156250
v 0.125000 2.573529 1.281250
v 0.093750 2.441176 1.156250
v 0.093750 2.441176 1.281250
v 0.187500 2.573529 1.156250
v 0.187500 2.573529 1.218750
v 0.156250 2.441176 1.156250
v 0.156250 2.441176 1.218750
v 0.156250 2.705883 1.231250
v 0.156250 2.705883 1.356250
v 0.031250 2.672794 1.231250
v 0.031250 2.672794 1.356250
v 0.156250 2.573529 1.231250
v 0.156250 2.573529 1.356250
v 0.031250 2.606617 1.231250
v 0.031250 2.606617 1.356250
v -0.062500 2.639706 1.231250
v -0.062500 2.639706 1.356250
v -0.156250 2.672794 1.231250
v -0.156250 2.672794 1.356250
v -0.062500 2.606617 1.231250
v -0.062500 2.606617 1.356250
v -0.156250 2.606617 1.231250
v -0.156250 2.606617 1.356250
v -1.348927 1.344375 -1.348928
v -1.408408 1.344375 -1.398837
v -1.425393 1.344375 -1.362411
v -1.421891 1.344375 -1.322371
v -1.398837 1.344375 -1.289448
v -1.362411 1.344375 -1.272462
v -1.322371 1.344375 -1.275964
v -1.289447 1.344375 -1.299018
v -1.272462 1.344375 -1.335445
v -1.275964 1.344375 -1.375484
v -1.299018 1.344375 -1.408408
v -1.335444 1.344375 -1.425394
v -1.375484 1.344375 -1.421891
v -1.374402 1.277757 -1.341141
v -1.402524 1.286234 -1.366258
v -1.373484 1.646909 -1.287461
v -1.410284 1.285304 -1.348894
v -1.381245 1.645979 -1.270097
v -1.408431 1.282352 -1.329453
v -1.379391 1.643028 -1.250656
v -1.397459 1.278169 -1.313143
v -1.368420 1.638845 -1.234348
v -1.380309 1.273875 -1.304337
v -1.351270 1.634551 -1.225541
v -1.361577 1.270622 -1.305392
v -1.332538 1.631297 -1.226595
v -1.346281 1.269281 -1.316026
v -1.317242 1.629956 -1.237229
v -1.338520 1.270210 -1.333390
v -1.309481 1.630885 -1.254594
v -1.340374 1.273162 -1.352831
v -1.311334 1.633837 -1.274035
v -1.351345 1.277345 -1.369140
v -1.322306 1.638021 -1.290344
v -1.368495 1.281639 -1.377947
v -1.339456 1.642314 -1.299151
v -1.387227 1.284892 -1.376892
v -1.358188 1.645567 -1.298096
v -1.276082 1.778904 -1.285305
v -1.293231 1.783197 -1.294112
v -1.311964 1.786451 -1.293057
v -1.327260 1.787792 -1.282423
v -1.335021 1.786862 -1.265059
v -1.333167 1.783911 -1.245618
v -1.322195 1.779728 -1.229309
v -1.305046 1.775434 -1.220502
v -1.286313 1.772181 -1.221557
v -1.271018 1.770839 -1.232191
v -1.263256 1.771769 -1.249555
v -1.265110 1.774721 -1.268996
v -1.228237 1.864599 -1.295512
v -1.245386 1.868892 -1.304319
v -1.251294 1.865010 -1.267514
v -1.264119 1.872146 -1.303264
v -1.279415 1.873487 -1.292630
v -1.287176 1.872557 -1.275266
v -1.285322 1.869606 -1.255825
v -1.274350 1.865422 -1.239516
v -1.257201 1.861129 -1.230709
v -1.238469 1.857875 -1.231764
v -1.223173 1.856534 -1.242398
v -1.215412 1.857464 -1.259762
v -1.217266 1.860415 -1.279203
v -1.256618 1.596249 -1.355850
v -1.263655 1.596777 -1.340662
v -1.262439 1.595069 -1.324047
v -1.253297 1.591584 -1.310457
v -1.238676 1.587253 -1.303531
v -1.222496 1.583239 -1.305128
v -1.209092 1.580617 -1.314818
v -1.202054 1.580089 -1.330005
v -1.203271 1.581797 -1.346621
v -1.212413 1.585283 -1.360211
v -1.227033 1.589613 -1.367137
v -1.243214 1.593627 -1.365540
v -1.201321 1.724694 -1.349787
v -1.217501 1.728707 -1.348191
v -1.230906 1.731329 -1.338501
v -1.237943 1.731857 -1.323314
v -1.236727 1.730150 -1.306698
v -1.227585 1.726664 -1.293108
v -1.212964 1.722334 -1.286182
v -1.196784 1.718320 -1.287779
v -1.183379 1.715698 -1.297469
v -1.176342 1.715170 -1.312656
v -1.177559 1.716878 -1.329272
v -1.186701 1.720364 -1.342862
v -1.183290 1.869326 -1.258126
v -1.169885 1.866704 -1.267815
v -1.193648 1.874519 -1.288332
v -1.187828 1.875699 -1.320134
v -1.204007 1.879713 -1.318538
v -1.173206 1.871369 -1.313209
v -1.164064 1.867883 -1.299618
v -1.162848 1.866176 -1.283003
v -1.199470 1.873339 -1.256529
v -1.214090 1.877669 -1.263454
v -1.223233 1.881155 -1.277045
v -1.224449 1.882863 -1.293661
v -1.217412 1.882335 -1.308847
v -1.365919 1.277765 -1.396132
v -1.373718 1.276075 -1.381226
v -1.373190 1.272361 -1.364864
v -1.364137 1.268613 -1.351307
v -1.348959 1.265908 -1.344175
v -1.331567 1.265425 -1.345326
v -1.317119 1.265847 -1.354631
v -1.309199 1.267887 -1.369493
v -1.310106 1.270496 -1.385995
v -1.319288 1.273869 -1.399600
v -1.334738 1.275781 -1.406831
v -1.351834 1.277126 -1.405572
v -1.347443 1.281250 -1.346807
v -1.347443 1.343750 -1.346807
v -1.416119 1.281250 -1.403280
v -1.416119 1.343750 -1.403280
v -1.436814 1.281250 -1.360773
v -1.436814 1.343750 -1.360773
v -1.433562 1.281250 -1.314522
v -1.433562 1.343750 -1.314522
v -1.407234 1.281250 -1.276923
v -1.407234 1.343750 -1.276923
v -1.364886 1.281250 -1.258049
v -1.364886 1.343750 -1.258049
v -1.317864 1.281250 -1.262958
v -1.317864 1.343750 -1.262958
v -1.278767 1.281250 -1.290334
v -1.278767 1.343750 -1.290334
v -1.258072 1.281250 -1.332841
v -1.258072 1.343750 -1.332841
v -1.261323 1.281250 -1.379091
v -1.261323 1.343750 -1.379091
v -1.287650 1.281250 -1.416691
v -1.287650 1.343750 -1.416691
v -1.329999 1.281250 -1.435565
v -1.329999 1.343750 -1.435565
v -1.377022 1.281250 -1.430656
v -1.377022 1.343750 -1.430656
v -1.252425 1.281250 -1.278594
v -1.231730 1.281250 -1.321101
v -1.231730 1.343750 -1.321101
v -1.252425 1.343750 -1.278594
v -1.362863 1.281250 -1.229281
v -1.315841 1.281250 -1.234190
v -1.315841 1.343750 -1.234190
v -1.362863 1.343750 -1.229281
v -1.457880 1.281250 -1.297494
v -1.431553 1.281250 -1.259895
v -1.431553 1.343750 -1.259895
v -1.457880 1.343750 -1.297494
v -1.442460 1.281250 -1.415020
v -1.463155 1.281250 -1.372512
v -1.463155 1.343750 -1.372512
v -1.442460 1.343750 -1.415020
v -1.332022 1.281250 -1.464333
v -1.379044 1.281250 -1.459424
v -1.379044 1.343750 -1.459424
v -1.332022 1.343750 -1.464333
v -1.237004 1.281250 -1.396119
v -1.263332 1.281250 -1.433719
v -1.263332 1.343750 -1.433719
v -1.237004 1.343750 -1.396119
v -1.229626 0.722519 -1.186253
v -1.352236 1.309827 -1.361356
v -1.310214 0.686179 -1.251709
v -1.405961 1.285601 -1.404994
v -1.335263 0.695917 -1.201511
v -1.422660 1.292092 -1.371529
v -1.332006 0.712782 -1.147225
v -1.420489 1.303336 -1.335338
v -1.301317 0.732256 -1.103396
v -1.400029 1.316319 -1.306118
v -1.251418 0.749122 -1.081768
v -1.366763 1.327562 -1.291700
v -1.195680 0.758859 -1.088137
v -1.329605 1.334054 -1.295946
v -1.149038 0.758859 -1.120796
v -1.298510 1.334054 -1.317719
v -1.123989 0.749122 -1.170994
v -1.281811 1.327562 -1.351184
v -1.127247 0.732256 -1.225281
v -1.283983 1.316319 -1.387375
v -1.157936 0.712782 -1.269109
v -1.304443 1.303336 -1.416594
v -1.207834 0.695917 -1.290737
v -1.337708 1.292092 -1.431013
v -1.263572 0.686179 -1.284368
v -1.374866 1.285601 -1.426767
v -1.242073 1.813565 -1.276004
v -1.228822 1.873935 -1.285282
v -1.245102 1.871408 -1.296773
v -1.258795 1.861470 -1.303941
v -1.266232 1.846784 -1.304867
v -1.265421 1.831285 -1.299302
v -1.256577 1.819126 -1.288737
v -1.250253 1.874035 -1.287032
v -1.267716 1.866021 -1.287070
v -1.276534 1.852039 -1.285386
v -1.274342 1.835836 -1.282431
v -1.261729 1.821754 -1.278997
v -1.249899 1.875552 -1.276657
v -1.267105 1.868649 -1.269099
v -1.275827 1.855073 -1.264635
v -1.273730 1.838464 -1.264460
v -1.261375 1.823271 -1.268621
v -1.244136 1.875552 -1.268426
v -1.257123 1.868649 -1.254843
v -1.264301 1.855073 -1.248173
v -1.263748 1.838464 -1.250204
v -1.255612 1.823271 -1.260391
v -1.234507 1.874035 -1.264545
v -1.240444 1.866021 -1.248122
v -1.245043 1.852039 -1.240412
v -1.247070 1.835836 -1.243483
v -1.245983 1.821754 -1.256510
v -1.223592 1.871408 -1.266054
v -1.221540 1.861470 -1.250735
v -1.223213 1.846784 -1.243430
v -1.228165 1.831285 -1.246096
v -1.235068 1.819126 -1.258019
v -1.214317 1.868374 -1.272549
v -1.205474 1.856215 -1.261985
v -1.204663 1.840716 -1.256420
v -1.212099 1.826030 -1.257345
v -1.225793 1.816092 -1.264514
v -1.209166 1.865746 -1.282289
v -1.196553 1.851664 -1.278855
v -1.194360 1.835461 -1.275900
v -1.203178 1.821479 -1.274216
v -1.220641 1.813464 -1.274254
v -1.209519 1.864229 -1.292665
v -1.197164 1.849036 -1.296826
v -1.195067 1.832427 -1.296651
v -1.203790 1.818851 -1.292187
v -1.220995 1.811947 -1.284630
v -1.215282 1.864229 -1.300896
v -1.207147 1.849036 -1.311082
v -1.206594 1.832427 -1.313113
v -1.213772 1.818851 -1.306443
v -1.226758 1.811947 -1.292860
v -1.224912 1.865746 -1.304777
v -1.223825 1.851664 -1.317804
v -1.225851 1.835461 -1.320875
v -1.230450 1.821479 -1.313164
v -1.236387 1.813464 -1.296742
v -1.235826 1.868374 -1.303267
v -1.242729 1.856215 -1.315191
v -1.247681 1.840716 -1.317856
v -1.249354 1.826030 -1.310551
v -1.247302 1.816092 -1.295232
v -1.249885 1.871694 -1.301082
v -1.236727 1.898519 -1.291148
v -1.327339 1.977406 -1.363575
v -1.300187 1.966425 -1.327890
v -1.342470 1.906226 -1.294299
v -1.324134 1.949309 -1.276590
v -1.338687 1.880463 -1.266752
v -1.320350 1.923545 -1.249043
v -1.320157 1.860443 -1.237235
v -1.303546 1.898106 -1.222118
v -1.290027 1.840621 -1.222198
v -1.273417 1.878284 -1.207080
v -1.243383 1.826129 -1.233944
v -1.226773 1.863792 -1.218827
v -1.210440 1.827240 -1.270891
v -1.193830 1.864904 -1.255774
v -1.160751 1.826323 -1.313050
v -1.144141 1.863987 -1.297933
v -1.137688 1.827100 -1.330608
v -1.134657 1.879632 -1.296882
v -1.171348 1.883154 -1.368739
v -1.153187 1.899651 -1.326399
v -1.212692 1.944667 -1.423128
v -1.197654 1.942786 -1.382066
v -1.275954 1.990363 -1.416169
v -1.253827 1.968909 -1.361561
v -1.109181 1.875006 -1.350052
v -1.123101 1.890045 -1.372226
v -1.120677 1.932070 -1.345245
v -1.106757 1.917031 -1.323072
v -1.060527 1.944586 -1.340213
v -1.069837 1.954644 -1.355042
v -1.090240 1.964087 -1.335829
v -1.080929 1.954029 -1.321000
v -1.060980 1.996840 -1.304487
v -1.070290 2.006899 -1.319317
v -1.087575 1.999748 -1.313315
v -1.078266 1.989691 -1.298485
v -1.210025 1.991999 -1.448083
v -1.247283 1.998746 -1.433756
v -1.232750 2.008706 -1.400652
v -1.195493 2.001959 -1.414979
v -1.199162 2.024021 -1.448690
v -1.235492 2.031036 -1.432264
v -1.222615 2.033871 -1.402005
v -1.186285 2.026856 -1.418431
v -1.173230 2.072039 -1.420147
v -1.207906 2.077716 -1.400040
v -1.200866 2.062653 -1.381130
v -1.176782 2.057191 -1.394602
v -1.146009 2.101847 -1.339796
v -1.179248 2.108243 -1.322854
v -1.179074 2.082902 -1.334699
v -1.161797 2.076935 -1.341813
v -1.288354 2.008929 -1.414487
v -1.328723 2.012724 -1.388132
v -1.308492 2.022828 -1.356956
v -1.268123 2.019033 -1.383311
v -1.287202 2.049371 -1.418058
v -1.327527 2.053933 -1.391755
v -1.308372 2.045832 -1.359339
v -1.268047 2.041270 -1.385642
v -1.218463 2.119856 -1.317293
v -1.258144 2.124989 -1.290159
v -1.246567 2.106315 -1.288745
v -1.227969 2.101473 -1.302446
v -1.341220 1.997374 -1.340062
v -1.364404 1.990830 -1.302582
v -1.351331 2.023182 -1.288847
v -1.328147 2.029726 -1.326327
v -1.345885 2.065241 -1.342031
v -1.377536 2.062662 -1.310780
v -1.352415 2.049115 -1.286456
v -1.320764 2.051693 -1.317707
v -1.296774 2.125169 -1.259631
v -1.320986 2.122977 -1.236369
v -1.311087 2.093570 -1.243706
v -1.297417 2.095907 -1.260252
v 0.703125 1.657820 0.703125
v 1.171875 2.320733 1.171875
v 0.622244 1.657820 0.563035
v 1.089810 2.320733 1.032969
v 0.703125 1.657820 0.541363
v 1.168639 2.320733 1.013348
v 0.784006 1.657820 0.563035
v 1.248337 2.320733 1.036204
v 0.843215 1.657820 0.622244
v 1.307545 2.320733 1.095413
v 0.864887 1.657820 0.703125
v 1.330402 2.320733 1.175110
v 0.843215 1.657820 0.784006
v 1.310781 2.320733 1.253940
v 0.784006 1.657820 0.843215
v 1.253940 2.320733 1.310781
v 0.703125 1.657820 0.864887
v 1.175111 2.320733 1.330402
v 0.622244 1.657820 0.843215
v 1.095413 2.320733 1.307545
v 0.563035 1.657820 0.784006
v 1.036205 2.320733 1.248337
v 0.541363 1.657820 0.703125
v 1.013348 2.320733 1.168639
v 0.563035 1.657820 0.622244
v 1.032969 2.320733 1.089810
v 0.703125 2.032820 0.703125
v 1.171875 2.695733 1.171875
v 0.622244 2.032820 0.563035
v 1.089810 2.695733 1.032969
v 0.703125 2.032820 0.541362
v 1.168639 2.695733 1.013348
v 0.784006 2.032820 0.563035
v 1.248337 2.695733 1.036204
v 0.843215 2.032820 0.622244
v 1.307545 2.695733 1.095413
v 0.864887 2.032820 0.703125
v 1.330402 2.695733 1.175110
v 0.843215 2.032820 0.784006
v 1.310781 2.695733 1.253940
v 0.784006 2.032820 0.843215
v 1.253940 2.695733 1.310781
v 0.703125 2.032820 0.864887
v 1.175111 2.695733 1.330402
v 0.622244 2.032820 0.843215
v 1.095413 2.695733 1.307545
v 0.563035 2.032820 0.784006
v 1.036205 2.695733 1.248336
v 0.541363 2.032820 0.703125
v 1.013348 2.695733 1.168639
v 0.563035 2.032820 0.622244
v 1.032969 2.695733 1.089810
v -0.703125 1.282820 0.703125
v -1.171875 1.945733 1.171875
v -0.622244 1.282820 0.563035
v -1.090994 1.945733 1.031785
v -0.703125 1.282820 0.541363
v -1.171875 1.945733 1.010113
v -0.784006 1.282820 0.563035
v -1.252756 1.945733 1.031785
v -0.843215 1.282820 0.622244
v -1.311965 1.945733 1.090994
v -0.864887 1.282820 0.703125
v -1.333637 1.945733 1.171875
v -0.843215 1.282820 0.784006
v -1.311965 1.945733 1.252756
v -0.784006 1.282820 0.843215
v -1.252756 1.945733 1.311965
v -0.703125 1.282820 0.864887
v -1.171875 1.945733 1.333637
v -0.622244 1.282820 0.843215
v -1.090994 1.945733 1.311965
v -0.563035 1.282820 0.784006
v -1.031785 1.945733 1.252756
v -0.541363 1.282820 0.703125
v -1.010113 1.945733 1.171875
v -0.563035 1.282820 0.622244
v -1.031785 1.945733 1.090994
v -0.703125 1.657820 0.703125
v -1.171875 2.320733 1.171875
v -0.622244 1.657820 0.563035
v -1.089810 2.320733 1.032969
v -0.703125 1.657820 0.541363
v -1.168639 2.320733 1.013348
v -0.784006 1.657820 0.563035
v -1.248337 2.320733 1.036204
v -0.843215 1.657820 0.622244
v -1.307545 2.320733 1.095413
v -0.864887 1.657820 0.703125
v -1.330402 2.320733 1.175110
v -0.843215 1.657820 0.784006
v -1.310781 2.320733 1.253940
v -0.784006 1.657820 0.843215
v -1.253940 2.320733 1.310781
v -0.703125 1.657820 0.864887
v -1.175111 2.320733 1.330402
v -0.622244 1.657820 0.843215
v -1.095413 2.320733 1.307545
v -0.563035 1.657820 0.784006
v -1.036205 2.320733 1.248337
v -0.541363 1.657820 0.703125
v -1.013348 2.320733 1.168639
v -0.563035 1.657820 0.622244
v -1.032969 2.320733 1.089810
v -0.703125 2.032820 0.703125
v -1.171875 2.695733 1.171875
v -0.622244 2.032820 0.563035
v -1.089810 2.695733 1.032969
v -0.703125 2.032820 0.541362
v -1.168639 2.695733 1.013348
v -0.784006 2.032820 0.563035
v -1.248337 2.695733 1.036204
v -0.843215 2.032820 0.622244
v -1.307545 2.695733 1.095413
v -0.864887 2.032820 0.703125
v -1.330402 2.695733 1.175110
v -0.843215 2.032820 0.784006
v -1.310781 2.695733 1.253940
v -0.784006 2.032820 0.843215
v -1.253940 2.695733 1.310781
v -0.703125 2.032820 0.864887
v -1.175111 2.695733 1.330402
v -0.622244 2.032820 0.843215
v -1.095413 2.695733 1.307545
v -0.563035 2.032820 0.784006
v -1.036205 2.695733 1.248336
v -0.541363 2.032820 0.703125
v -1.013348 2.695733 1.168639
v -0.563035 2.032820 0.622244
v -1.032969 2.695733 1.089810
v -0.703125 1.282820 -0.703125
v -1.171875 1.945733 -1.171875
v -0.622244 1.282820 -0.563035
v -1.090994 1.945733 -1.031785
v -0.703125 1.282820 -0.541363
v -1.171875 1.945733 -1.010113
v -0.784006 1.282820 -0.563035
v -1.252756 1.945733 -1.031785
v -0.843215 1.282820 -0.622244
v -1.311965 1.945733 -1.090994
v -0.864887 1.282820 -0.703125
v -1.333637 1.945733 -1.171875
v -0.843215 1.282820 -0.784006
v -1.311965 1.945733 -1.252756
v -0.784006 1.282820 -0.843215
v -1.252756 1.945733 -1.311965
v -0.703125 1.282820 -0.864887
v -1.171875 1.945733 -1.333637
v -0.622244 1.282820 -0.843215
v -1.090994 1.945733 -1.311965
v -0.563035 1.282820 -0.784006
v -1.031785 1.945733 -1.252756
v -0.541363 1.282820 -0.703125
v -1.010113 1.945733 -1.171875
v -0.563035 1.282820 -0.622244
v -1.031785 1.945733 -1.090994
v -0.703125 1.657820 -0.703125
v -1.171875 2.320733 -1.171875
v -0.622244 1.657820 -0.563035
v -1.089810 2.320733 -1.032969
v -0.703125 1.657820 -0.541363
v -1.168639 2.320733 -1.013348
v -0.784006 1.657820 -0.563035
v -1.248337 2.320733 -1.036205
v -0.843215 1.657820 -0.622244
v -1.307545 2.320733 -1.095413
v -0.864887 1.657820 -0.703125
v -1.330402 2.320733 -1.175111
v -0.843215 1.657820 -0.784006
v -1.310781 2.320733 -1.253940
v -0.784006 1.657820 -0.843215
v -1.253940 2.320733 -1.310781
v -0.703125 1.657820 -0.864887
v -1.175111 2.320733 -1.330402
v -0.622244 1.657820 -0.843215
v -1.095413 2.320733 -1.307546
v -0.563035 1.657820 -0.784006
v -1.036205 2.320733 -1.248337
v -0.541363 1.657820 -0.703125
v -1.013348 2.320733 -1.168640
v -0.563035 1.657820 -0.622244
v -1.032969 2.320733 -1.089810
v -0.703125 2.032820 -0.703125
v -1.171875 2.695733 -1.171875
v -0.622244 2.032820 -0.563035
v -1.089810 2.695733 -1.032969
v -0.703125 2.032820 -0.541363
v -1.168639 2.695733 -1.013348
v -0.784006 2.032820 -0.563035
v -1.248337 2.695733 -1.036205
v -0.843215 2.032820 -0.622244
v -1.307545 2.695733 -1.095414
v -0.864887 2.032820 -0.703125
v -1.330402 2.695733 -1.175111
v -0.843215 2.032820 -0.784006
v -1.310781 2.695733 -1.253940
v -0.784006 2.032820 -0.843215
v -1.253940 2.695733 -1.310781
v -0.703125 2.032820 -0.864888
v -1.175111 2.695733 -1.330402
v -0.622244 2.032820 -0.843215
v -1.095413 2.695733 -1.307546
v -0.563035 2.032820 -0.784006
v -1.036205 2.695733 -1.248337
v -0.541363 2.032820 -0.703125
v -1.013348 2.695733 -1.168640
v -0.563035 2.032820 -0.622244
v -1.032969 2.695733 -1.089810
v 0.703125 1.282820 -0.703125
v 1.171875 1.945733 -1.171875
v 0.622244 1.282820 -0.563035
v 1.090994 1.945733 -1.031785
v 0.703125 1.282820 -0.541363
v 1.171875 1.945733 -1.010113
v 0.784006 1.282820 -0.563035
v 1.252756 1.945733 -1.031785
v 0.843215 1.282820 -0.622244
v 1.311965 1.945733 -1.090994
v 0.864887 1.282820 -0.703125
v 1.333637 1.945733 -1.171875
v 0.843215 1.282820 -0.784006
v 1.311965 1.945733 -1.252756
v 0.784006 1.282820 -0.843215
v 1.252756 1.945733 -1.311965
v 0.703125 1.282820 -0.864887
v 1.171875 1.945733 -1.333637
v 0.622244 1.282820 -0.843215
v 1.090994 1.945733 -1.311965
v 0.563035 1.282820 -0.784006
v 1.031785 1.945733 -1.252756
v 0.541363 1.282820 -0.703125
v 1.010113 1.945733 -1.171875
v 0.563035 1.282820 -0.622244
v 1.031785 1.945733 -1.090994
v 0.703125 1.657820 -0.703125
v 1.171875 2.320733 -1.171875
v 0.622244 1.657820 -0.563035
v 1.089810 2.320733 -1.032969
v 0.703125 1.657820 -0.541363
v 1.168639 2.320733 -1.013348
v 0.784006 1.657820 -0.563035
v 1.248337 2.320733 -1.036205
v 0.843215 1.657820 -0.622244
v 1.307545 2.320733 -1.095413
v 0.864887 1.657820 -0.703125
v 1.330402 2.320733 -1.175111
v 0.843215 1.657820 -0.784006
v 1.310781 2.320733 -1.253940
v 0.784006 1.657820 -0.843215
v 1.253940 2.320733 -1.310781
v 0.703125 1.657820 -0.864887
v 1.175111 2.320733 -1.330402
v 0.622244 1.657820 -0.843215
v 1.095413 2.320733 -1.307546
v 0.563035 1.657820 -0.784006
v 1.036205 2.320733 -1.248337
v 0.541363 1.657820 -0.703125
v 1.013348 2.320733 -1.168640
v 0.563035 1.657820 -0.622244
v 1.032969 2.320733 -1.089810
v 0.703125 2.032820 -0.703125
v 1.171875 2.695733 -1.171875
v 0.622244 2.032820 -0.563035
v 1.089810 2.695733 -1.032969
v 0.703125 2.032820 -0.541363
v 1.168639 2.695733 -1.013348
v 0.784006 2.032820 -0.563035
v 1.248337 2.695733 -1.036205
v 0.843215 2.032820 -0.622244
v 1.307545 2.695733 -1.095414
v 0.864887 2.032820 -0.703125
v 1.330402 2.695733 -1.175111
v 0.843215 2.032820 -0.784006
v 1.310781 2.695733 -1.253940
v 0.784006 2.032820 -0.843215
v 1.253940 2.695733 -1.310781
v 0.703125 2.032820 -0.864888
v 1.175111 2.695733 -1.330402
v 0.622244 2.032820 -0.843215
v 1.095413 2.695733 -1.307546
v 0.563035 2.032820 -0.784006
v 1.036205 2.695733 -1.248337
v 0.541363 2.032820 -0.703125
v 1.013348 2.695733 -1.168640
v 0.563035 2.032820 -0.622244
v 1.032969 2.695733 -1.089810
v 1.348927 1.344375 -1.348928
v 1.408408 1.344375 -1.398837
v 1.425393 1.344375 -1.362411
v 1.421891 1.344375 -1.322371
v 1.398837 1.344375 -1.289448
v 1.362411 1.344375 -1.272462
v 1.322371 1.344375 -1.275964
v 1.289447 1.344375 -1.299018
v 1.272462 1.344375 -1.335445
v 1.275964 1.344375 -1.375484
v 1.299018 1.344375 -1.408408
v 1.335444 1.344375 -1.425394
v 1.375484 1.344375 -1.421891
v 1.374402 1.277757 -1.341141
v 1.402524 1.286234 -1.366258
v 1.373484 1.646909 -1.287461
v 1.410284 1.285304 -1.348894
v 1.381245 1.645979 -1.270097
v 1.408431 1.282352 -1.329453
v 1.379391 1.643028 -1.250656
v 1.397459 1.278169 -1.313143
v 1.368420 1.638845 -1.234348
v 1.380309 1.273875 -1.304337
v 1.351270 1.634551 -1.225541
v 1.361577 1.270622 -1.305392
v 1.332538 1.631297 -1.226595
v 1.346281 1.269281 -1.316026
v 1.317242 1.629956 -1.237229
v 1.338520 1.270210 -1.333390
v 1.309481 1.630885 -1.254594
v 1.340374 1.273162 -1.352831
v 1.311334 1.633837 -1.274035
v 1.351345 1.277345 -1.369140
v 1.322306 1.638021 -1.290344
v 1.368495 1.281639 -1.377947
v 1.339456 1.642314 -1.299151
v 1.387227 1.284892 -1.376892
v 1.358188 1.645567 -1.298096
v 1.276082 1.778904 -1.285305
v 1.293231 1.783197 -1.294112
v 1.311964 1.786451 -1.293057
v 1.327260 1.787792 -1.282423
v 1.335021 1.786862 -1.265059
v 1.333167 1.783911 -1.245618
v 1.322195 1.779728 -1.229309
v 1.305046 1.775434 -1.220502
v 1.286313 1.772181 -1.221557
v 1.271018 1.770839 -1.232191
v 1.263256 1.771769 -1.249555
v 1.265110 1.774721 -1.268996
v 1.228237 1.864599 -1.295512
v 1.245386 1.868892 -1.304319
v 1.251294 1.865010 -1.267514
v 1.264119 1.872146 -1.303264
v 1.279415 1.873487 -1.292630
v 1.287176 1.872557 -1.275266
v 1.285322 1.869606 -1.255825
v 1.274350 1.865422 -1.239516
v 1.257201 1.861129 -1.230709
v 1.238469 1.857875 -1.231764
v 1.223173 1.856534 -1.242398
v 1.215412 1.857464 -1.259762
v 1.217266 1.860415 -1.279203
v 1.256618 1.596249 -1.355850
v 1.263655 1.596777 -1.340662
v 1.262439 1.595069 -1.324047
v 1.253297 1.591584 -1.310457
v 1.238676 1.587253 -1.303531
v 1.222496 1.583239 -1.305128
v 1.209092 1.580617 -1.314818
v 1.202054 1.580089 -1.330005
v 1.203271 1.581797 -1.346621
v 1.212413 1.585283 -1.360211
v 1.227033 1.589613 -1.367137
v 1.243214 1.593627 -1.365540
v 1.201321 1.724694 -1.349787
v 1.217501 1.728707 -1.348191
v 1.230906 1.731329 -1.338501
v 1.237943 1.731857 -1.323314
v 1.236727 1.730150 -1.306698
v 1.227585 1.726664 -1.293108
v 1.212964 1.722334 -1.286182
v 1.196784 1.718320 -1.287779
v 1.183379 1.715698 -1.297469
v 1.176342 1.715170 -1.312656
v 1.177559 1.716878 -1.329272
v 1.186701 1.720364 -1.342862
v 1.183290 1.869326 -1.258126
v 1.169885 1.866704 -1.267815
v 1.193648 1.874519 -1.288332
v 1.187828 1.875699 -1.320134
v 1.204007 1.879713 -1.318538
v 1.173206 1.871369 -1.313209
v 1.164064 1.867883 -1.299618
v 1.162848 1.866176 -1.283003
v 1.199470 1.873339 -1.256529
v 1.214090 1.877669 -1.263454
v 1.223233 1.881155 -1.277045
v 1.224449 1.882863 -1.293661
v 1.217412 1.882335 -1.308847
v 1.365919 1.277765 -1.396132
v 1.373718 1.276075 -1.381226
v 1.373190 1.272361 -1.364864
v 1.364137 1.268613 -1.351307
v 1.348959 1.265908 -1.344175
v 1.331567 1.265425 -1.345326
v 1.317119 1.265847 -1.354631
v 1.309199 1.267887 -1.369493
v 1.310106 1.270496 -1.385995
v 1.319288 1.273869 -1.399600
v 1.334738 1.275781 -1.406831
v 1.351834 1.277126 -1.405572
v 1.347443 1.281250 -1.346807
v 1.347443 1.343750 -1.346807
v 1.416119 1.281250 -1.403280
v 1.416119 1.343750 -1.403280
v 1.436814 1.281250 -1.360773
v 1.436814 1.343750 -1.360773
v 1.433562 1.281250 -1.314522
v 1.433562 1.343750 -1.314522
v 1.407234 1.281250 -1.276923
v 1.407234 1.343750 -1.276923
v 1.364886 1.281250 -1.258049
v 1.364886 1.343750 -1.258049
v 1.317864 1.281250 -1.262958
v 1.317864 1.343750 -1.262958
v 1.278767 1.281250 -1.290334
v 1.278767 1.343750 -1.290334
v 1.258072 1.281250 -1.332841
v 1.258072 1.343750 -1.332841
v 1.261323 1.281250 -1.379091
v 1.261323 1.343750 -1.379091
v 1.287650 1.281250 -1.416691
v 1.287650 1.343750 -1.416691
v 1.329999 1.281250 -1.435565
v 1.329999 1.343750 -1.435565
v 1.377022 1.281250 -1.430656
v 1.377022 1.343750 -1.430656
v 1.252425 1.281250 -1.278594
v 1.231730 1.281250 -1.321101
v 1.231730 1.343750 -1.321101
v 1.252425 1.343750 -1.278594
v 1.362863 1.281250 -1.229281
v 1.315841 1.281250 -1.234190
v 1.315841 1.343750 -1.234190
v 1.362863 1.343750 -1.229281
v 1.457880 1.281250 -1.297494
v 1.431553 1.281250 -1.259895
v 1.431553 1.343750 -1.259895
v 1.457880 1.343750 -1.297494
v 1.442460 1.281250 -1.415020
v 1.463155 1.281250 -1.372512
v 1.463155 1.343750 -1.372512
v 1.442460 1.343750 -1.415020
v 1.332022 1.281250 -1.464333
v 1.379044 1.281250 -1.459424
v 1.379044 1.343750 -1.459424
v 1.332022 1.343750 -1.464333
v 1.237004 1.281250 -1.396119
v 1.263332 1.281250 -1.433719
v 1.263332 1.343750 -1.433719
v 1.237004 1.343750 -1.396119
v 1.229626 0.722519 -1.186253
v 1.352236 1.309827 -1.361356
v 1.310214 0.686179 -1.251709
v 1.405961 1.285601 -1.404994
v 1.335263 0.695917 -1.201511
v 1.422660 1.292092 -1.371529
v 1.332006 0.712782 -1.147225
v 1.420489 1.303336 -1.335338
v 1.301317 0.732256 -1.103396
v 1.400029 1.316319 -1.306118
v 1.251418 0.749122 -1.081768
v 1.366763 1.327562 -1.291700
v 1.195680 0.758859 -1.088137
v 1.329605 1.334054 -1.295946
v 1.149038 0.758859 -1.120796
v 1.298510 1.334054 -1.317719
v 1.123989 0.749122 -1.170994
v 1.281811 1.327562 -1.351184
v 1.127247 0.732256 -1.225281
v 1.283983 1.316319 -1.387375
v 1.157936 0.712782 -1.269109
v 1.304443 1.303336 -1.416594
v 1.207834 0.695917 -1.290737
v 1.337708 1.292092 -1.431013
v 1.263572 0.686179 -1.284368
v 1.374866 1.285601 -1.426767
v 1.242073 1.813565 -1.276004
v 1.228822 1.873935 -1.285282
v 1.245102 1.871408 -1.296773
v 1.258795 1.861470 -1.303941
v 1.266232 1.846784 -1.304867
v 1.265421 1.831285 -1.299302
v 1.256577 1.819126 -1.288737
v 1.250253 1.874035 -1.287032
v 1.267716 1.866021 -1.287070
v 1.276534 1.852039 -1.285386
v 1.274342 1.835836 -1.282431
v 1.261729 1.821754 -1.278997
v 1.249899 1.875552 -1.276657
v 1.267105 1.868649 -1.269099
v 1.275827 1.855073 -1.264635
v 1.273730 1.838464 -1.264460
v 1.261375 1.823271 -1.268621
v 1.244136 1.875552 -1.268426
v 1.257123 1.868649 -1.254843
v 1.264301 1.855073 -1.248173
v 1.263748 1.838464 -1.250204
v 1.255612 1.823271 -1.260391
v 1.234507 1.874035 -1.264545
v 1.240444 1.866021 -1.248122
v 1.245043 1.852039 -1.240412
v 1.247070 1.835836 -1.243483
v 1.245983 1.821754 -1.256510
v 1.223592 1.871408 -1.266054
v 1.221540 1.861470 -1.250735
v 1.223213 1.846784 -1.243430
v 1.228165 1.831285 -1.246096
v 1.235068 1.819126 -1.258019
v 1.214317 1.868374 -1.272549
v 1.205474 1.856215 -1.261985
v 1.204663 1.840716 -1.256420
v 1.212099 1.826030 -1.257345
v 1.225793 1.816092 -1.264514
v 1.209166 1.865746 -1.282289
v 1.196553 1.851664 -1.278855
v 1.194360 1.835461 -1.275900
v 1.203178 1.821479 -1.274216
v 1.220641 1.813464 -1.274254
v 1.209519 1.864229 -1.292665
v 1.197164 1.849036 -1.296826
v 1.195067 1.832427 -1.296651
v 1.203790 1.818851 -1.292187
v 1.220995 1.811947 -1.284630
v 1.215282 1.864229 -1.300896
v 1.207147 1.849036 -1.311082
v 1.206594 1.832427 -1.313113
v 1.213772 1.818851 -1.306443
v 1.226758 1.811947 -1.292860
v 1.224912 1.865746 -1.304777
v 1.223825 1.851664 -1.317804
v 1.225851 1.835461 -1.320875
v 1.230450 1.821479 -1.313164
v 1.236387 1.813464 -1.296742
v 1.235826 1.868374 -1.303267
v 1.242729 1.856215 -1.315191
v 1.247681 1.840716 -1.317856
v 1.249354 1.826030 -1.310551
v 1.247302 1.816092 -1.295232
v 1.249885 1.871694 -1.301082
v 1.236727 1.898519 -1.291148
v 1.327339 1.977406 -1.363575
v 1.300187 1.966425 -1.327890
v 1.342470 1.906226 -1.294299
v 1.324134 1.949309 -1.276590
v 1.338687 1.880463 -1.266752
v 1.320350 1.923545 -1.249043
v 1.320157 1.860443 -1.237235
v 1.303546 1.898106 -1.222118
v 1.290027 1.840621 -1.222198
v 1.273417 1.878284 -1.207080
v 1.243383 1.826129 -1.233944
v 1.226773 1.863792 -1.218827
v 1.210440 1.827240 -1.270891
v 1.193830 1.864904 -1.255774
v 1.160751 1.826323 -1.313050
v 1.144141 1.863987 -1.297933
v 1.137688 1.827100 -1.330608
v 1.134657 1.879632 -1.296882
v 1.171348 1.883154 -1.368739
v 1.153187 1.899651 -1.326399
v 1.212692 1.944667 -1.423128
v 1.197654 1.942786 -1.382066
v 1.275954 1.990363 -1.416169
v 1.253827 1.968909 -1.361561
v 1.109181 1.875006 -1.350052
v 1.123101 1.890045 -1.372226
v 1.120677 1.932070 -1.345245
v 1.106757 1.917031 -1.323072
v 1.060527 1.944586 -1.340213
v 1.069837 1.954644 -1.355042
v 1.090240 1.964087 -1.335829
v 1.080929 1.954029 -1.321000
v 1.060980 1.996840 -1.304487
v 1.070290 2.006899 -1.319317
v 1.087575 1.999748 -1.313315
v 1.078266 1.989691 -1.298485
v 1.210025 1.991999 -1.448083
v 1.247283 1.998746 -1.433756
v 1.232750 2.008706 -1.400652
v 1.195493 2.001959 -1.414979
v 1.199162 2.024021 -1.448690
v 1.235492 2.031036 -1.432264
v 1.222615 2.033871 -1.402005
v 1.186285 2.026856 -1.418431
v 1.173230 2.072039 -1.420147
v 1.207906 2.077716 -1.400040
v 1.200866 2.062653 -1.381130
v 1.176782 2.057191 -1.394602
v 1.146009 2.101847 -1.339796
v 1.179248 2.108243 -1.322854
v 1.179074 2.082902 -1.334699
v 1.161797 2.076935 -1.341813
v 1.288354 2.008929 -1.414487
v 1.328723 2.012724 -1.388132
v 1.308492 2.022828 -1.356956
v 1.268123 2.019033 -1.383311
v 1.287202 2.049371 -1.418058
v 1.327527 2.053933 -1.391755
v 1.308372 2.045832 -1.359339
v 1.268047 2.041270 -1.385642
v 1.218463 2.119856 -1.317293
v 1.258144 2.124989 -1.290159
v 1.246567 2.106315 -1.288745
v 1.227969 2.101473 -1.302446
v 1.341220 1.997374 -1.340062
v 1.364404 1.990830 -1.302582
v 1.351331 2.023182 -1.288847
v 1.328147 2.029726 -1.326327
v 1.345885 2.065241 -1.342031
v 1.377536 2.062662 -1.310780
v 1.352415 2.049115 -1.286456
v 1.320764 2.051693 -1.317707
v 1.296774 2.125169 -1.259631
v 1.320986 2.122977 -1.236369
v 1.311087 2.093570 -1.243706
v 1.297417 2.095907 -1.260252
v 1.348927 1.344375 1.348927
v 1.408408 1.344375 1.398837
v 1.425393 1.344375 1.362410
v 1.421891 1.344375 1.322371
v 1.398837 1.344375 1.289447
v 1.362411 1.344375 1.272461
v 1.322371 1.344375 1.275964
v 1.289447 1.344375 1.299018
v 1.272462 1.344375 1.335444
v 1.275964 1.344375 1.375484
v 1.299018 1.344375 1.408407
v 1.335444 1.344375 1.425393
v 1.375484 1.344375 1.421890
v 1.374402 1.277757 1.341141
v 1.402524 1.286234 1.366258
v 1.373484 1.646909 1.287461
v 1.410284 1.285305 1.348893
v 1.381245 1.645980 1.270097
v 1.408431 1.282353 1.329453
v 1.379391 1.643028 1.250656
v 1.397459 1.278170 1.313143
v 1.368420 1.638845 1.234347
v 1.380309 1.273876 1.304337
v 1.351270 1.634551 1.225541
v 1.361577 1.270623 1.305392
v 1.332538 1.631298 1.226595
v 1.346281 1.269281 1.316026
v 1.317242 1.629956 1.237229
v 1.338520 1.270210 1.333389
v 1.309481 1.630886 1.254593
v 1.340374 1.273162 1.352831
v 1.311334 1.633838 1.274034
v 1.351345 1.277345 1.369140
v 1.322306 1.638021 1.290344
v 1.368495 1.281639 1.377947
v 1.339456 1.642314 1.299151
v 1.387227 1.284892 1.376892
v 1.358188 1.645568 1.298095
v 1.276082 1.778904 1.285305
v 1.293231 1.783197 1.294112
v 1.311964 1.786451 1.293057
v 1.327260 1.787793 1.282423
v 1.335021 1.786863 1.265059
v 1.333167 1.783911 1.245618
v 1.322195 1.779728 1.229309
v 1.305046 1.775434 1.220502
v 1.286313 1.772181 1.221557
v 1.271018 1.770839 1.232190
v 1.263256 1.771769 1.249555
v 1.265110 1.774721 1.268996
v 1.228237 1.864599 1.295512
v 1.245386 1.868892 1.304319
v 1.251294 1.865011 1.267514
v 1.264119 1.872146 1.303264
v 1.279415 1.873487 1.292630
v 1.287176 1.872558 1.275266
v 1.285322 1.869606 1.255825
v 1.274350 1.865423 1.239516
v 1.257201 1.861130 1.230709
v 1.238469 1.857876 1.231764
v 1.223173 1.856534 1.242398
v 1.215412 1.857464 1.259762
v 1.217266 1.860416 1.279203
v 1.256618 1.596249 1.355850
v 1.263655 1.596777 1.340662
v 1.262439 1.595070 1.324047
v 1.253297 1.591584 1.310457
v 1.238676 1.587253 1.303530
v 1.222496 1.583239 1.305128
v 1.209092 1.580618 1.314818
v 1.202054 1.580089 1.330005
v 1.203271 1.581798 1.346620
v 1.212413 1.585283 1.360211
v 1.227033 1.589613 1.367137
v 1.243214 1.593627 1.365540
v 1.201321 1.724694 1.349787
v 1.217501 1.728708 1.348190
v 1.230906 1.731329 1.338501
v 1.237943 1.731858 1.323313
v 1.236727 1.730150 1.306698
v 1.227585 1.726664 1.293108
v 1.212964 1.722334 1.286182
v 1.196784 1.718320 1.287779
v 1.183379 1.715698 1.297469
v 1.176342 1.715170 1.312656
v 1.177559 1.716878 1.329272
v 1.186701 1.720364 1.342862
v 1.183290 1.869326 1.258126
v 1.169885 1.866704 1.267815
v 1.193648 1.874519 1.288331
v 1.187828 1.875700 1.320134
v 1.204007 1.879713 1.318537
v 1.173206 1.871369 1.313209
v 1.164064 1.867883 1.299618
v 1.162848 1.866176 1.283003
v 1.199470 1.873340 1.256529
v 1.214090 1.877669 1.263454
v 1.223233 1.881156 1.277045
v 1.224449 1.882863 1.293660
v 1.217412 1.882335 1.308847
v 1.365919 1.277765 1.396132
v 1.373718 1.276076 1.381225
v 1.373190 1.272361 1.364864
v 1.364137 1.268613 1.351307
v 1.348959 1.265908 1.344175
v 1.331567 1.265425 1.345326
v 1.317119 1.265847 1.354630
v 1.309199 1.267888 1.369493
v 1.310106 1.270496 1.385995
v 1.319288 1.273870 1.399599
v 1.334738 1.275781 1.406831
v 1.351834 1.277126 1.405572
v 1.347443 1.281250 1.346807
v 1.347443 1.343750 1.346807
v 1.416119 1.281250 1.403280
v 1.416119 1.343750 1.403280
v 1.436814 1.281250 1.360772
v 1.436814 1.343750 1.360772
v 1.433562 1.281250 1.314522
v 1.433562 1.343750 1.314522
v 1.407234 1.281250 1.276923
v 1.407234 1.343750 1.276923
v 1.364886 1.281250 1.258049
v 1.364886 1.343750 1.258049
v 1.317864 1.281250 1.262957
v 1.317864 1.343750 1.262957
v 1.278767 1.281250 1.290333
v 1.278767 1.343750 1.290333
v 1.258072 1.281250 1.332841
v 1.258072 1.343750 1.332841
v 1.261323 1.281250 1.379091
v 1.261323 1.343750 1.379091
v 1.287650 1.281250 1.416690
v 1.287650 1.343750 1.416690
v 1.329999 1.281250 1.435565
v 1.329999 1.343750 1.435565
v 1.377022 1.281250 1.430656
v 1.377022 1.343750 1.430656
v 1.252425 1.281250 1.278593
v 1.231730 1.281250 1.321101
v 1.231730 1.343750 1.321101
v 1.252425 1.343750 1.278593
v 1.362863 1.281250 1.229281
v 1.315841 1.281250 1.234189
v 1.315841 1.343750 1.234189
v 1.362863 1.343750 1.229281
v 1.457880 1.281250 1.297494
v 1.431553 1.281250 1.259894
v 1.431553 1.343750 1.259894
v 1.457880 1.343750 1.297494
v 1.442460 1.281250 1.415020
v 1.463155 1.281250 1.372512
v 1.463155 1.343750 1.372512
v 1.442460 1.343750 1.415020
v 1.332022 1.281250 1.464332
v 1.379044 1.281250 1.459424
v 1.379044 1.343750 1.459424
v 1.332022 1.343750 1.464332
v 1.237004 1.281250 1.396119
v 1.263332 1.281250 1.433719
v 1.263332 1.343750 1.433719
v 1.237004 1.343750 1.396119
v 1.229626 0.722520 1.186253
v 1.352236 1.309827 1.361356
v 1.310214 0.686180 1.251709
v 1.405961 1.285601 1.404994
v 1.335263 0.695917 1.201511
v 1.422660 1.292092 1.371528
v 1.332006 0.712782 1.147225
v 1.420489 1.303336 1.335338
v 1.301317 0.732256 1.103396
v 1.400029 1.316319 1.306118
v 1.251418 0.749122 1.081768
v 1.366763 1.327562 1.291699
v 1.195680 0.758859 1.088137
v 1.329605 1.334054 1.295945
v 1.149038 0.758859 1.120796
v 1.298510 1.334054 1.317718
v 1.123989 0.749122 1.170994
v 1.281811 1.327563 1.351184
v 1.127247 0.732256 1.225281
v 1.283983 1.316319 1.387374
v 1.157936 0.712783 1.269109
v 1.304443 1.303336 1.416594
v 1.207834 0.695917 1.290737
v 1.337708 1.292093 1.431013
v 1.263572 0.686180 1.284368
v 1.374866 1.285601 1.426767
v 1.242073 1.813565 1.276004
v 1.228822 1.873935 1.285282
v 1.245102 1.871408 1.296772
v 1.258795 1.861470 1.303941
v 1.266232 1.846784 1.304866
v 1.265421 1.831285 1.299302
v 1.256577 1.819126 1.288737
v 1.250253 1.874036 1.287032
v 1.267716 1.866021 1.287070
v 1.276534 1.852039 1.285386
v 1.274342 1.835836 1.282431
v 1.261729 1.821754 1.278997
v 1.249899 1.875553 1.276656
v 1.267105 1.868649 1.269099
v 1.275827 1.855073 1.264635
v 1.273730 1.838464 1.264460
v 1.261375 1.823271 1.268621
v 1.244136 1.875553 1.268426
v 1.257123 1.868649 1.254843
v 1.264301 1.855073 1.248173
v 1.263748 1.838464 1.250203
v 1.255612 1.823271 1.260391
v 1.234507 1.874036 1.264544
v 1.240444 1.866021 1.248122
v 1.245043 1.852039 1.240411
v 1.247070 1.835836 1.243482
v 1.245983 1.821754 1.256509
v 1.223592 1.871408 1.266054
v 1.221540 1.861470 1.250735
v 1.223213 1.846784 1.243430
v 1.228165 1.831285 1.246096
v 1.235068 1.819126 1.258019
v 1.214317 1.868374 1.272549
v 1.205474 1.856215 1.261984
v 1.204663 1.840716 1.256419
v 1.212099 1.826030 1.257345
v 1.225793 1.816092 1.264513
v 1.209166 1.865746 1.282289
v 1.196553 1.851664 1.278855
v 1.194360 1.835461 1.275900
v 1.203178 1.821479 1.274216
v 1.220641 1.813465 1.274254
v 1.209519 1.864229 1.292665
v 1.197164 1.849036 1.296826
v 1.195067 1.832427 1.296651
v 1.203790 1.818851 1.292187
v 1.220995 1.811948 1.284629
v 1.215282 1.864229 1.300895
v 1.207147 1.849036 1.311082
v 1.206594 1.832427 1.313113
v 1.213772 1.818851 1.306443
v 1.226758 1.811948 1.292860
v 1.224912 1.865746 1.304776
v 1.223825 1.851664 1.317804
v 1.225851 1.835461 1.320874
v 1.230450 1.821479 1.313164
v 1.236387 1.813465 1.296741
v 1.235826 1.868374 1.303267
v 1.242729 1.856215 1.315190
v 1.247681 1.840716 1.317856
v 1.249354 1.826030 1.310551
v 1.247302 1.816092 1.295232
v 1.249885 1.871694 1.301082
v 1.236727 1.898520 1.291148
v 1.327339 1.977406 1.363574
v 1.300187 1.966425 1.327890
v 1.342470 1.906226 1.294298
v 1.324134 1.949309 1.276589
v 1.338687 1.880463 1.266752
v 1.320350 1.923546 1.249043
v 1.320157 1.860443 1.237234
v 1.303546 1.898106 1.222117
v 1.290027 1.840621 1.222198
v 1.273417 1.878284 1.207080
v 1.243383 1.826129 1.233944
v 1.226773 1.863792 1.218827
v 1.210440 1.827241 1.270891
v 1.193830 1.864904 1.255774
v 1.160751 1.826323 1.313050
v 1.144141 1.863987 1.297933
v 1.137688 1.827100 1.330608
v 1.134657 1.879632 1.296881
v 1.171348 1.883154 1.368739
v 1.153187 1.899651 1.326398
v 1.212692 1.944667 1.423128
v 1.197654 1.942786 1.382065
v 1.275954 1.990363 1.416169
v 1.253827 1.968910 1.361560
v 1.109181 1.875006 1.350052
v 1.123101 1.890045 1.372226
v 1.120677 1.932071 1.345245
v 1.106757 1.917031 1.323072
v 1.060527 1.944586 1.340213
v 1.069837 1.954644 1.355042
v 1.090240 1.964088 1.335829
v 1.080929 1.954029 1.321000
v 1.060980 1.996841 1.304487
v 1.070290 2.006899 1.319317
v 1.087575 1.999748 1.313315
v 1.078266 1.989691 1.298485
v 1.210025 1.991999 1.448082
v 1.247283 1.998746 1.433756
v 1.232750 2.008706 1.400652
v 1.195493 2.001959 1.414979
v 1.199162 2.024021 1.448690
v 1.235492 2.031036 1.432264
v 1.222615 2.033871 1.402005
v 1.186285 2.026856 1.418430
v 1.173230 2.072039 1.420147
v 1.207906 2.077716 1.400040
v 1.200866 2.062653 1.381129
v 1.176782 2.057191 1.394602
v 1.146009 2.101847 1.339796
v 1.179248 2.108243 1.322853
v 1.179074 2.082902 1.334699
v 1.161797 2.076935 1.341812
v 1.288354 2.008929 1.414487
v 1.328723 2.012724 1.388132
v 1.308492 2.022828 1.356956
v 1.268123 2.019033 1.383311
v 1.287202 2.049371 1.418058
v 1.327527 2.053933 1.391755
v 1.308372 2.045832 1.359339
v 1.268047 2.041270 1.385642
v 1.218463 2.119856 1.317293
v 1.258144 2.124989 1.290159
v 1.246567 2.106315 1.288744
v 1.227969 2.101473 1.302446
v 1.341220 1.997374 1.340062
v 1.364404 1.990830 1.302582
v 1.351331 2.023182 1.288847
v 1.328147 2.029726 1.326326
v 1.345885 2.065241 1.342031
v 1.377536 2.062662 1.310780
v 1.352415 2.049115 1.286455
v 1.320764 2.051693 1.317707
v 1.296774 2.125169 1.259631
v 1.320986 2.122977 1.236368
v 1.311087 2.093570 1.243706
v 1.297417 2.095907 1.260252
v -1.348927 1.344375 1.348927
v -1.408408 1.344375 1.398837
v -1.425393 1.344375 1.362410
v -1.421891 1.344375 1.322371
v -1.398837 1.344375 1.289447
v -1.362411 1.344375 1.272461
v -1.322371 1.344375 1.275964
v -1.289447 1.344375 1.299018
v -1.272462 1.344375 1.335444
v -1.275964 1.344375 1.375484
v -1.299018 1.344375 1.408407
v -1.335444 1.344375 1.425393
v -1.375484 1.344375 1.421890
v -1.374402 1.277757 1.341141
v -1.402524 1.286234 1.366258
v -1.373484 1.646909 1.287461
v -1.410284 1.285305 1.348893
v -1.381245 1.645980 1.270097
v -1.408431 1.282353 1.329453
v -1.379391 1.643028 1.250656
v -1.397459 1.278170 1.313143
v -1.368420 1.638845 1.234347
v -1.380309 1.273876 1.304337
v -1.351270 1.634551 1.225541
v -1.361577 1.270623 1.305392
v -1.332538 1.631298 1.226595
v -1.346281 1.269281 1.316026
v -1.317242 1.629956 1.237229
v -1.338520 1.270210 1.333389
v -1.309481 1.630886 1.254593
v -1.340374 1.273162 1.352831
v -1.311334 1.633838 1.274034
v -1.351345 1.277345 1.369140
v -1.322306 1.638021 1.290344
v -1.368495 1.281639 1.377947
v -1.339456 1.642314 1.299151
v -1.387227 1.284892 1.376892
v -1.358188 1.645568 1.298095
v -1.276082 1.778904 1.285305
v -1.293231 1.783197 1.294112
v -1.311964 1.786451 1.293057
v -1.327260 1.787793 1.282423
v -1.335021 1.786863 1.265059
v -1.333167 1.783911 1.245618
v -1.322195 1.779728 1.229309
v -1.305046 1.775434 1.220502
v -1.286313 1.772181 1.221557
v -1.271018 1.770839 1.232190
v -1.263256 1.771769 1.249555
v -1.265110 1.774721 1.268996
v -1.228237 1.864599 1.295512
v -1.245386 1.868892 1.304319
v -1.251294 1.865011 1.267514
v -1.264119 1.872146 1.303264
v -1.279415 1.873487 1.292630
v -1.287176 1.872558 1.275266
v -1.285322 1.869606 1.255825
v -1.274350 1.865423 1.239516
v -1.257201 1.861130 1.230709
v -1.238469 1.857876 1.231764
v -1.223173 1.856534 1.242398
v -1.215412 1.857464 1.259762
v -1.217266 1.860416 1.279203
v -1.256618 1.596249 1.355850
v -1.263655 1.596777 1.340662
v -1.262439 1.595070 1.324047
v -1.253297 1.591584 1.310457
v -1.238676 1.587253 1.303530
v -1.222496 1.583239 1.305128
v -1.209092 1.580618 1.314818
v -1.202054 1.580089 1.330005
v -1.203271 1.581798 1.346620
v -1.212413 1.585283 1.360211
v -1.227033 1.589613 1.367137
v -1.243214 1.593627 1.365540
v -1.201321 1.724694 1.349787
v -1.217501 1.728708 1.348190
v -1.230906 1.731329 1.338501
v -1.237943 1.731858 1.323313
v -1.236727 1.730150 1.306698
v -1.227585 1.726664 1.293108
v -1.212964 1.722334 1.286182
v -1.196784 1.718320 1.287779
v -1.183379 1.715698 1.297469
v -1.176342 1.715170 1.312656
v -1.177559 1.716878 1.329272
v -1.186701 1.720364 1.342862
v -1.183290 1.869326 1.258126
v -1.169885 1.866704 1.267815
v -1.193648 1.874519 1.288331
v -1.187828 1.875700 1.320134
v -1.204007 1.879713 1.318537
v -1.173206 1.871369 1.313209
v -1.164064 1.867883 1.299618
v -1.162848 1.866176 1.283003
v -1.199470 1.873340 1.256529
v -1.214090 1.877669 1.263454
v -1.223233 1.881156 1.277045
v -1.224449 1.882863 1.293660
v -1.217412 1.882335 1.308847
v -1.365919 1.277765 1.396132
v -1.373718 1.276076 1.381225
v -1.373190 1.272361 1.364864
v -1.364137 1.268613 1.351307
v -1.348959 1.265908 1.344175
v -1.331567 1.265425 1.345326
v -1.317119 1.265847 1.354630
v -1.309199 1.267888 1.369493
v -1.310106 1.270496 1.385995
v -1.319288 1.273870 1.399599
v -1.334738 1.275781 1.406831
v -1.351834 1.277126 1.405572
v -1.347443 1.281250 1.346807
v -1.347443 1.343750 1.346807
v -1.416119 1.281250 1.403280
v -1.416119 1.343750 1.403280
v -1.436814 1.281250 1.360772
v -1.436814 1.343750 1.360772
v -1.433562 1.281250 1.314522
v -1.433562 1.343750 1.314522
v -1.407234 1.281250 1.276923
v -1.407234 1.343750 1.276923
v -1.364886 1.281250 1.258049
v -1.364886 1.343750 1.258049
v -1.317864 1.281250 1.262957
v -1.317864 1.343750 1.262957
v -1.278767 1.281250 1.290333
v -1.278767 1.343750 1.290333
v -1.258072 1.281250 1.332841
v -1.258072 1.343750 1.332841
v -1.261323 1.281250 1.379091
v -1.261323 1.343750 1.379091
v -1.287650 1.281250 1.416690
v -1.287650 1.343750 1.416690
v -1.329999 1.281250 1.435565
v -1.329999 1.343750 1.435565
v -1.377022 1.281250 1.430656
v -1.377022 1.343750 1.430656
v -1.252425 1.281250 1.278593
v -1.231730 1.281250 1.321101
v -1.231730 1.343750 1.321101
v -1.252425 1.343750 1.278593
v -1.362863 1.281250 1.229281
v -1.315841 1.281250 1.234189
v -1.315841 1.343750 1.234189
v -1.362863 1.343750 1.229281
v -1.457880 1.281250 1.297494
v -1.431553 1.281250 1.259894
v -1.431553 1.343750 1.259894
v -1.457880 1.343750 1.297494
v -1.442460 1.281250 1.415020
v -1.463155 1.281250 1.372512
v -1.463155 1.343750 1.372512
v -1.442460 1.343750 1.415020
v -1.332022 1.281250 1.464332
v -1.379044 1.281250 1.459424
v -1.379044 1.343750 1.459424
v -1.332022 1.343750 1.464332
v -1.237004 1.281250 1.396119
v -1.263332 1.281250 1.433719
v -1.263332 1.343750 1.433719
v -1.237004 1.343750 1.396119
v -1.229626 0.722520 1.186253
v -1.352236 1.309827 1.361356
v -1.310214 0.686180 1.251709
v -1.405961 1.285601 1.404994
v -1.335263 0.695917 1.201511
v -1.422660 1.292092 1.371528
v -1.332006 0.712782 1.147225
v -1.420489 1.303336 1.335338
v -1.301317 0.732256 1.103396
v -1.400029 1.316319 1.306118
v -1.251418 0.749122 1.081768
v -1.366763 1.327562 1.291699
v -1.195680 0.758859 1.088137
v -1.329605 1.334054 1.295945
v -1.149038 0.758859 1.120796
v -1.298510 1.334054 1.317718
v -1.123989 0.749122 1.170994
v -1.281811 1.327563 1.351184
v -1.127247 0.732256 1.225281
v -1.283983 1.316319 1.387374
v -1.157936 0.712783 1.269109
v -1.304443 1.303336 1.416594
v -1.207834 0.695917 1.290737
v -1.337708 1.292093 1.431013
v -1.263572 0.686180 1.284368
v -1.374866 1.285601 1.426767
v -1.242073 1.813565 1.276004
v -1.228822 1.873935 1.285282
v -1.245102 1.871408 1.296772
v -1.258795 1.861470 1.303941
v -1.266232 1.846784 1.304866
v -1.265421 1.831285 1.299302
v -1.256577 1.819126 1.288737
v -1.250253 1.874036 1.287032
v -1.267716 1.866021 1.287070
v -1.276534 1.852039 1.285386
v -1.274342 1.835836 1.282431
v -1.261729 1.821754 1.278997
v -1.249899 1.875553 1.276656
v -1.267105 1.868649 1.269099
v -1.275827 1.855073 1.264635
v -1.273730 1.838464 1.264460
v -1.261375 1.823271 1.268621
v -1.244136 1.875553 1.268426
v -1.257123 1.868649 1.254843
v -1.264301 1.855073 1.248173
v -1.263748 1.838464 1.250203
v -1.255612 1.823271 1.260391
v -1.234507 1.874036 1.264544
v -1.240444 1.866021 1.248122
v -1.245043 1.852039 1.240411
v -1.247070 1.835836 1.243482
v -1.245983 1.821754 1.256509
v -1.223592 1.871408 1.266054
v -1.221540 1.861470 1.250735
v -1.223213 1.846784 1.243430
v -1.228165 1.831285 1.246096
v -1.235068 1.819126 1.258019
v -1.214317 1.868374 1.272549
v -1.205474 1.856215 1.261984
v -1.204663 1.840716 1.256419
v -1.212099 1.826030 1.257345
v -1.225793 1.816092 1.264513
v -1.209166 1.865746 1.282289
v -1.196553 1.851664 1.278855
v -1.194360 1.835461 1.275900
v -1.203178 1.821479 1.274216
v -1.220641 1.813465 1.274254
v -1.209519 1.864229 1.292665
v -1.197164 1.849036 1.296826
v -1.195067 1.832427 1.296651
v -1.203790 1.818851 1.292187
v -1.220995 1.811948 1.284629
v -1.215282 1.864229 1.300895
v -1.207147 1.849036 1.311082
v -1.206594 1.832427 1.313113
v -1.213772 1.818851 1.306443
v -1.226758 1.811948 1.292860
v -1.224912 1.865746 1.304776
v -1.223825 1.851664 1.317804
v -1.225851 1.835461 1.320874
v -1.230450 1.821479 1.313164
v -1.236387 1.813465 1.296741
v -1.235826 1.868374 1.303267
v -1.242729 1.856215 1.315190
v -1.247681 1.840716 1.317856
v -1.249354 1.826030 1.310551
v -1.247302 1.816092 1.295232
v -1.249885 1.871694 1.301082
v -1.236727 1.898520 1.291148
v -1.327339 1.977406 1.363574
v -1.300187 1.966425 1.327890
v -1.342470 1.906226 1.294298
v -1.324134 1.949309 1.276589
v -1.338687 1.880463 1.266752
v -1.320350 1.923546 1.249043
v -1.320157 1.860443 1.237234
v -1.303546 1.898106 1.222117
v -1.290027 1.840621 1.222198
v -1.273417 1.878284 1.207080
v -1.243383 1.826129 1.233944
v -1.226773 1.863792 1.218827
v -1.210440 1.827241 1.270891
v -1.193830 1.864904 1.255774
v -1.160751 1.826323 1.313050
v -1.144141 1.863987 1.297933
v -1.137688 1.827100 1.330608
v -1.134657 1.879632 1.296881
v -1.171348 1.883154 1.368739
v -1.153187 1.899651 1.326398
v -1.212692 1.944667 1.423128
v -1.197654 1.942786 1.382065
v -1.275954 1.990363 1.416169
v -1.253827 1.968910 1.361560
v -1.109181 1.875006 1.350052
v -1.123101 1.890045 1.372226
v -1.120677 1.932071 1.345245
v -1.106757 1.917031 1.323072
v -1.060527 1.944586 1.340213
v -1.069837 1.954644 1.355042
v -1.090240 1.964088 1.335829
v -1.080929 1.954029 1.321000
v -1.060980 1.996841 1.304487
v -1.070290 2.006899 1.319317
v -1.087575 1.999748 1.313315
v -1.078266 1.989691 1.298485
v -1.210025 1.991999 1.448082
v -1.247283 1.998746 1.433756
v -1.232750 2.008706 1.400652
v -1.195493 2.001959 1.414979
v -1.199162 2.024021 1.448690
v -1.235492 2.031036 1.432264
v -1.222615 2.033871 1.402005
v -1.186285 2.026856 1.418430
v -1.173230 2.072039 1.420147
v -1.207906 2.077716 1.400040
v -1.200866 2.062653 1.381129
v -1.176782 2.057191 1.394602
v -1.146009 2.101847 1.339796
v -1.179248 2.108243 1.322853
v -1.179074 2.082902 1.334699
v -1.161797 2.076935 1.341812
v -1.288354 2.008929 1.414487
v -1.328723 2.012724 1.388132
v -1.308492 2.022828 1.356956
v -1.268123 2.019033 1.383311
v -1.287202 2.049371 1.418058
v -1.327527 2.053933 1.391755
v -1.308372 2.045832 1.359339
v -1.268047 2.041270 1.385642
v -1.218463 2.119856 1.317293
v -1.258144 2.124989 1.290159
v -1.246567 2.106315 1.288744
v -1.227969 2.101473 1.302446
v -1.341220 1.997374 1.340062
v -1.364404 1.990830 1.302582
v -1.351331 2.023182 1.288847
v -1.328147 2.029726 1.326326
v -1.345885 2.065241 1.342031
v -1.377536 2.062662 1.310780
v -1.352415 2.049115 1.286455
v -1.320764 2.051693 1.317707
v -1.296774 2.125169 1.259631
v -1.320986 2.122977 1.236368
v -1.311087 2.093570 1.243706
v -1.297417 2.095907 1.260252
vn 1.0000 -0.0000 -0.0000
vn -1.0000 -0.0000 -0.0000
vn -0.0000 1.0000 -0.0000
vn -0.0000 -1.0000 -0.0000
vn -0.0000 -0.0000 1.0000
vn -0.0000 -0.0000 -1.0000
vn 0.7071 -0.0000 0.7071
vn 0.7071 -0.0000 -0.7071
vn -0.7071 -0.0000 -0.7071
vn -0.7071 -0.0000 0.7071
vn 0.6325 0.4472 0.6325
vn 0.8944 0.4472 -0.0000
vn 0.6325 0.4472 -0.6325
vn -0.0000 0.4472 -0.8944
vn -0.6325 0.4472 -0.6325
vn -0.8944 0.4472 -0.0000
vn -0.6325 0.4472 0.6325
vn -0.0000 0.4472 0.8944
vn 0.9950 -0.0000 0.0995
vn -0.9950 -0.0000 -0.0995
vn 0.9950 -0.0000 -0.0995
vn -0.9950 -0.0000 0.0995
vn 0.7071 0.7071 -0.0000
vn -0.7071 0.7071 -0.0000
vn -0.7071 -0.7071 -0.0000
vn 0.7071 -0.7071 -0.0000
vn -0.1957 0.6547 -0.7302
vn 0.2315 0.4472 -0.8640
vn 0.8640 -0.4472 -0.2315
vn 0.7302 -0.6547 0.1957
vn 0.5000 -0.7071 0.5000
vn 0.1956 -0.6547 0.7302
vn 0.1957 -0.6547 0.7302
vn -0.2315 -0.4472 0.8640
vn -0.8640 0.4472 0.2315
vn -0.7302 0.6547 -0.1957
vn -0.5000 0.7071 -0.5000
vn -0.2588 -0.0000 -0.9659
vn 0.2588 -0.0000 -0.9659
vn 0.9659 -0.0000 -0.2588
vn 0.9659 -0.0000 0.2588
vn 0.2588 -0.0000 0.9659
vn -0.2588 -0.0000 0.9659
vn -0.9659 -0.0000 0.2588
vn -0.9659 -0.0000 -0.2588
vn -0.2923 -0.9563 -0.0000
vn -0.8088 -0.5880 -0.0000
vn -0.8780 0.4787 -0.0000
vn -0.5216 0.8532 -0.0000
vn 0.5216 0.8532 -0.0000
vn 0.8780 0.4787 -0.0000
vn 0.8088 -0.5880 -0.0000
vn 0.2923 -0.9563 -0.0000
vn -0.9732 -0.2298 -0.0000
vn 0.9732 -0.2298 -0.0000
vn -0.0000 -0.4270 0.9042
vn -0.9736 0.2279 0.0159
vn 0.9736 0.2279 0.0159
vn -0.0000 -0.9976 -0.0695
vn -0.0000 0.2413 -0.9704
vn -0.0000 -0.2413 0.9704
vn 0.9732 0.2298 -0.0000
vn -0.6975 -0.1647 0.6975
vn -0.9732 0.2298 -0.0000
vn 0.6975 -0.1647 0.6975
vn -0.2559 -0.9667 -0.0000
vn -0.2559 0.9667 -0.0000
vn 0.3328 0.9430 -0.0000
vn -0.1768 -0.9755 -0.1312
vn -0.9045 0.1593 -0.3957
vn 0.1768 0.9755 0.1312
vn -0.9930 0.0574 0.1034
vn 0.1768 0.9755 0.1313
vn -0.8348 -0.0525 0.5481
vn -0.4811 -0.1500 0.8637
vn -0.4811 -0.1500 0.8638
vn 0.0177 -0.2148 0.9765
vn 0.5436 -0.2207 0.8098
vn 0.5448 -0.2143 0.8107
vn 0.5448 -0.2145 0.8107
vn 0.9044 -0.1593 0.3957
vn 0.9045 -0.1593 0.3957
vn 0.9930 -0.0574 -0.1034
vn -0.1768 -0.9755 -0.1313
vn 0.8348 0.0525 -0.5481
vn 0.4811 0.1500 -0.8637
vn -0.0177 0.2148 -0.9765
vn -0.5436 0.2207 -0.8098
vn -0.5448 0.2143 -0.8107
vn 0.4322 -0.1098 -0.8951
vn -0.0473 0.0512 -0.9976
vn -0.5460 0.2082 -0.8115
vn -0.5448 0.2145 -0.8107
vn -0.8765 0.3010 -0.3757
vn -0.8765 0.3010 -0.3756
vn -0.9428 0.3045 0.1361
vn -0.7777 0.2343 0.5833
vn -0.4322 0.1098 0.8951
vn 0.0473 -0.0512 0.9976
vn 0.5459 -0.2082 0.8115
vn 0.5460 -0.2082 0.8115
vn 0.8765 -0.3010 0.3757
vn 0.9428 -0.3045 -0.1361
vn 0.7777 -0.2343 -0.5833
vn 0.3712 -0.3115 -0.8747
vn 0.3713 -0.3115 -0.8747
vn -0.0698 -0.0795 -0.9944
vn -0.8349 0.4244 -0.3504
vn -0.8349 0.4244 -0.3505
vn -0.8543 0.4956 0.1567
vn -0.6833 0.4500 0.5751
vn -0.3713 0.3115 0.8747
vn -0.3712 0.3115 0.8747
vn 0.0698 0.0795 0.9944
vn 0.5459 -0.2081 0.8116
vn 0.8349 -0.4244 0.3505
vn 0.8543 -0.4956 -0.1567
vn 0.6833 -0.4500 -0.5751
vn 0.2475 0.9655 0.0811
vn -0.0631 0.1389 -0.9883
vn -0.0622 0.1424 -0.9878
vn -0.5459 0.2081 -0.8116
vn -0.8819 0.2213 -0.4163
vn -0.9805 0.1751 0.0897
vn -0.9804 0.1751 0.0898
vn -0.8170 0.0822 0.5707
vn -0.4357 -0.0326 0.8995
vn -0.4358 -0.0326 0.8995
vn 0.0631 -0.1389 0.9883
vn 0.0622 -0.1424 0.9878
vn 0.0622 -0.1424 0.9879
vn 0.8819 -0.2213 0.4163
vn 0.9804 -0.1751 -0.0898
vn 0.9805 -0.1751 -0.0898
vn 0.8170 -0.0822 -0.5707
vn 0.4357 0.0326 -0.8995
vn 0.5459 -0.2082 0.8116
vn -0.0479 0.1966 -0.9793
vn 0.4560 0.1321 -0.8801
vn 0.8333 0.0339 -0.5518
vn 0.9941 -0.0731 -0.0803
vn 0.8932 -0.1622 0.4195
vn 0.8931 -0.1622 0.4195
vn 0.0479 -0.1966 0.9793
vn -0.4560 -0.1321 0.8801
vn -0.8332 -0.0339 0.5519
vn -0.8333 -0.0339 0.5518
vn -0.9941 0.0731 0.0802
vn -0.8932 0.1622 -0.4195
vn -0.8479 0.3422 -0.4048
vn -0.8480 0.3422 -0.4048
vn -0.9449 0.3115 0.1012
vn -0.7892 0.1973 0.5815
vn -0.4207 0.0297 0.9067
vn 0.0613 -0.1459 0.9874
vn 0.5253 -0.2818 0.8029
vn 0.8479 -0.3422 0.4048
vn 0.9449 -0.3115 -0.1012
vn 0.7892 -0.1973 -0.5815
vn 0.4207 -0.0297 -0.9067
vn -0.0613 0.1459 -0.9874
vn -0.0622 0.1424 -0.9879
vn -0.5253 0.2818 -0.8029
vn -0.8991 -0.0000 -0.4377
vn -0.9975 -0.0000 0.0701
vn -0.8192 -0.0000 0.5736
vn -0.4071 -0.0000 0.9134
vn 0.1038 -0.0000 0.9946
vn 0.5736 -0.0000 0.8192
vn 0.8991 -0.0000 0.4377
vn 0.9975 -0.0000 -0.0701
vn 0.8192 -0.0000 -0.5736
vn 0.4071 -0.0000 -0.9134
vn -0.1038 -0.0000 -0.9946
vn -0.5736 -0.0000 -0.8192
vn 0.1962 -0.9397 0.2802
vn -0.8860 -0.2426 -0.3951
vn -0.1962 0.9397 -0.2802
vn -0.9884 -0.1176 0.0958
vn -0.8289 0.0532 0.5568
vn -0.4503 0.2239 0.8643
vn 0.0460 0.3489 0.9360
vn 0.5270 0.3946 0.7527
vn 0.8638 0.3489 0.3634
vn 0.9662 0.2239 -0.1275
vn 0.8067 0.0532 -0.5885
vn 0.4281 -0.1176 -0.8960
vn -0.0682 -0.2426 -0.9677
vn -0.5492 -0.2883 -0.7844
vn 0.0248 0.9684 -0.2481
vn -0.3774 0.8243 -0.4220
vn -0.7538 0.4139 -0.5103
vn -0.7539 0.4139 -0.5103
vn -0.8877 -0.1961 -0.4166
vn -0.7076 -0.6803 -0.1907
vn -0.7077 -0.6803 -0.1907
vn -0.3897 -0.9200 0.0421
vn 0.0165 0.9893 -0.1452
vn -0.4140 0.9026 -0.1179
vn -0.4140 0.9026 -0.1178
vn -0.8475 0.5286 -0.0484
vn -0.8475 0.5286 -0.0485
vn -0.9908 -0.1246 0.0520
vn -0.9909 -0.1246 0.0520
vn -0.7539 -0.6459 0.1201
vn -0.3993 -0.9051 0.1459
vn 0.0595 0.9974 -0.0417
vn -0.2874 0.9364 0.2012
vn -0.6664 0.5816 0.4666
vn -0.8153 -0.0969 0.5709
vn -0.6324 -0.6356 0.4428
vn -0.3570 -0.9001 0.2499
vn 0.1421 0.9893 0.0342
vn -0.0308 0.9026 0.4293
vn -0.0309 0.9026 0.4293
vn -0.2444 0.5286 0.8129
vn -0.2443 0.5286 0.8129
vn -0.3877 -0.1246 0.9133
vn -0.3707 -0.6459 0.6673
vn -0.3707 -0.6460 0.6673
vn -0.2737 -0.9051 0.3253
vn 0.2416 0.9684 0.0615
vn 0.2674 0.8243 0.4989
vn 0.2217 0.4139 0.8829
vn 0.0878 -0.1961 0.9766
vn 0.0878 -0.1961 0.9767
vn -0.0628 -0.6803 0.7302
vn -0.1728 -0.9200 0.3518
vn 0.3319 0.9427 0.0336
vn 0.5301 0.7420 0.4104
vn 0.5301 0.7421 0.4103
vn 0.6109 0.2957 0.7344
vn 0.4812 -0.2957 0.8253
vn 0.2043 -0.7421 0.6384
vn 0.2043 -0.7421 0.6385
vn 0.2043 -0.7420 0.6384
vn -0.0819 -0.9427 0.3234
vn 0.3897 0.9200 -0.0421
vn 0.7077 0.6803 0.1907
vn 0.7076 0.6803 0.1907
vn 0.7076 0.6804 0.1907
vn 0.8877 0.1961 0.4166
vn 0.8877 0.1960 0.4165
vn 0.7538 -0.4139 0.5103
vn 0.3774 -0.8243 0.4220
vn -0.0248 -0.9684 0.2481
vn 0.3993 0.9051 -0.1459
vn 0.7539 0.6459 -0.1201
vn 0.9908 0.1246 -0.0519
vn 0.9908 0.1246 -0.0520
vn 0.8475 -0.5286 0.0484
vn 0.4140 -0.9026 0.1179
vn 0.4140 -0.9026 0.1178
vn -0.0165 -0.9893 0.1452
vn 0.3570 0.9001 -0.2499
vn 0.6324 0.6356 -0.4428
vn 0.8153 0.0969 -0.5709
vn 0.6664 -0.5816 -0.4666
vn 0.2874 -0.9364 -0.2012
vn -0.0595 -0.9974 0.0417
vn 0.2737 0.9051 -0.3253
vn 0.3707 0.6459 -0.6673
vn 0.3707 0.6460 -0.6673
vn 0.3877 0.1246 -0.9133
vn 0.2443 -0.5286 -0.8129
vn 0.2444 -0.5286 -0.8129
vn 0.0308 -0.9026 -0.4293
vn -0.1421 -0.9893 -0.0342
vn 0.1728 0.9200 -0.3518
vn 0.0628 0.6803 -0.7302
vn 0.0628 0.6804 -0.7302
vn -0.0878 0.1961 -0.9767
vn -0.0878 0.1960 -0.9767
vn -0.2217 -0.4139 -0.8829
vn -0.2674 -0.8243 -0.4989
vn -0.2416 -0.9684 -0.0615
vn 0.0819 0.9427 -0.3234
vn -0.2043 0.7421 -0.6384
vn -0.4812 0.2957 -0.8253
vn -0.6109 -0.2957 -0.7344
vn -0.5301 -0.7421 -0.4104
vn -0.5301 -0.7421 -0.4103
vn -0.3319 -0.9427 -0.0336
vn -0.2894 -0.6353 -0.7160
vn 0.4999 0.7242 0.4750
vn -0.3125 -0.7148 -0.6256
vn -0.9051 0.2413 0.3500
vn 0.4837 0.6714 0.5615
vn -0.2518 -0.8670 -0.4300
vn -0.8026 0.1206 0.5842
vn -0.8024 0.1185 0.5849
vn -0.8015 0.1090 0.5879
vn 0.4549 0.7714 0.4449
vn -0.3031 -0.8240 -0.4788
vn -0.5054 -0.1201 0.8545
vn 0.3755 0.8504 0.3686
vn -0.3692 -0.7852 -0.4972
vn 0.1014 -0.4088 0.9070
vn 0.3587 0.8598 0.3635
vn -0.4879 -0.7435 -0.4574
vn 0.6487 -0.5121 0.5630
vn 0.3739 0.8551 0.3591
vn -0.4441 -0.7386 -0.5073
vn 0.5516 -0.5086 0.6611
vn 0.3467 0.8530 0.3901
vn -0.4274 -0.6836 -0.5917
vn 0.5204 -0.4878 0.7008
vn 0.5937 -0.4471 0.6691
vn 0.4963 -0.4989 0.7104
vn 0.0391 -0.0906 0.9951
vn -0.4262 -0.6697 -0.6082
vn -0.1151 0.7870 0.6061
vn -0.1151 0.7871 0.6060
vn 0.1861 0.8635 0.4688
vn -0.3717 -0.7425 -0.5572
vn 0.8842 0.3125 -0.3471
vn 0.9033 0.3397 -0.2621
vn 0.8725 0.2986 -0.3867
vn 0.1981 0.8451 0.4966
vn -0.5284 -0.6480 -0.5485
vn 0.3535 -0.3880 0.8512
vn 0.3530 -0.3869 0.8519
vn 0.3142 -0.3067 0.8984
vn 0.5089 0.6675 0.5437
vn -0.4391 -0.6733 -0.5948
vn 0.5600 0.4169 0.7159
vn 0.5490 0.3912 0.7386
vn 0.5392 0.3662 0.7584
vn 0.3975 0.6954 0.5986
vn 0.4758 -0.5946 -0.6481
vn 0.4756 -0.5830 -0.6587
vn 0.3547 -0.7947 -0.4926
vn -0.0971 0.5161 -0.8510
vn -0.0992 0.5138 -0.8521
vn -0.4260 0.2798 -0.8604
vn -0.3048 0.6883 0.6582
vn 0.8414 -0.3255 0.4314
vn 0.6563 -0.3656 -0.6600
vn -0.4321 0.5632 -0.7043
vn -0.4253 0.5375 -0.7282
vn -0.4402 0.5892 -0.6776
vn -0.6283 0.4012 0.6666
vn 0.5139 -0.3853 0.7665
vn 0.5227 -0.4131 0.7457
vn 0.5274 -0.4284 0.7337
vn 0.8874 0.2655 -0.3770
vn -0.4610 0.4981 -0.7344
vn -0.8851 -0.1993 0.4205
vn 0.4610 -0.4981 0.7344
vn 0.4611 -0.4981 0.7344
vn -0.3905 -0.4116 -0.8234
vn -0.3915 -0.4121 -0.8227
vn -0.3890 -0.4109 -0.8245
vn -0.3357 0.9298 -0.1512
vn -0.3337 0.9242 -0.1855
vn -0.3945 0.9188 0.0119
vn 0.3750 0.5318 0.7593
vn 0.3879 0.5358 0.7500
vn 0.3311 0.5128 0.7921
vn 0.9164 -0.2207 -0.3339
vn 0.9155 -0.2199 -0.3370
vn 0.9177 -0.2217 -0.3297
vn -0.3875 0.1177 -0.9143
vn -0.3945 0.1122 -0.9120
vn -0.3594 0.1394 -0.9227
vn -0.8861 0.3067 0.3474
vn -0.8829 0.3120 0.3508
vn -0.8667 0.3365 0.3682
vn 0.3831 -0.1169 0.9163
vn 0.4008 -0.0996 0.9107
vn 0.4247 -0.0779 0.9020
vn 0.8683 -0.3665 -0.3344
vn 0.8644 -0.3724 -0.3378
vn 0.8828 -0.3432 -0.3207
vn -0.3376 0.6012 -0.7243
vn -0.3084 0.6106 -0.7294
vn -0.2669 0.6229 -0.7354
vn -0.8425 0.1788 0.5081
vn -0.8760 0.1929 0.4421
vn -0.8141 0.1615 0.5578
vn 0.2364 -0.6838 0.6903
vn 0.2335 -0.6797 0.6953
vn 0.2232 -0.6649 0.7128
vn 0.9607 -0.2752 0.0363
vn 0.9566 -0.2788 -0.0850
vn 0.9468 -0.2800 -0.1585
vn 0.0115 0.9343 -0.3563
vn -0.0052 0.9399 -0.3415
vn 0.0196 0.9312 -0.3639
vn -0.8728 -0.2705 0.4063
vn -0.9056 -0.1151 0.4081
vn -0.9136 -0.0304 0.4054
vn -0.1564 -0.8682 0.4709
vn -0.1004 -0.8989 0.4264
vn -0.0810 -0.9083 0.4104
vn 0.8315 -0.5553 -0.0143
vn 0.8573 -0.5106 -0.0652
vn 0.8631 -0.4990 -0.0781
vn -0.5702 -0.2433 -0.7847
vn -0.5262 -0.3115 -0.7913
vn -0.4929 -0.3642 -0.7902
vn -0.8540 0.2918 0.4307
vn -0.8390 0.2803 0.4664
vn -0.8098 0.2594 0.5262
vn 0.5177 0.4516 0.7267
vn 0.5171 0.4509 0.7275
vn 0.5213 0.4556 0.7216
vn 0.8360 0.0188 -0.5484
vn 0.7909 0.1006 -0.6036
vn 0.6307 0.2145 -0.7458
vn -0.5497 -0.0576 -0.8333
vn -0.5498 -0.0576 -0.8333
vn -0.5500 -0.0573 -0.8332
vn -0.8504 0.0691 0.5216
vn -0.8510 0.0705 0.5204
vn -0.8479 0.0634 0.5264
vn 0.5508 0.0837 0.8304
vn 0.5511 0.0828 0.8303
vn 0.5506 0.0843 0.8305
vn 0.8525 -0.0558 -0.5197
vn 0.8532 -0.0574 -0.5184
vn 0.8550 -0.0615 -0.5150
vn -0.2053 0.8622 -0.4630
vn -0.2051 0.8622 -0.4633
vn -0.2054 0.8623 -0.4629
vn -0.4746 -0.4842 0.7351
vn -0.7533 -0.2163 0.6211
vn -0.3753 -0.5764 0.7259
vn 0.1661 -0.8121 0.5594
vn 0.1937 -0.8241 0.5323
vn 0.1993 -0.8265 0.5265
vn 0.7842 -0.6052 0.1372
vn 0.9030 -0.3535 -0.2442
vn 0.8991 -0.3596 -0.2496
vn -0.8612 0.0375 -0.5069
vn -0.8483 0.0226 -0.5290
vn -0.8049 -0.0225 -0.5929
vn -0.6198 -0.0882 0.7798
vn -0.6145 -0.0799 0.7849
vn -0.6222 -0.0921 0.7775
vn 0.7583 0.3620 0.5421
vn 0.7611 0.3719 0.5314
vn 0.7532 0.3430 0.5613
vn 0.3712 0.1209 -0.9207
vn 0.4593 0.2597 -0.8495
vn 0.6072 0.5939 -0.5279
vn -0.6779 -0.0477 -0.7336
vn -0.7192 -0.0907 -0.6889
vn -0.7568 -0.1339 -0.6398
vn -0.7152 -0.0578 0.6965
vn -0.7063 -0.0463 0.7064
vn -0.7353 -0.0853 0.6724
vn 0.7224 0.0514 0.6895
vn 0.6701 -0.1061 0.7347
vn 0.6048 -0.2829 0.7445
vn 0.7082 0.0421 -0.7047
vn 0.7055 0.0395 -0.7076
vn 0.7007 0.0349 -0.7126
vn 0.6910 0.0504 0.7211
vn 0.6976 0.0444 0.7151
vn 0.7415 0.0023 0.6709
vn -0.4187 0.8347 -0.3578
vn -0.4191 0.8347 -0.3571
vn -0.4185 0.8347 -0.3580
vn -0.4719 -0.4326 0.7682
vn -0.6355 -0.3195 0.7029
vn -0.3661 -0.5021 0.7835
vn 0.5391 -0.7929 0.2841
vn 0.5144 -0.7906 0.3321
vn 0.5043 -0.7891 0.3507
vn 0.9376 -0.1396 -0.3184
vn 0.9165 0.0800 -0.3920
vn 0.9319 -0.1708 -0.3200
vn -0.2009 0.6574 -0.7263
vn -0.1895 0.6548 -0.7317
vn -0.1890 0.6547 -0.7319
vn 0.2232 0.4573 -0.8609
vn 0.2384 0.4487 -0.8613
vn 0.2389 0.4484 -0.8613
vn 0.7071 0.0094 -0.7071
vn 0.8658 -0.4473 -0.2244
vn 0.8662 -0.4385 -0.2398
vn 0.8662 -0.4381 -0.2404
vn 0.7279 -0.6554 0.2014
vn 0.7334 -0.6527 0.1900
vn 0.7336 -0.6526 0.1894
vn 0.1902 -0.6518 0.7342
vn 0.2016 -0.6545 0.7287
vn 0.1897 -0.6516 0.7344
vn -0.2400 -0.4369 0.8669
vn -0.2246 -0.4457 0.8665
vn -0.2405 -0.4365 0.8669
vn -0.7071 0.0094 0.7071
vn -0.8621 0.4471 0.2386
vn -0.8616 0.4557 0.2234
vn -0.8621 0.4468 0.2391
vn -0.7324 0.6539 -0.1898
vn -0.7271 0.6565 -0.2011
vn -0.7327 0.6537 -0.1892
vn 0.1896 -0.6516 0.7345
vn 0.1957 0.6547 -0.7302
vn -0.2315 0.4472 -0.8640
vn -0.8640 -0.4472 -0.2315
vn -0.7302 -0.6547 0.1957
vn -0.5000 -0.7071 0.5000
vn -0.1957 -0.6547 0.7302
vn -0.1956 -0.6547 0.7302
vn 0.2315 -0.4472 0.8640
vn 0.8640 0.4472 0.2315
vn 0.7302 0.6547 -0.1957
vn 0.5000 0.7071 -0.5000
vn 0.2009 0.6574 -0.7263
vn 0.1895 0.6548 -0.7317
vn 0.2015 0.6575 -0.7260
vn -0.2232 0.4573 -0.8609
vn -0.2384 0.4487 -0.8613
vn -0.2226 0.4576 -0.8609
vn -0.7071 0.0094 -0.7071
vn -0.8658 -0.4473 -0.2244
vn -0.8662 -0.4385 -0.2398
vn -0.8658 -0.4476 -0.2239
vn -0.7279 -0.6554 0.2013
vn -0.7334 -0.6527 0.1900
vn -0.7277 -0.6555 0.2019
vn -0.2016 -0.6545 0.7287
vn -0.1902 -0.6518 0.7342
vn -0.1896 -0.6516 0.7345
vn 0.2246 -0.4457 0.8665
vn 0.2400 -0.4369 0.8669
vn 0.2405 -0.4365 0.8669
vn 0.7071 0.0094 0.7071
vn 0.8616 0.4557 0.2234
vn 0.8621 0.4471 0.2386
vn 0.8621 0.4468 0.2391
vn 0.7271 0.6565 -0.2011
vn 0.7324 0.6539 -0.1898
vn 0.7327 0.6537 -0.1892
vn 0.1957 0.6547 0.7302
vn -0.2315 0.4472 0.8640
vn -0.8640 -0.4472 0.2315
vn -0.7302 -0.6547 -0.1957
vn -0.5000 -0.7071 -0.5000
vn -0.1956 -0.6547 -0.7302
vn -0.1957 -0.6547 -0.7302
vn 0.2315 -0.4472 -0.8640
vn 0.8640 0.4472 -0.2315
vn 0.8639 0.4472 -0.2315
vn 0.7302 0.6547 0.1957
vn 0.5000 0.7071 0.5000
vn 0.2009 0.6574 0.7263
vn 0.1895 0.6548 0.7317
vn 0.1890 0.6547 0.7319
vn -0.2232 0.4573 0.8609
vn -0.2384 0.4487 0.8613
vn -0.2389 0.4484 0.8613
vn -0.8658 -0.4473 0.2244
vn -0.8662 -0.4385 0.2398
vn -0.8662 -0.4381 0.2404
vn -0.7279 -0.6554 -0.2014
vn -0.7334 -0.6527 -0.1900
vn -0.7336 -0.6526 -0.1894
vn -0.1902 -0.6518 -0.7342
vn -0.2016 -0.6545 -0.7287
vn -0.1897 -0.6516 -0.7344
vn 0.2400 -0.4369 -0.8669
vn 0.2246 -0.4457 -0.8665
vn 0.2405 -0.4365 -0.8669
vn 0.8621 0.4471 -0.2386
vn 0.8616 0.4557 -0.2234
vn 0.8621 0.4468 -0.2391
vn 0.7324 0.6539 0.1898
vn 0.7271 0.6565 0.2011
vn 0.7327 0.6537 0.1892
vn -0.1896 -0.6516 -0.7345
vn -0.1957 0.6547 0.7302
vn 0.2315 0.4472 0.8640
vn 0.8640 -0.4472 0.2315
vn 0.7302 -0.6547 -0.1957
vn 0.5000 -0.7071 -0.5000
vn 0.1957 -0.6547 -0.7302
vn 0.1956 -0.6547 -0.7302
vn -0.2315 -0.4472 -0.8640
vn -0.8640 0.4472 -0.2315
vn -0.7302 0.6547 0.1957
vn -0.5000 0.7071 0.5000
vn -0.2009 0.6574 0.7263
vn -0.1895 0.6548 0.7317
vn -0.2015 0.6575 0.7260
vn 0.2232 0.4573 0.8609
vn 0.2384 0.4487 0.8613
vn 0.2226 0.4576 0.8609
vn 0.8658 -0.4473 0.2244
vn 0.8662 -0.4385 0.2398
vn 0.8658 -0.4476 0.2239
vn 0.7279 -0.6554 -0.2013
vn 0.7334 -0.6527 -0.1900
vn 0.7277 -0.6555 -0.2019
vn 0.2016 -0.6545 -0.7287
vn 0.1902 -0.6518 -0.7342
vn 0.1896 -0.6516 -0.7345
vn -0.2246 -0.4457 -0.8665
vn -0.2400 -0.4369 -0.8669
vn -0.2405 -0.4365 -0.8669
vn -0.8616 0.4557 -0.2234
vn -0.8621 0.4471 -0.2386
vn -0.8621 0.4468 -0.2391
vn -0.7271 0.6565 0.2011
vn -0.7324 0.6539 0.1898
vn -0.7327 0.6537 0.1892
vn 0.1768 -0.9755 -0.1312
vn 0.9045 0.1593 -0.3957
vn -0.1768 0.9755 0.1312
vn 0.9930 0.0574 0.1034
vn -0.1768 0.9755 0.1313
vn 0.8348 -0.0525 0.5481
vn 0.1768 -0.9755 -0.1313
vn 0.4811 -0.1500 0.8638
vn 0.4811 -0.1500 0.8637
vn -0.0177 -0.2148 0.9765
vn -0.5448 -0.2143 0.8107
vn -0.5436 -0.2207 0.8098
vn -0.5448 -0.2145 0.8107
vn -0.9045 -0.1593 0.3957
vn -0.9044 -0.1593 0.3957
vn -0.9930 -0.0574 -0.1034
vn -0.8348 0.0525 -0.5481
vn -0.4811 0.1500 -0.8637
vn 0.0177 0.2148 -0.9765
vn 0.5436 0.2207 -0.8098
vn 0.5448 0.2143 -0.8107
vn 0.5448 0.2145 -0.8107
vn -0.4322 -0.1098 -0.8951
vn 0.0473 0.0512 -0.9976
vn 0.5460 0.2082 -0.8115
vn 0.8765 0.3010 -0.3756
vn 0.8765 0.3010 -0.3757
vn 0.9428 0.3045 0.1361
vn 0.7777 0.2343 0.5833
vn 0.4322 0.1098 0.8951
vn -0.0473 -0.0512 0.9976
vn -0.5459 -0.2082 0.8115
vn -0.8765 -0.3010 0.3757
vn -0.9428 -0.3045 -0.1361
vn -0.7777 -0.2343 -0.5833
vn -0.3713 -0.3115 -0.8747
vn -0.3712 -0.3115 -0.8747
vn 0.0698 -0.0795 -0.9944
vn 0.8349 0.4244 -0.3505
vn 0.8349 0.4244 -0.3504
vn 0.8543 0.4956 0.1567
vn 0.6833 0.4500 0.5751
vn 0.3713 0.3115 0.8747
vn 0.3712 0.3115 0.8747
vn -0.0698 0.0795 0.9944
vn -0.5459 -0.2081 0.8116
vn -0.5460 -0.2082 0.8115
vn -0.8349 -0.4244 0.3505
vn -0.8543 -0.4956 -0.1567
vn -0.6833 -0.4500 -0.5751
vn -0.6832 -0.4500 -0.5751
vn -0.2475 0.9655 0.0811
vn 0.0631 0.1389 -0.9883
vn 0.0622 0.1424 -0.9878
vn 0.0622 0.1424 -0.9879
vn 0.5459 0.2081 -0.8116
vn 0.8819 0.2213 -0.4163
vn 0.9805 0.1751 0.0897
vn 0.9804 0.1751 0.0898
vn 0.8170 0.0822 0.5707
vn 0.4358 -0.0326 0.8995
vn 0.4357 -0.0326 0.8995
vn -0.0622 -0.1424 0.9878
vn -0.0631 -0.1389 0.9883
vn -0.0622 -0.1424 0.9879
vn -0.8819 -0.2213 0.4163
vn -0.9805 -0.1751 -0.0898
vn -0.9804 -0.1751 -0.0898
vn -0.8170 -0.0822 -0.5707
vn -0.4357 0.0326 -0.8995
vn -0.5459 -0.2082 0.8116
vn 0.0479 0.1966 -0.9793
vn -0.4560 0.1321 -0.8801
vn -0.8333 0.0339 -0.5518
vn -0.9941 -0.0731 -0.0803
vn -0.8931 -0.1622 0.4195
vn -0.8932 -0.1622 0.4195
vn -0.0479 -0.1966 0.9793
vn 0.4560 -0.1321 0.8801
vn 0.8333 -0.0339 0.5518
vn 0.8332 -0.0339 0.5519
vn 0.9941 0.0731 0.0802
vn 0.9941 0.0731 0.0803
vn 0.8932 0.1622 -0.4195
vn 0.8480 0.3422 -0.4048
vn 0.8479 0.3422 -0.4048
vn 0.9449 0.3115 0.1012
vn 0.7892 0.1973 0.5815
vn 0.4207 0.0297 0.9067
vn -0.0613 -0.1459 0.9874
vn -0.5253 -0.2818 0.8029
vn -0.8479 -0.3422 0.4048
vn -0.9449 -0.3115 -0.1012
vn -0.7892 -0.1973 -0.5815
vn -0.4207 -0.0297 -0.9067
vn 0.0613 0.1459 -0.9874
vn 0.5253 0.2818 -0.8029
vn 0.8991 -0.0000 -0.4377
vn 0.9975 -0.0000 0.0701
vn 0.8192 -0.0000 0.5736
vn 0.4071 -0.0000 0.9134
vn -0.1038 -0.0000 0.9946
vn -0.5736 -0.0000 0.8192
vn -0.8991 -0.0000 0.4377
vn -0.9975 -0.0000 -0.0701
vn -0.8192 -0.0000 -0.5736
vn -0.4071 -0.0000 -0.9134
vn 0.1038 -0.0000 -0.9946
vn 0.5736 -0.0000 -0.8192
vn -0.1962 -0.9397 0.2802
vn 0.8860 -0.2426 -0.3951
vn 0.1962 0.9397 -0.2802
vn 0.9884 -0.1176 0.0958
vn 0.8289 0.0532 0.5568
vn 0.4503 0.2239 0.8643
vn -0.0460 0.3489 0.9360
vn -0.5270 0.3946 0.7527
vn -0.8638 0.3489 0.3634
vn -0.9662 0.2239 -0.1275
vn -0.8067 0.0532 -0.5885
vn -0.4281 -0.1176 -0.8960
vn 0.0682 -0.2426 -0.9677
vn 0.5492 -0.2883 -0.7844
vn -0.0248 0.9684 -0.2481
vn 0.3774 0.8243 -0.4220
vn 0.7538 0.4139 -0.5103
vn 0.8877 -0.1961 -0.4166
vn 0.7076 -0.6803 -0.1907
vn 0.7077 -0.6803 -0.1907
vn 0.3897 -0.9200 0.0421
vn -0.0165 0.9893 -0.1452
vn 0.4140 0.9026 -0.1179
vn 0.8475 0.5286 -0.0484
vn 0.9908 -0.1246 0.0520
vn 0.9909 -0.1246 0.0520
vn 0.7539 -0.6459 0.1201
vn 0.3993 -0.9051 0.1459
vn -0.0595 0.9974 -0.0417
vn 0.2874 0.9364 0.2012
vn 0.6664 0.5816 0.4666
vn 0.8153 -0.0969 0.5709
vn 0.6324 -0.6356 0.4428
vn 0.3570 -0.9001 0.2499
vn -0.1421 0.9893 0.0342
vn 0.0308 0.9026 0.4293
vn 0.0309 0.9026 0.4293
vn 0.2443 0.5286 0.8129
vn 0.2444 0.5286 0.8129
vn 0.3877 -0.1246 0.9133
vn 0.3707 -0.6459 0.6673
vn 0.2737 -0.9051 0.3253
vn -0.2416 0.9684 0.0615
vn -0.2674 0.8243 0.4989
vn -0.2217 0.4139 0.8829
vn -0.0878 -0.1961 0.9766
vn -0.0878 -0.1961 0.9767
vn -0.0878 -0.1960 0.9767
vn 0.0628 -0.6803 0.7302
vn 0.0628 -0.6804 0.7302
vn 0.1728 -0.9200 0.3518
vn -0.3319 0.9427 0.0336
vn -0.5301 0.7420 0.4104
vn -0.5301 0.7421 0.4103
vn -0.6109 0.2957 0.7344
vn -0.4812 -0.2957 0.8253
vn -0.2043 -0.7421 0.6385
vn -0.2043 -0.7421 0.6384
vn 0.0819 -0.9427 0.3234
vn -0.3897 0.9200 -0.0421
vn -0.7077 0.6803 0.1907
vn -0.7076 0.6803 0.1907
vn -0.8877 0.1961 0.4166
vn -0.7538 -0.4139 0.5103
vn -0.3774 -0.8243 0.4220
vn -0.3774 -0.8243 0.4219
vn 0.0248 -0.9684 0.2481
vn -0.3993 0.9051 -0.1459
vn -0.7539 0.6459 -0.1201
vn -0.9908 0.1246 -0.0519
vn -0.9908 0.1246 -0.0520
vn -0.8475 -0.5286 0.0484
vn -0.4140 -0.9026 0.1179
vn 0.0165 -0.9893 0.1452
vn -0.3570 0.9001 -0.2499
vn -0.6324 0.6356 -0.4428
vn -0.8153 0.0969 -0.5709
vn -0.6664 -0.5816 -0.4666
vn -0.2874 -0.9364 -0.2012
vn 0.0595 -0.9974 0.0417
vn -0.2737 0.9051 -0.3253
vn -0.3707 0.6459 -0.6673
vn -0.3877 0.1246 -0.9133
vn -0.2443 -0.5286 -0.8129
vn -0.0308 -0.9026 -0.4293
vn -0.0309 -0.9026 -0.4293
vn 0.1421 -0.9893 -0.0342
vn -0.1728 0.9200 -0.3518
vn -0.0628 0.6803 -0.7302
vn -0.0628 0.6804 -0.7302
vn 0.0878 0.1961 -0.9767
vn 0.0878 0.1961 -0.9766
vn 0.0878 0.1960 -0.9767
vn 0.2217 -0.4139 -0.8829
vn 0.2674 -0.8243 -0.4989
vn 0.2674 -0.8243 -0.4990
vn 0.2416 -0.9684 -0.0615
vn -0.0819 0.9427 -0.3234
vn 0.2043 0.7421 -0.6384
vn 0.4812 0.2957 -0.8253
vn 0.4811 0.2957 -0.8253
vn 0.6109 -0.2957 -0.7344
vn 0.5301 -0.7421 -0.4104
vn 0.5301 -0.7421 -0.4103
vn 0.3319 -0.9427 -0.0336
vn 0.2894 -0.6353 -0.7160
vn -0.4999 0.7242 0.4750
vn 0.3125 -0.7148 -0.6256
vn 0.9051 0.2413 0.3500
vn -0.4837 0.6714 0.5615
vn 0.2518 -0.8670 -0.4300
vn 0.8024 0.1185 0.5849
vn 0.8026 0.1206 0.5842
vn 0.8015 0.1090 0.5879
vn -0.4549 0.7714 0.4449
vn 0.3031 -0.8239 -0.4788
vn 0.5054 -0.1201 0.8545
vn -0.3755 0.8504 0.3686
vn 0.3692 -0.7852 -0.4972
vn -0.1014 -0.4088 0.9070
vn -0.3587 0.8598 0.3635
vn 0.4879 -0.7435 -0.4574
vn -0.6487 -0.5121 0.5630
vn -0.3739 0.8551 0.3591
vn 0.4441 -0.7386 -0.5073
vn -0.5516 -0.5086 0.6611
vn -0.3467 0.8530 0.3901
vn 0.4274 -0.6836 -0.5917
vn -0.5204 -0.4878 0.7008
vn -0.5937 -0.4470 0.6691
vn -0.6175 -0.4310 0.6580
vn -0.0391 -0.0906 0.9951
vn 0.4262 -0.6697 -0.6082
vn 0.1151 0.7870 0.6061
vn 0.1151 0.7871 0.6060
vn -0.1861 0.8635 0.4688
vn 0.3717 -0.7425 -0.5572
vn -0.9033 0.3397 -0.2621
vn -0.8842 0.3125 -0.3471
vn -0.8725 0.2985 -0.3868
vn -0.1981 0.8451 0.4966
vn 0.5284 -0.6480 -0.5485
vn -0.3530 -0.3869 0.8519
vn -0.3535 -0.3880 0.8512
vn -0.3142 -0.3067 0.8984
vn -0.5089 0.6675 0.5437
vn 0.4391 -0.6733 -0.5948
vn -0.5600 0.4169 0.7159
vn -0.5490 0.3912 0.7386
vn -0.5810 0.4670 0.6666
vn -0.3975 0.6954 0.5986
vn -0.4758 -0.5946 -0.6481
vn -0.4756 -0.5830 -0.6587
vn -0.4873 -0.4620 -0.7410
vn 0.0971 0.5161 -0.8510
vn 0.0992 0.5138 -0.8521
vn -0.1026 0.7807 -0.6164
vn 0.3048 0.6883 0.6582
vn -0.8414 -0.3255 0.4314
vn -0.6563 -0.3656 -0.6600
vn 0.4321 0.5633 -0.7043
vn 0.4253 0.5375 -0.7282
vn 0.4220 0.5218 -0.7414
vn 0.6283 0.4012 0.6666
vn -0.5227 -0.4131 0.7457
vn -0.5139 -0.3853 0.7665
vn -0.5274 -0.4284 0.7337
vn -0.8874 0.2655 -0.3770
vn 0.4610 0.4981 -0.7344
vn 0.8851 -0.1993 0.4205
vn -0.4611 -0.4981 0.7344
vn -0.4610 -0.4981 0.7344
vn 0.3915 -0.4121 -0.8227
vn 0.3905 -0.4116 -0.8234
vn 0.3890 -0.4109 -0.8245
vn 0.3337 0.9242 -0.1855
vn 0.3357 0.9298 -0.1512
vn 0.3945 0.9188 0.0119
vn -0.3750 0.5318 0.7593
vn -0.3880 0.5358 0.7500
vn -0.4273 0.5448 0.7215
vn -0.9164 -0.2207 -0.3339
vn -0.9155 -0.2199 -0.3370
vn -0.9143 -0.2191 -0.3405
vn 0.3945 0.1122 -0.9120
vn 0.3875 0.1177 -0.9143
vn 0.3594 0.1394 -0.9227
vn 0.8861 0.3067 0.3474
vn 0.8829 0.3120 0.3508
vn 0.8989 0.2840 0.3337
vn -0.3831 -0.1169 0.9163
vn -0.4008 -0.0996 0.9107
vn -0.3597 -0.1414 0.9223
vn -0.8644 -0.3724 -0.3378
vn -0.8683 -0.3665 -0.3344
vn -0.8828 -0.3432 -0.3207
vn 0.3084 0.6106 -0.7294
vn 0.3376 0.6012 -0.7243
vn 0.2669 0.6229 -0.7354
vn 0.8425 0.1788 0.5081
vn 0.8760 0.1929 0.4422
vn 0.8920 0.1956 0.4075
vn -0.2335 -0.6797 0.6953
vn -0.2364 -0.6838 0.6903
vn -0.2232 -0.6649 0.7128
vn -0.9566 -0.2788 -0.0850
vn -0.9607 -0.2752 0.0363
vn -0.9468 -0.2800 -0.1585
vn -0.0115 0.9343 -0.3563
vn 0.0052 0.9399 -0.3415
vn 0.0136 0.9424 -0.3342
vn 0.9056 -0.1151 0.4082
vn 0.8728 -0.2705 0.4063
vn 0.9136 -0.0304 0.4054
vn 0.1004 -0.8989 0.4264
vn 0.1564 -0.8682 0.4709
vn 0.0810 -0.9083 0.4104
vn -0.8573 -0.5106 -0.0652
vn -0.8315 -0.5553 -0.0143
vn -0.8631 -0.4990 -0.0781
vn 0.5702 -0.2433 -0.7847
vn 0.5262 -0.3115 -0.7913
vn 0.6001 -0.2069 -0.7727
vn 0.8390 0.2802 0.4664
vn 0.8540 0.2918 0.4307
vn 0.8098 0.2594 0.5262
vn -0.5177 0.4516 0.7267
vn -0.5171 0.4509 0.7275
vn -0.5142 0.4475 0.7317
vn -0.8360 0.0188 -0.5483
vn -0.7910 0.1006 -0.6035
vn -0.8704 -0.1157 -0.4786
vn 0.5500 -0.0580 -0.8331
vn 0.5501 -0.0579 -0.8331
vn 0.5498 -0.0583 -0.8332
vn 0.8510 0.0705 0.5204
vn 0.8504 0.0691 0.5216
vn 0.8479 0.0634 0.5264
vn -0.5512 0.0827 0.8303
vn -0.5509 0.0836 0.8304
vn -0.5507 0.0842 0.8305
vn -0.8525 -0.0558 -0.5197
vn -0.8532 -0.0574 -0.5184
vn -0.8499 -0.0498 -0.5246
vn 0.2050 0.8623 -0.4631
vn 0.2048 0.8622 -0.4633
vn 0.2047 0.8622 -0.4634
vn 0.4746 -0.4842 0.7351
vn 0.7533 -0.2163 0.6211
vn 0.7631 -0.2214 0.6072
vn -0.1937 -0.8241 0.5323
vn -0.1661 -0.8121 0.5594
vn -0.1993 -0.8265 0.5265
vn -0.9030 -0.3535 -0.2443
vn -0.7842 -0.6051 0.1373
vn -0.8991 -0.3596 -0.2496
vn 0.8612 0.0375 -0.5069
vn 0.8483 0.0226 -0.5291
vn 0.8991 0.0568 -0.4341
vn 0.6198 -0.0882 0.7798
vn 0.6145 -0.0799 0.7849
vn 0.6122 -0.0765 0.7870
vn -0.7583 0.3620 0.5421
vn -0.7611 0.3719 0.5314
vn -0.7652 0.3853 0.5158
vn -0.4593 0.2597 -0.8495
vn -0.3711 0.1210 -0.9207
vn -0.6072 0.5939 -0.5279
vn 0.7192 -0.0907 -0.6889
vn 0.6779 -0.0477 -0.7336
vn 0.7568 -0.1339 -0.6398
vn 0.7152 -0.0578 0.6965
vn 0.7063 -0.0463 0.7064
vn 0.6937 -0.0312 0.7196
vn -0.7224 0.0514 0.6895
vn -0.6701 -0.1061 0.7347
vn -0.7654 0.1672 0.6215
vn -0.7055 0.0395 -0.7076
vn -0.7082 0.0421 -0.7047
vn -0.7007 0.0349 -0.7126
vn -0.6976 0.0444 0.7151
vn -0.6910 0.0504 0.7211
vn -0.7415 0.0023 0.6709
vn 0.4187 0.8347 -0.3578
vn 0.4191 0.8347 -0.3571
vn 0.4193 0.8348 -0.3569
vn 0.4719 -0.4326 0.7682
vn 0.6355 -0.3195 0.7029
vn 0.6651 -0.3044 0.6819
vn -0.5144 -0.7906 0.3321
vn -0.5391 -0.7929 0.2841
vn -0.5043 -0.7891 0.3507
vn -0.9376 -0.1396 -0.3184
vn -0.9165 0.0800 -0.3920
vn -0.8844 0.1886 -0.4269
vn 0.1768 -0.9755 0.1312
vn 0.9045 0.1593 0.3957
vn -0.1768 0.9755 -0.1312
vn 0.9930 0.0574 -0.1034
vn -0.1768 0.9755 -0.1313
vn 0.8348 -0.0525 -0.5481
vn 0.4811 -0.1500 -0.8637
vn 0.4811 -0.1500 -0.8638
vn -0.0177 -0.2148 -0.9765
vn -0.5436 -0.2207 -0.8098
vn -0.5448 -0.2143 -0.8107
vn -0.5448 -0.2145 -0.8107
vn -0.9044 -0.1593 -0.3957
vn -0.9045 -0.1593 -0.3957
vn -0.9930 -0.0574 0.1034
vn 0.1768 -0.9755 0.1313
vn -0.8348 0.0525 0.5481
vn -0.4811 0.1500 0.8637
vn 0.0177 0.2148 0.9765
vn 0.5436 0.2207 0.8098
vn 0.5448 0.2143 0.8107
vn -0.4322 -0.1098 0.8951
vn 0.0473 0.0512 0.9976
vn 0.5460 0.2082 0.8115
vn 0.5448 0.2145 0.8107
vn 0.8765 0.3010 0.3757
vn 0.8765 0.3010 0.3756
vn 0.9428 0.3045 -0.1361
vn 0.7777 0.2343 -0.5833
vn 0.4322 0.1098 -0.8951
vn -0.0473 -0.0512 -0.9976
vn -0.5459 -0.2082 -0.8115
vn -0.5460 -0.2082 -0.8115
vn -0.8765 -0.3010 -0.3757
vn -0.9428 -0.3045 0.1361
vn -0.7777 -0.2343 0.5833
vn -0.3712 -0.3115 0.8747
vn -0.3713 -0.3115 0.8747
vn 0.0698 -0.0795 0.9944
vn 0.8349 0.4244 0.3504
vn 0.8349 0.4244 0.3505
vn 0.8543 0.4956 -0.1567
vn 0.6833 0.4500 -0.5751
vn 0.3713 0.3115 -0.8747
vn 0.3712 0.3115 -0.8747
vn -0.0698 0.0795 -0.9944
vn -0.5459 -0.2081 -0.8116
vn -0.8349 -0.4244 -0.3505
vn -0.8543 -0.4956 0.1567
vn -0.6833 -0.4500 0.5751
vn -0.2475 0.9655 -0.0811
vn 0.0631 0.1389 0.9883
vn 0.0622 0.1424 0.9878
vn 0.5459 0.2081 0.8116
vn 0.8819 0.2213 0.4163
vn 0.9805 0.1751 -0.0897
vn 0.9804 0.1751 -0.0898
vn 0.8170 0.0822 -0.5707
vn 0.4357 -0.0326 -0.8995
vn 0.4358 -0.0326 -0.8995
vn -0.0631 -0.1389 -0.9883
vn -0.0622 -0.1424 -0.9878
vn -0.0622 -0.1424 -0.9879
vn -0.8819 -0.2213 -0.4163
vn -0.9804 -0.1751 0.0898
vn -0.9805 -0.1751 0.0898
vn -0.8170 -0.0822 0.5707
vn -0.4357 0.0326 0.8995
vn -0.5459 -0.2082 -0.8116
vn 0.0479 0.1966 0.9793
vn -0.4560 0.1321 0.8801
vn -0.8333 0.0339 0.5518
vn -0.9941 -0.0731 0.0803
vn -0.8932 -0.1622 -0.4195
vn -0.8931 -0.1622 -0.4195
vn -0.0479 -0.1966 -0.9793
vn 0.4560 -0.1321 -0.8801
vn 0.8332 -0.0339 -0.5519
vn 0.8333 -0.0339 -0.5518
vn 0.9941 0.0731 -0.0802
vn 0.8932 0.1622 0.4195
vn 0.8479 0.3422 0.4048
vn 0.8480 0.3422 0.4048
vn 0.9449 0.3115 -0.1012
vn 0.7892 0.1973 -0.5815
vn 0.4207 0.0297 -0.9067
vn -0.0613 -0.1459 -0.9874
vn -0.5253 -0.2818 -0.8029
vn -0.8479 -0.3422 -0.4048
vn -0.9449 -0.3115 0.1012
vn -0.7892 -0.1973 0.5815
vn -0.4207 -0.0297 0.9067
vn 0.0613 0.1459 0.9874
vn 0.0622 0.1424 0.9879
vn 0.5253 0.2818 0.8029
vn -0.1962 -0.9397 -0.2802
vn 0.8860 -0.2426 0.3951
vn 0.1962 0.9397 0.2802
vn 0.9884 -0.1176 -0.0958
vn 0.8289 0.0532 -0.5568
vn 0.4503 0.2239 -0.8643
vn -0.0460 0.3489 -0.9360
vn -0.5270 0.3946 -0.7527
vn -0.8638 0.3489 -0.3634
vn -0.9662 0.2239 0.1275
vn -0.8067 0.0532 0.5885
vn -0.4281 -0.1176 0.8960
vn 0.0682 -0.2426 0.9677
vn 0.5492 -0.2883 0.7844
vn -0.0248 0.9684 0.2481
vn 0.3774 0.8243 0.4220
vn 0.7538 0.4139 0.5103
vn 0.7539 0.4139 0.5103
vn 0.8877 -0.1961 0.4166
vn 0.7076 -0.6803 0.1907
vn 0.7077 -0.6803 0.1907
vn 0.3897 -0.9200 -0.0421
vn -0.0165 0.9893 0.1452
vn 0.4140 0.9026 0.1179
vn 0.4140 0.9026 0.1178
vn 0.8475 0.5286 0.0484
vn 0.8475 0.5286 0.0485
vn 0.9908 -0.1246 -0.0520
vn 0.9909 -0.1246 -0.0520
vn 0.7539 -0.6459 -0.1201
vn 0.3993 -0.9051 -0.1459
vn -0.0595 0.9974 0.0417
vn 0.2874 0.9364 -0.2012
vn 0.6664 0.5816 -0.4666
vn 0.8153 -0.0969 -0.5709
vn 0.6324 -0.6356 -0.4428
vn 0.3570 -0.9001 -0.2499
vn -0.1421 0.9893 -0.0342
vn 0.0308 0.9026 -0.4293
vn 0.0309 0.9026 -0.4293
vn 0.2444 0.5286 -0.8129
vn 0.2443 0.5286 -0.8129
vn 0.3877 -0.1246 -0.9133
vn 0.3707 -0.6459 -0.6673
vn 0.3707 -0.6460 -0.6673
vn 0.2737 -0.9051 -0.3253
vn -0.2416 0.9684 -0.0615
vn -0.2674 0.8243 -0.4989
vn -0.2217 0.4139 -0.8829
vn -0.0878 -0.1961 -0.9766
vn -0.0878 -0.1961 -0.9767
vn 0.0628 -0.6803 -0.7302
vn 0.1728 -0.9200 -0.3518
vn -0.3319 0.9427 -0.0336
vn -0.5301 0.7420 -0.4104
vn -0.5301 0.7421 -0.4103
vn -0.6109 0.2957 -0.7344
vn -0.4812 -0.2957 -0.8253
vn -0.2043 -0.7421 -0.6384
vn -0.2043 -0.7421 -0.6385
vn -0.2043 -0.7420 -0.6384
vn 0.0819 -0.9427 -0.3234
vn -0.3897 0.9200 0.0421
vn -0.7077 0.6803 -0.1907
vn -0.7076 0.6803 -0.1907
vn -0.7076 0.6804 -0.1907
vn -0.8877 0.1961 -0.4166
vn -0.8877 0.1960 -0.4165
vn -0.7538 -0.4139 -0.5103
vn -0.3774 -0.8243 -0.4220
vn 0.0248 -0.9684 -0.2481
vn -0.3993 0.9051 0.1459
vn -0.7539 0.6459 0.1201
vn -0.9908 0.1246 0.0519
vn -0.9908 0.1246 0.0520
vn -0.8475 -0.5286 -0.0484
vn -0.4140 -0.9026 -0.1179
vn -0.4140 -0.9026 -0.1178
vn 0.0165 -0.9893 -0.1452
vn -0.3570 0.9001 0.2499
vn -0.6324 0.6356 0.4428
vn -0.8153 0.0969 0.5709
vn -0.6664 -0.5816 0.4666
vn -0.2874 -0.9364 0.2012
vn 0.0595 -0.9974 -0.0417
vn -0.2737 0.9051 0.3253
vn -0.3707 0.6459 0.6673
vn -0.3707 0.6460 0.6673
vn -0.3877 0.1246 0.9133
vn -0.2443 -0.5286 0.8129
vn -0.2444 -0.5286 0.8129
vn -0.0308 -0.9026 0.4293
vn 0.1421 -0.9893 0.0342
vn -0.1728 0.9200 0.3518
vn -0.0628 0.6803 0.7302
vn -0.0628 0.6804 0.7302
vn 0.0878 0.1961 0.9766
vn 0.0878 0.1961 0.9767
vn 0.0878 0.1960 0.9767
vn 0.2217 -0.4139 0.8829
vn 0.2674 -0.8243 0.4989
vn 0.2416 -0.9684 0.0615
vn -0.0819 0.9427 0.3234
vn 0.2043 0.7421 0.6384
vn 0.4812 0.2957 0.8253
vn 0.6109 -0.2957 0.7344
vn 0.5301 -0.7421 0.4104
vn 0.5301 -0.7421 0.4103
vn 0.3319 -0.9427 0.0336
vn 0.2894 -0.6353 0.7160
vn -0.4999 0.7242 -0.4750
vn 0.3125 -0.7148 0.6256
vn 0.9051 0.2413 -0.3500
vn -0.4837 0.6714 -0.5615
vn 0.2518 -0.8670 0.4300
vn 0.8026 0.1206 -0.5842
vn 0.8024 0.1185 -0.5849
vn 0.8015 0.1090 -0.5879
vn -0.4549 0.7714 -0.4449
vn 0.3031 -0.8240 0.4788
vn 0.5054 -0.1201 -0.8545
vn -0.3755 0.8504 -0.3686
vn 0.3692 -0.7852 0.4972
vn -0.1014 -0.4088 -0.9070
vn -0.3587 0.8598 -0.3635
vn 0.4879 -0.7435 0.4574
vn -0.6487 -0.5121 -0.5630
vn -0.3739 0.8551 -0.3591
vn 0.4441 -0.7386 0.5073
vn -0.5516 -0.5086 -0.6611
vn -0.3467 0.8530 -0.3901
vn 0.4274 -0.6836 0.5917
vn -0.5204 -0.4878 -0.7008
vn -0.5937 -0.4471 -0.6691
vn -0.4963 -0.4989 -0.7104
vn -0.0391 -0.0906 -0.9951
vn 0.4262 -0.6697 0.6082
vn 0.1151 0.7870 -0.6061
vn 0.1151 0.7871 -0.6060
vn -0.1861 0.8635 -0.4688
vn 0.3717 -0.7425 0.5572
vn -0.8842 0.3125 0.3471
vn -0.9033 0.3397 0.2621
vn -0.8725 0.2986 0.3867
vn -0.1981 0.8451 -0.4966
vn 0.5284 -0.6480 0.5485
vn -0.3535 -0.3880 -0.8512
vn -0.3530 -0.3869 -0.8519
vn -0.3142 -0.3067 -0.8984
vn -0.5089 0.6675 -0.5437
vn 0.4391 -0.6733 0.5948
vn -0.5600 0.4169 -0.7159
vn -0.5490 0.3912 -0.7386
vn -0.5392 0.3662 -0.7584
vn -0.3975 0.6954 -0.5986
vn -0.4758 -0.5946 0.6481
vn -0.4756 -0.5830 0.6587
vn -0.3547 -0.7947 0.4926
vn 0.0971 0.5161 0.8510
vn 0.0992 0.5138 0.8521
vn 0.4260 0.2798 0.8604
vn 0.3048 0.6883 -0.6582
vn -0.8414 -0.3255 -0.4314
vn -0.6563 -0.3656 0.6600
vn 0.4321 0.5632 0.7043
vn 0.4253 0.5375 0.7282
vn 0.4402 0.5892 0.6776
vn 0.6283 0.4012 -0.6666
vn 0.6282 0.4012 -0.6666
vn -0.5139 -0.3853 -0.7665
vn -0.5227 -0.4131 -0.7457
vn -0.5274 -0.4284 -0.7337
vn -0.8874 0.2655 0.3770
vn 0.4610 0.4981 0.7344
vn 0.8851 -0.1993 -0.4205
vn -0.4610 -0.4981 -0.7344
vn -0.4611 -0.4981 -0.7344
vn 0.3905 -0.4116 0.8234
vn 0.3915 -0.4121 0.8227
vn 0.3890 -0.4109 0.8245
vn 0.3357 0.9298 0.1512
vn 0.3337 0.9242 0.1855
vn 0.3945 0.9188 -0.0119
vn -0.3750 0.5318 -0.7593
vn -0.3879 0.5358 -0.7500
vn -0.3311 0.5128 -0.7921
vn -0.9164 -0.2207 0.3339
vn -0.9155 -0.2199 0.3370
vn -0.9177 -0.2217 0.3297
vn 0.3875 0.1177 0.9143
vn 0.3945 0.1122 0.9120
vn 0.3594 0.1394 0.9227
vn 0.8861 0.3067 -0.3474
vn 0.8829 0.3120 -0.3508
vn 0.8667 0.3365 -0.3682
vn -0.3831 -0.1169 -0.9163
vn -0.4008 -0.0996 -0.9107
vn -0.4247 -0.0779 -0.9020
vn -0.8683 -0.3665 0.3344
vn -0.8644 -0.3724 0.3378
vn -0.8828 -0.3432 0.3207
vn 0.3376 0.6012 0.7243
vn 0.3084 0.6106 0.7294
vn 0.2669 0.6229 0.7354
vn 0.8425 0.1788 -0.5081
vn 0.8760 0.1929 -0.4421
vn 0.8141 0.1615 -0.5578
vn -0.2364 -0.6838 -0.6903
vn -0.2335 -0.6797 -0.6953
vn -0.2232 -0.6649 -0.7128
vn -0.9607 -0.2752 -0.0363
vn -0.9566 -0.2788 0.0850
vn -0.9468 -0.2800 0.1585
vn -0.0115 0.9343 0.3563
vn 0.0052 0.9399 0.3415
vn -0.0196 0.9312 0.3639
vn 0.8728 -0.2705 -0.4063
vn 0.9056 -0.1151 -0.4081
vn 0.9136 -0.0304 -0.4054
vn 0.1564 -0.8682 -0.4709
vn 0.1004 -0.8989 -0.4264
vn 0.0810 -0.9083 -0.4104
vn -0.8315 -0.5553 0.0143
vn -0.8573 -0.5106 0.0652
vn -0.8631 -0.4990 0.0781
vn 0.5702 -0.2433 0.7847
vn 0.5262 -0.3115 0.7913
vn 0.4929 -0.3642 0.7902
vn 0.8540 0.2918 -0.4307
vn 0.8390 0.2803 -0.4664
vn 0.8098 0.2594 -0.5262
vn -0.5177 0.4516 -0.7267
vn -0.5171 0.4509 -0.7275
vn -0.5213 0.4556 -0.7216
vn -0.8360 0.0188 0.5484
vn -0.7909 0.1006 0.6036
vn -0.6307 0.2145 0.7458
vn 0.5497 -0.0576 0.8333
vn 0.5498 -0.0576 0.8333
vn 0.5500 -0.0573 0.8332
vn 0.8504 0.0691 -0.5216
vn 0.8510 0.0705 -0.5204
vn 0.8479 0.0634 -0.5264
vn -0.5508 0.0837 -0.8304
vn -0.5511 0.0828 -0.8303
vn -0.5506 0.0843 -0.8305
vn -0.8525 -0.0558 0.5197
vn -0.8532 -0.0574 0.5184
vn -0.8550 -0.0615 0.5150
vn 0.2053 0.8622 0.4630
vn 0.2051 0.8622 0.4633
vn 0.2054 0.8623 0.4629
vn 0.4746 -0.4842 -0.7351
vn 0.7533 -0.2163 -0.6211
vn 0.3753 -0.5764 -0.7259
vn -0.1661 -0.8121 -0.5594
vn -0.1937 -0.8241 -0.5323
vn -0.1993 -0.8265 -0.5265
vn -0.7842 -0.6052 -0.1372
vn -0.9030 -0.3535 0.2442
vn -0.8991 -0.3596 0.2496
vn 0.8612 0.0375 0.5069
vn 0.8483 0.0226 0.5290
vn 0.8049 -0.0225 0.5929
vn 0.6198 -0.0882 -0.7798
vn 0.6145 -0.0799 -0.7849
vn 0.6222 -0.0921 -0.7775
vn -0.7583 0.3620 -0.5421
vn -0.7611 0.3719 -0.5314
vn -0.7532 0.3430 -0.5613
vn -0.3712 0.1209 0.9207
vn -0.4593 0.2597 0.8495
vn -0.6072 0.5939 0.5279
vn 0.6779 -0.0477 0.7336
vn 0.7192 -0.0907 0.6889
vn 0.7568 -0.1339 0.6398
vn 0.7152 -0.0578 -0.6965
vn 0.7063 -0.0463 -0.7064
vn 0.7353 -0.0853 -0.6724
vn -0.7224 0.0514 -0.6895
vn -0.6701 -0.1061 -0.7347
vn -0.6048 -0.2829 -0.7445
vn -0.7082 0.0421 0.7047
vn -0.7055 0.0395 0.7076
vn -0.7007 0.0349 0.7126
vn -0.6910 0.0504 -0.7211
vn -0.6976 0.0444 -0.7151
vn -0.7415 0.0023 -0.6709
vn 0.4187 0.8347 0.3578
vn 0.4191 0.8347 0.3571
vn 0.4185 0.8347 0.3580
vn 0.4719 -0.4326 -0.7682
vn 0.6355 -0.3195 -0.7029
vn 0.3661 -0.5021 -0.7835
vn -0.5391 -0.7929 -0.2841
vn -0.5144 -0.7906 -0.3321
vn -0.5043 -0.7891 -0.3507
vn -0.9376 -0.1396 0.3184
vn -0.9165 0.0800 0.3920
vn -0.9319 -0.1708 0.3200
vn -0.1768 -0.9755 0.1312
vn -0.9045 0.1593 0.3957
vn 0.1768 0.9755 -0.1312
vn -0.9930 0.0574 -0.1034
vn 0.1768 0.9755 -0.1313
vn -0.8348 -0.0525 -0.5481
vn -0.1768 -0.9755 0.1313
vn -0.4811 -0.1500 -0.8638
vn -0.4811 -0.1500 -0.8637
vn 0.0177 -0.2148 -0.9765
vn 0.5448 -0.2143 -0.8107
vn 0.5436 -0.2207 -0.8098
vn 0.5448 -0.2145 -0.8107
vn 0.9045 -0.1593 -0.3957
vn 0.9044 -0.1593 -0.3957
vn 0.9930 -0.0574 0.1034
vn 0.8348 0.0525 0.5481
vn 0.4811 0.1500 0.8637
vn -0.0177 0.2148 0.9765
vn -0.5436 0.2207 0.8098
vn -0.5448 0.2143 0.8107
vn -0.5448 0.2145 0.8107
vn 0.4322 -0.1098 0.8951
vn -0.0473 0.0512 0.9976
vn -0.5460 0.2082 0.8115
vn -0.8765 0.3010 0.3756
vn -0.8765 0.3010 0.3757
vn -0.9428 0.3045 -0.1361
vn -0.7777 0.2343 -0.5833
vn -0.4322 0.1098 -0.8951
vn 0.0473 -0.0512 -0.9976
vn 0.5459 -0.2082 -0.8115
vn 0.8765 -0.3010 -0.3757
vn 0.9428 -0.3045 0.1361
vn 0.7777 -0.2343 0.5833
vn 0.3713 -0.3115 0.8747
vn 0.3712 -0.3115 0.8747
vn -0.0698 -0.0795 0.9944
vn -0.8349 0.4244 0.3505
vn -0.8349 0.4244 0.3504
vn -0.8543 0.4956 -0.1567
vn -0.6833 0.4500 -0.5751
vn -0.3713 0.3115 -0.8747
vn -0.3712 0.3115 -0.8747
vn 0.0698 0.0795 -0.9944
vn 0.5459 -0.2081 -0.8116
vn 0.5460 -0.2082 -0.8115
vn 0.8349 -0.4244 -0.3505
vn 0.8543 -0.4956 0.1567
vn 0.6833 -0.4500 0.5751
vn 0.6832 -0.4500 0.5751
vn 0.2475 0.9655 -0.0811
vn -0.0631 0.1389 0.9883
vn -0.0622 0.1424 0.9878
vn -0.0622 0.1424 0.9879
vn -0.5459 0.2081 0.8116
vn -0.8819 0.2213 0.4163
vn -0.9805 0.1751 -0.0897
vn -0.9804 0.1751 -0.0898
vn -0.8170 0.0822 -0.5707
vn -0.4358 -0.0326 -0.8995
vn -0.4357 -0.0326 -0.8995
vn 0.0622 -0.1424 -0.9878
vn 0.0631 -0.1389 -0.9883
vn 0.0622 -0.1424 -0.9879
vn 0.8819 -0.2213 -0.4163
vn 0.9805 -0.1751 0.0898
vn 0.9804 -0.1751 0.0898
vn 0.8170 -0.0822 0.5707
vn 0.4357 0.0326 0.8995
vn 0.5459 -0.2082 -0.8116
vn -0.0479 0.1966 0.9793
vn 0.4560 0.1321 0.8801
vn 0.8333 0.0339 0.5518
vn 0.9941 -0.0731 0.0803
vn 0.8931 -0.1622 -0.4195
vn 0.8932 -0.1622 -0.4195
vn 0.0479 -0.1966 -0.9793
vn -0.4560 -0.1321 -0.8801
vn -0.8333 -0.0339 -0.5518
vn -0.8332 -0.0339 -0.5519
vn -0.9941 0.0731 -0.0802
vn -0.9941 0.0731 -0.0803
vn -0.8932 0.1622 0.4195
vn -0.8480 0.3422 0.4048
vn -0.8479 0.3422 0.4048
vn -0.9449 0.3115 -0.1012
vn -0.7892 0.1973 -0.5815
vn -0.4207 0.0297 -0.9067
vn 0.0613 -0.1459 -0.9874
vn 0.5253 -0.2818 -0.8029
vn 0.8479 -0.3422 -0.4048
vn 0.9449 -0.3115 0.1012
vn 0.7892 -0.1973 0.5815
vn 0.4207 -0.0297 0.9067
vn -0.0613 0.1459 0.9874
vn -0.5253 0.2818 0.8029
vn 0.1962 -0.9397 -0.2802
vn -0.8860 -0.2426 0.3951
vn -0.1962 0.9397 0.2802
vn -0.9884 -0.1176 -0.0958
vn -0.8289 0.0532 -0.5568
vn -0.4503 0.2239 -0.8643
vn 0.0460 0.3489 -0.9360
vn 0.5270 0.3946 -0.7527
vn 0.8638 0.3489 -0.3634
vn 0.9662 0.2239 0.1275
vn 0.8067 0.0532 0.5885
vn 0.4281 -0.1176 0.8960
vn -0.0682 -0.2426 0.9677
vn -0.5492 -0.2883 0.7844
vn 0.0248 0.9684 0.2481
vn -0.3774 0.8243 0.4220
vn -0.7538 0.4139 0.5103
vn -0.8877 -0.1961 0.4166
vn -0.7076 -0.6803 0.1907
vn -0.7077 -0.6803 0.1907
vn -0.3897 -0.9200 -0.0421
vn 0.0165 0.9893 0.1452
vn -0.4140 0.9026 0.1179
vn -0.8475 0.5286 0.0484
vn -0.9908 -0.1246 -0.0520
vn -0.9909 -0.1246 -0.0520
vn -0.7539 -0.6459 -0.1201
vn -0.3993 -0.9051 -0.1459
vn 0.0595 0.9974 0.0417
vn -0.2874 0.9364 -0.2012
vn -0.6664 0.5816 -0.4666
vn -0.8153 -0.0969 -0.5709
vn -0.6324 -0.6356 -0.4428
vn -0.3570 -0.9001 -0.2499
vn 0.1421 0.9893 -0.0342
vn -0.0308 0.9026 -0.4293
vn -0.0309 0.9026 -0.4293
vn -0.2443 0.5286 -0.8129
vn -0.2444 0.5286 -0.8129
vn -0.3877 -0.1246 -0.9133
vn -0.3707 -0.6459 -0.6673
vn -0.2737 -0.9051 -0.3253
vn 0.2416 0.9684 -0.0615
vn 0.2674 0.8243 -0.4989
vn 0.2217 0.4139 -0.8829
vn 0.0878 -0.1961 -0.9766
vn 0.0878 -0.1961 -0.9767
vn 0.0878 -0.1960 -0.9767
vn -0.0628 -0.6803 -0.7302
vn -0.0628 -0.6804 -0.7302
vn -0.1728 -0.9200 -0.3518
vn 0.3319 0.9427 -0.0336
vn 0.5301 0.7420 -0.4104
vn 0.5301 0.7421 -0.4103
vn 0.6109 0.2957 -0.7344
vn 0.4812 -0.2957 -0.8253
vn 0.2043 -0.7421 -0.6385
vn 0.2043 -0.7421 -0.6384
vn -0.0819 -0.9427 -0.3234
vn 0.3897 0.9200 0.0421
vn 0.7077 0.6803 -0.1907
vn 0.7076 0.6803 -0.1907
vn 0.8877 0.1961 -0.4166
vn 0.7538 -0.4139 -0.5103
vn 0.3774 -0.8243 -0.4220
vn 0.3774 -0.8243 -0.4219
vn -0.0248 -0.9684 -0.2481
vn 0.3993 0.9051 0.1459
vn 0.7539 0.6459 0.1201
vn 0.9908 0.1246 0.0519
vn 0.9908 0.1246 0.0520
vn 0.8475 -0.5286 -0.0484
vn 0.4140 -0.9026 -0.1179
vn -0.0165 -0.9893 -0.1452
vn 0.3570 0.9001 0.2499
vn 0.6324 0.6356 0.4428
vn 0.8153 0.0969 0.5709
vn 0.6664 -0.5816 0.4666
vn 0.2874 -0.9364 0.2012
vn -0.0595 -0.9974 -0.0417
vn 0.2737 0.9051 0.3253
vn 0.3707 0.6459 0.6673
vn 0.3877 0.1246 0.9133
vn 0.2443 -0.5286 0.8129
vn 0.0308 -0.9026 0.4293
vn 0.0309 -0.9026 0.4293
vn -0.1421 -0.9893 0.0342
vn 0.1728 0.9200 0.3518
vn 0.0628 0.6803 0.7302
vn 0.0628 0.6804 0.7302
vn -0.0878 0.1961 0.9767
vn -0.0878 0.1961 0.9766
vn -0.0878 0.1960 0.9767
vn -0.2217 -0.4139 0.8829
vn -0.2674 -0.8243 0.4989
vn -0.2674 -0.8243 0.4990
vn -0.2416 -0.9684 0.0615
vn 0.0819 0.9427 0.3234
vn -0.2043 0.7421 0.6384
vn -0.4812 0.2957 0.8253
vn -0.4811 0.2957 0.8253
vn -0.6109 -0.2957 0.7344
vn -0.5301 -0.7421 0.4104
vn -0.5301 -0.7421 0.4103
vn -0.3319 -0.9427 0.0336
vn -0.2894 -0.6353 0.7160
vn 0.4999 0.7242 -0.4750
vn -0.3125 -0.7148 0.6256
vn -0.9051 0.2413 -0.3500
vn 0.4837 0.6714 -0.5615
vn -0.2518 -0.8670 0.4300
vn -0.8024 0.1185 -0.5849
vn -0.8026 0.1206 -0.5842
vn -0.8015 0.1090 -0.5879
vn 0.4549 0.7714 -0.4449
vn -0.3031 -0.8239 0.4788
vn -0.5054 -0.1201 -0.8545
vn 0.3755 0.8504 -0.3686
vn -0.3692 -0.7852 0.4972
vn 0.1014 -0.4088 -0.9070
vn 0.3587 0.8598 -0.3635
vn -0.4879 -0.7435 0.4574
vn 0.6487 -0.5121 -0.5630
vn 0.3739 0.8551 -0.3591
vn -0.4441 -0.7386 0.5073
vn 0.5516 -0.5086 -0.6611
vn 0.3467 0.8530 -0.3901
vn -0.4274 -0.6836 0.5917
vn 0.5204 -0.4878 -0.7008
vn 0.5937 -0.4470 -0.6691
vn 0.6175 -0.4310 -0.6580
vn 0.0391 -0.0906 -0.9951
vn -0.4262 -0.6697 0.6082
vn -0.1151 0.7870 -0.6061
vn -0.1151 0.7871 -0.6060
vn 0.1861 0.8635 -0.4688
vn -0.3717 -0.7425 0.5572
vn 0.9033 0.3397 0.2621
vn 0.8842 0.3125 0.3471
vn 0.8725 0.2985 0.3868
vn 0.1981 0.8451 -0.4966
vn -0.5284 -0.6480 0.5485
vn 0.3530 -0.3869 -0.8519
vn 0.3535 -0.3880 -0.8512
vn 0.3142 -0.3067 -0.8984
vn 0.5089 0.6675 -0.5437
vn -0.4391 -0.6733 0.5948
vn 0.5600 0.4169 -0.7159
vn 0.5490 0.3912 -0.7386
vn 0.5810 0.4670 -0.6666
vn 0.3975 0.6954 -0.5986
vn 0.4758 -0.5946 0.6481
vn 0.4756 -0.5830 0.6587
vn 0.4873 -0.4620 0.7410
vn -0.0971 0.5161 0.8510
vn -0.0992 0.5138 0.8521
vn 0.1026 0.7807 0.6164
vn -0.3048 0.6883 -0.6582
vn 0.8414 -0.3255 -0.4314
vn 0.6563 -0.3656 0.6600
vn -0.4321 0.5633 0.7043
vn -0.4253 0.5375 0.7282
vn -0.4220 0.5218 0.7414
vn -0.6283 0.4012 -0.6666
vn 0.5227 -0.4131 -0.7457
vn 0.5139 -0.3853 -0.7665
vn 0.5274 -0.4284 -0.7337
vn 0.8874 0.2655 0.3770
vn -0.4610 0.4981 0.7344
vn -0.8851 -0.1993 -0.4205
vn 0.4611 -0.4981 -0.7344
vn 0.4610 -0.4981 -0.7344
vn -0.3915 -0.4121 0.8227
vn -0.3905 -0.4116 0.8234
vn -0.3890 -0.4109 0.8245
vn -0.3337 0.9242 0.1855
vn -0.3357 0.9298 0.1512
vn -0.3945 0.9188 -0.0119
vn 0.3750 0.5318 -0.7593
vn 0.3880 0.5358 -0.7500
vn 0.4273 0.5448 -0.7215
vn 0.9164 -0.2207 0.3339
vn 0.9155 -0.2199 0.3370
vn 0.9143 -0.2191 0.3405
vn -0.3945 0.1122 0.9120
vn -0.3875 0.1177 0.9143
vn -0.3594 0.1394 0.9227
vn -0.8861 0.3067 -0.3474
vn -0.8829 0.3120 -0.3508
vn -0.8989 0.2840 -0.3337
vn 0.3831 -0.1169 -0.9163
vn 0.4008 -0.0996 -0.9107
vn 0.3597 -0.1414 -0.9223
vn 0.8644 -0.3724 0.3378
vn 0.8683 -0.3665 0.3344
vn 0.8828 -0.3432 0.3207
vn -0.3084 0.6106 0.7294
vn -0.3376 0.6012 0.7243
vn -0.2669 0.6229 0.7354
vn -0.8425 0.1788 -0.5081
vn -0.8760 0.1929 -0.4422
vn -0.8920 0.1956 -0.4075
vn 0.2335 -0.6797 -0.6953
vn 0.2364 -0.6838 -0.6903
vn 0.2232 -0.6649 -0.7128
vn 0.9566 -0.2788 0.0850
vn 0.9607 -0.2752 -0.0363
vn 0.9468 -0.2800 0.1585
vn 0.0115 0.9343 0.3563
vn -0.0052 0.9399 0.3415
vn -0.0136 0.9424 0.3342
vn -0.9056 -0.1151 -0.4082
vn -0.8728 -0.2705 -0.4063
vn -0.9136 -0.0304 -0.4054
vn -0.1004 -0.8989 -0.4264
vn -0.1564 -0.8682 -0.4709
vn -0.0810 -0.9083 -0.4104
vn 0.8573 -0.5106 0.0652
vn 0.8315 -0.5553 0.0143
vn 0.8631 -0.4990 0.0781
vn -0.5702 -0.2433 0.7847
vn -0.5262 -0.3115 0.7913
vn -0.6001 -0.2069 0.7727
vn -0.8390 0.2802 -0.4664
vn -0.8540 0.2918 -0.4307
vn -0.8098 0.2594 -0.5262
vn 0.5177 0.4516 -0.7267
vn 0.5171 0.4509 -0.7275
vn 0.5142 0.4475 -0.7317
vn 0.8360 0.0188 0.5483
vn 0.7910 0.1006 0.6035
vn 0.8704 -0.1157 0.4786
vn -0.5500 -0.0580 0.8331
vn -0.5501 -0.0579 0.8331
vn -0.5498 -0.0583 0.8332
vn -0.8510 0.0705 -0.5204
vn -0.8504 0.0691 -0.5216
vn -0.8479 0.0634 -0.5264
vn 0.5512 0.0827 -0.8303
vn 0.5509 0.0836 -0.8304
vn 0.5507 0.0842 -0.8305
vn 0.8525 -0.0558 0.5197
vn 0.8532 -0.0574 0.5184
vn 0.8499 -0.0498 0.5246
vn -0.2050 0.8623 0.4631
vn -0.2048 0.8622 0.4633
vn -0.2047 0.8622 0.4634
vn -0.4746 -0.4842 -0.7351
vn -0.7533 -0.2163 -0.6211
vn -0.7631 -0.2214 -0.6072
vn 0.1937 -0.8241 -0.5323
vn 0.1661 -0.8121 -0.5594
vn 0.1993 -0.8265 -0.5265
vn 0.9030 -0.3535 0.2443
vn 0.7842 -0.6051 -0.1373
vn 0.8991 -0.3596 0.2496
vn -0.8612 0.0375 0.5069
vn -0.8483 0.0226 0.5291
vn -0.8991 0.0568 0.4341
vn -0.6198 -0.0882 -0.7798
vn -0.6145 -0.0799 -0.7849
vn -0.6122 -0.0765 -0.7870
vn 0.7583 0.3620 -0.5421
vn 0.7611 0.3719 -0.5314
vn 0.7652 0.3853 -0.5158
vn 0.4593 0.2597 0.8495
vn 0.3711 0.1210 0.9207
vn 0.6072 0.5939 0.5279
vn -0.7192 -0.0907 0.6889
vn -0.6779 -0.0477 0.7336
vn -0.7568 -0.1339 0.6398
vn -0.7152 -0.0578 -0.6965
vn -0.7063 -0.0463 -0.7064
vn -0.6937 -0.0312 -0.7196
vn 0.7224 0.0514 -0.6895
vn 0.6701 -0.1061 -0.7347
vn 0.7654 0.1672 -0.6215
vn 0.7055 0.0395 0.7076
vn 0.7082 0.0421 0.7047
vn 0.7007 0.0349 0.7126
vn 0.6976 0.0444 -0.7151
vn 0.6910 0.0504 -0.7211
vn 0.7415 0.0023 -0.6709
vn -0.4187 0.8347 0.3578
vn -0.4191 0.8347 0.3571
vn -0.4193 0.8348 0.3569
vn -0.4719 -0.4326 -0.7682
vn -0.6355 -0.3195 -0.7029
vn -0.6651 -0.3044 -0.6819
vn 0.5144 -0.7906 -0.3321
vn 0.5391 -0.7929 -0.2841
vn 0.5043 -0.7891 -0.3507
vn 0.9376 -0.1396 0.3184
vn 0.9165 0.0800 0.3920
vn 0.8844 0.1886 0.4269
vn -0.9941 0.0731 0.0803
vn -0.8877 -0.1960 -0.4165
vn -0.7076 -0.6804 -0.1907
vn -0.9908 -0.1246 0.0519
vn 0.2218 0.4139 0.8829
vn 0.0878 -0.1960 0.9767
vn -0.0628 -0.6804 0.7302
vn 0.4811 -0.2957 0.8253
vn 0.7539 -0.4139 0.5103
vn 0.0309 -0.9026 -0.4293
vn 0.0629 0.6803 -0.7302
vn -0.0878 0.1961 -0.9766
vn -0.2674 -0.8243 -0.4990
vn -0.4811 0.2957 -0.8253
vn -0.5301 -0.7420 -0.4104
vn -0.8034 0.1308 0.5808
vn 0.6175 -0.4310 0.6580
vn 0.9086 0.3501 -0.2276
vn 0.3772 -0.4390 0.8155
vn 0.5810 0.4670 0.6666
vn 0.4873 -0.4620 -0.7410
vn 0.1027 0.7807 -0.6164
vn -0.4220 0.5218 -0.7414
vn 0.5034 -0.3543 0.7881
vn -0.3932 -0.4130 -0.8215
vn -0.1069 0.7774 -0.6198
vn 0.4273 0.5448 0.7215
vn 0.9143 -0.2191 -0.3405
vn -0.4206 0.0913 -0.9026
vn -0.8989 0.2840 0.3337
vn 0.3597 -0.1414 0.9223
vn 0.8469 -0.3980 -0.3526
vn -0.3752 0.5881 -0.7165
vn -0.8920 0.1956 0.4075
vn 0.2482 -0.7003 0.6694
vn 0.9470 -0.2670 0.1787
vn -0.0136 0.9424 -0.3342
vn -0.8645 -0.2973 0.4053
vn -0.1893 -0.8475 0.4959
vn 0.8134 -0.5815 0.0171
vn -0.6001 -0.2069 -0.7727
vn -0.8870 0.3194 0.3333
vn 0.5142 0.4475 0.7317
vn 0.8704 -0.1157 -0.4786
vn -0.5496 -0.0579 -0.8334
vn -0.8527 0.0745 0.5170
vn 0.5513 0.0822 0.8302
vn 0.8499 -0.0498 -0.5246
vn -0.2051 0.8621 -0.4633
vn -0.7631 -0.2214 0.6072
vn 0.1548 -0.8068 0.5702
vn 0.6909 -0.6708 0.2696
vn -0.8991 0.0568 -0.4341
vn -0.6122 -0.0765 0.7870
vn 0.7652 0.3854 0.5158
vn 0.2438 -0.0510 -0.9685
vn -0.6149 0.0116 -0.7885
vn -0.6937 -0.0312 0.7196
vn 0.7653 0.1672 0.6215
vn 0.7146 0.0483 -0.6979
vn 0.6525 0.0840 0.7531
vn -0.4193 0.8348 -0.3569
vn -0.6651 -0.3044 0.6819
vn 0.5522 -0.7931 0.2571
vn 0.8844 0.1886 -0.4269
vn -0.2015 0.6575 -0.7260
vn 0.2226 0.4576 -0.8609
vn 0.8658 -0.4476 -0.2239
vn 0.7277 -0.6555 0.2019
vn 0.2021 -0.6546 0.7285
vn -0.2241 -0.4460 0.8665
vn -0.8616 0.4560 0.2228
vn -0.7268 0.6566 -0.2016
vn 0.1890 0.6547 -0.7319
vn -0.2389 0.4484 -0.8613
vn -0.8662 -0.4381 -0.2404
vn -0.7336 -0.6526 0.1894
vn -0.2021 -0.6546 0.7285
vn 0.2241 -0.4460 0.8665
vn 0.8616 0.4560 0.2228
vn 0.7268 0.6566 -0.2016
vn 0.2015 0.6575 0.7260
vn -0.2226 0.4576 0.8609
vn -0.8658 -0.4476 0.2239
vn -0.7277 -0.6555 -0.2019
vn -0.2021 -0.6546 -0.7285
vn 0.2241 -0.4460 -0.8665
vn 0.8616 0.4560 -0.2228
vn 0.7268 0.6566 0.2016
vn -0.1890 0.6547 0.7319
vn 0.2389 0.4484 0.8613
vn 0.8662 -0.4381 0.2404
vn 0.7336 -0.6526 -0.1894
vn 0.2021 -0.6546 -0.7285
vn -0.2241 -0.4460 -0.8665
vn -0.8616 0.4560 -0.2228
vn -0.7268 0.6566 0.2016
vn 0.7539 0.4139 -0.5103
vn 0.8877 -0.1960 -0.4165
vn 0.7076 -0.6804 -0.1907
vn 0.4140 0.9026 -0.1178
vn 0.8475 0.5286 -0.0485
vn 0.9908 -0.1246 0.0519
vn 0.3707 -0.6460 0.6673
vn -0.4811 -0.2957 0.8253
vn -0.7076 0.6804 0.1907
vn -0.8877 0.1960 0.4165
vn -0.7539 -0.4139 0.5103
vn -0.4140 -0.9026 0.1178
vn -0.2444 -0.5286 -0.8129
vn -0.0629 0.6803 -0.7302
vn 0.5301 -0.7420 -0.4104
vn 0.8034 0.1308 0.5808
vn -0.4963 -0.4989 0.7104
vn -0.9086 0.3501 -0.2276
vn -0.3772 -0.4390 0.8155
vn -0.5392 0.3662 0.7584
vn -0.3547 -0.7947 -0.4926
vn 0.4260 0.2798 -0.8604
vn 0.4402 0.5892 -0.6776
vn -0.5034 -0.3543 0.7881
vn 0.3932 -0.4130 -0.8215
vn 0.1068 0.7775 -0.6198
vn -0.3311 0.5128 0.7921
vn -0.9177 -0.2217 -0.3297
vn 0.4206 0.0913 -0.9026
vn 0.8667 0.3365 0.3682
vn -0.4247 -0.0779 0.9020
vn -0.8469 -0.3980 -0.3526
vn 0.3752 0.5881 -0.7165
vn 0.8141 0.1615 0.5578
vn -0.2482 -0.7003 0.6694
vn -0.9470 -0.2670 0.1787
vn -0.0196 0.9312 -0.3639
vn 0.8645 -0.2973 0.4053
vn 0.1893 -0.8475 0.4959
vn -0.8134 -0.5815 0.0172
vn 0.4929 -0.3642 -0.7902
vn 0.8870 0.3195 0.3334
vn -0.5213 0.4556 0.7216
vn -0.6307 0.2145 -0.7458
vn 0.5502 -0.0576 -0.8330
vn 0.8527 0.0745 0.5170
vn -0.5514 0.0821 0.8302
vn -0.8550 -0.0615 -0.5150
vn 0.2051 0.8623 -0.4630
vn 0.3753 -0.5764 0.7259
vn -0.1548 -0.8068 0.5702
vn -0.6909 -0.6708 0.2696
vn 0.8049 -0.0225 -0.5929
vn 0.6222 -0.0921 0.7775
vn -0.7532 0.3431 0.5613
vn -0.2438 -0.0510 -0.9685
vn 0.6149 0.0116 -0.7885
vn 0.7353 -0.0853 0.6724
vn -0.6048 -0.2829 0.7445
vn -0.7146 0.0483 -0.6979
vn -0.6525 0.0840 0.7531
vn 0.4185 0.8347 -0.3580
vn 0.3661 -0.5021 0.7835
vn -0.5522 -0.7931 0.2571
vn -0.9319 -0.1708 -0.3200
vn 0.9941 0.0731 -0.0803
vn 0.8877 -0.1960 0.4165
vn 0.7076 -0.6804 0.1907
vn 0.9908 -0.1246 -0.0519
vn -0.2218 0.4139 -0.8829
vn -0.0878 -0.1960 -0.9767
vn 0.0628 -0.6804 -0.7302
vn -0.4811 -0.2957 -0.8253
vn -0.7539 -0.4139 -0.5103
vn -0.0309 -0.9026 0.4293
vn -0.0629 0.6803 0.7302
vn 0.2674 -0.8243 0.4990
vn 0.4811 0.2957 0.8253
vn 0.5301 -0.7420 0.4104
vn 0.8034 0.1308 -0.5808
vn -0.6175 -0.4310 -0.6580
vn -0.9086 0.3501 0.2276
vn -0.3772 -0.4390 -0.8155
vn -0.5810 0.4670 -0.6666
vn -0.4873 -0.4620 0.7410
vn -0.1027 0.7807 0.6164
vn 0.4220 0.5218 0.7414
vn -0.5034 -0.3543 -0.7881
vn 0.3932 -0.4130 0.8215
vn 0.1069 0.7774 0.6198
vn -0.4273 0.5448 -0.7215
vn -0.9143 -0.2191 0.3405
vn 0.4206 0.0913 0.9026
vn 0.8989 0.2840 -0.3337
vn -0.3597 -0.1414 -0.9223
vn -0.8469 -0.3980 0.3526
vn 0.3752 0.5881 0.7165
vn 0.8920 0.1956 -0.4075
vn -0.2482 -0.7003 -0.6694
vn -0.9470 -0.2670 -0.1787
vn 0.0136 0.9424 0.3342
vn 0.8645 -0.2973 -0.4053
vn 0.1893 -0.8475 -0.4959
vn -0.8134 -0.5815 -0.0171
vn 0.6001 -0.2069 0.7727
vn 0.8870 0.3194 -0.3333
vn -0.5142 0.4475 -0.7317
vn -0.8704 -0.1157 0.4786
vn 0.5496 -0.0579 0.8334
vn 0.8527 0.0745 -0.5170
vn -0.5513 0.0822 -0.8302
vn -0.8499 -0.0498 0.5246
vn 0.2051 0.8621 0.4633
vn 0.7631 -0.2214 -0.6072
vn -0.1548 -0.8068 -0.5702
vn -0.6909 -0.6708 -0.2696
vn 0.8991 0.0568 0.4341
vn 0.6122 -0.0765 -0.7870
vn -0.7652 0.3854 -0.5158
vn -0.2438 -0.0510 0.9685
vn 0.6149 0.0116 0.7885
vn 0.6937 -0.0312 -0.7196
vn -0.7653 0.1672 -0.6215
vn -0.7146 0.0483 0.6979
vn -0.6525 0.0840 -0.7531
vn 0.4193 0.8348 0.3569
vn 0.6651 -0.3044 -0.6819
vn -0.5522 -0.7931 -0.2571
vn -0.8844 0.1886 0.4269
vn -0.7539 0.4139 0.5103
vn -0.8877 -0.1960 0.4165
vn -0.7076 -0.6804 0.1907
vn -0.4140 0.9026 0.1178
vn -0.8475 0.5286 0.0485
vn -0.9908 -0.1246 -0.0519
vn -0.3707 -0.6460 -0.6673
vn 0.4811 -0.2957 -0.8253
vn 0.7076 0.6804 -0.1907
vn 0.8877 0.1960 -0.4165
vn 0.7539 -0.4139 -0.5103
vn 0.4140 -0.9026 -0.1178
vn 0.2444 -0.5286 0.8129
vn 0.0629 0.6803 0.7302
vn -0.5301 -0.7420 0.4104
vn -0.8034 0.1308 -0.5808
vn 0.4963 -0.4989 -0.7104
vn 0.9086 0.3501 0.2276
vn 0.3772 -0.4390 -0.8155
vn 0.5392 0.3662 -0.7584
vn 0.3547 -0.7947 0.4926
vn -0.4260 0.2798 0.8604
vn -0.4402 0.5892 0.6776
vn 0.5034 -0.3543 -0.7881
vn -0.3932 -0.4130 0.8215
vn -0.1068 0.7775 0.6198
vn 0.3311 0.5128 -0.7921
vn 0.9177 -0.2217 0.3297
vn -0.4206 0.0913 0.9026
vn -0.8667 0.3365 -0.3682
vn 0.4247 -0.0779 -0.9020
vn 0.8469 -0.3980 0.3526
vn -0.3752 0.5881 0.7165
vn -0.8141 0.1615 -0.5578
vn 0.2482 -0.7003 -0.6694
vn 0.9470 -0.2670 -0.1787
vn 0.0196 0.9312 0.3639
vn -0.8645 -0.2973 -0.4053
vn -0.1893 -0.8475 -0.4959
vn 0.8134 -0.5815 -0.0172
vn -0.4929 -0.3642 0.7902
vn -0.8870 0.3195 -0.3334
vn 0.5213 0.4556 -0.7216
vn 0.6307 0.2145 0.7458
vn -0.5502 -0.0576 0.8330
vn -0.8527 0.0745 -0.5170
vn 0.5514 0.0821 -0.8302
vn 0.8550 -0.0615 0.5150
vn -0.2051 0.8623 0.4630
vn -0.3753 -0.5764 -0.7259
vn 0.1548 -0.8068 -0.5702
vn 0.6909 -0.6708 -0.2696
vn -0.8049 -0.0225 0.5929
vn -0.6222 -0.0921 -0.7775
vn 0.7532 0.3431 -0.5613
vn 0.2438 -0.0510 0.9685
vn -0.6149 0.0116 0.7885
vn -0.7353 -0.0853 -0.6724
vn 0.6048 -0.2829 -0.7445
vn 0.7146 0.0483 0.6979
vn 0.6525 0.0840 -0.7531
vn -0.4185 0.8347 0.3580
vn -0.3661 -0.5021 -0.7835
vn 0.5522 -0.7931 -0.2571
vn 0.9319 -0.1708 0.3200
vt 0.656250 0.832031
vt 0.828125 0.785156
vt 0.828125 0.832031
vt 0.828125 0.781250
vt 0.656250 0.734375
vt 0.828125 0.734375
vt 0.171875 0.445312
vt 0.000000 0.617188
vt 0.000000 0.445312
vt 0.554688 1.000000
vt 0.382812 0.828125
vt 0.554688 0.828125
vt 0.312500 0.320312
vt 0.140625 0.273438
vt 0.312500 0.273438
vt 0.683594 0.730469
vt 0.855469 0.683594
vt 0.855469 0.730469
vt 0.699219 0.867188
vt 0.886719 0.859375
vt 0.886719 0.867188
vt 0.886719 0.855469
vt 0.699219 0.847656
vt 0.886719 0.847656
vt 0.187500 0.812500
vt 0.000000 1.000000
vt 0.000000 0.812500
vt 0.187500 0.808594
vt 0.000000 0.621094
vt 0.187500 0.621094
vt 0.886719 0.843750
vt 0.699219 0.835938
vt 0.886719 0.835938
vt 0.718750 0.406250
vt 0.906250 0.398438
vt 0.906250 0.406250
vt 0.746094 0.527344
vt 0.933594 0.519531
vt 0.933594 0.527344
vt 0.933594 0.515625
vt 0.746094 0.507812
vt 0.933594 0.507812
vt 0.000000 0.808594
vt 0.378906 0.808594
vt 0.191406 0.621094
vt 0.378906 0.621094
vt 0.933594 0.503906
vt 0.746094 0.496094
vt 0.933594 0.496094
vt 0.753906 0.679688
vt 0.941406 0.671875
vt 0.941406 0.679688
vt 0.371094 0.246094
vt 0.378906 0.199219
vt 0.378906 0.246094
vt 0.757812 0.156250
vt 0.750000 0.109375
vt 0.757812 0.109375
vt 0.390625 0.632812
vt 0.382812 0.640625
vt 0.382812 0.632812
vt 0.339844 0.484375
vt 0.332031 0.476562
vt 0.339844 0.476562
vt 0.308594 0.152344
vt 0.300781 0.105469
vt 0.308594 0.105469
vt 0.335938 0.152344
vt 0.343750 0.105469
vt 0.343750 0.152344
vt 0.816406 0.148438
vt 0.824219 0.101562
vt 0.824219 0.148438
vt 0.835938 0.148438
vt 0.828125 0.101562
vt 0.835938 0.101562
vt 0.523438 0.660156
vt 0.515625 0.667969
vt 0.515625 0.660156
vt 0.156250 0.441406
vt 0.148438 0.433594
vt 0.156250 0.433594
vt 0.320312 0.144531
vt 0.312500 0.097656
vt 0.320312 0.097656
vt 0.324219 0.144531
vt 0.332031 0.097656
vt 0.332031 0.144531
vt 0.667969 0.140625
vt 0.675781 0.093750
vt 0.675781 0.140625
vt 0.703125 0.140625
vt 0.695312 0.093750
vt 0.703125 0.093750
vt 0.648438 0.824219
vt 0.640625 0.832031
vt 0.640625 0.824219
vt 0.652344 0.742188
vt 0.644531 0.734375
vt 0.652344 0.734375
vt 0.714844 0.140625
vt 0.707031 0.093750
vt 0.714844 0.093750
vt 0.082031 0.136719
vt 0.089844 0.089844
vt 0.089844 0.136719
vt 0.855469 0.644531
vt 0.863281 0.597656
vt 0.863281 0.644531
vt 0.867188 0.738281
vt 0.859375 0.691406
vt 0.867188 0.691406
vt 0.273438 0.429688
vt 0.265625 0.437500
vt 0.265625 0.429688
vt 0.492188 0.378906
vt 0.484375 0.371094
vt 0.492188 0.371094
vt 0.652344 0.140625
vt 0.644531 0.093750
vt 0.652344 0.093750
vt 0.656250 0.140625
vt 0.664062 0.093750
vt 0.664062 0.140625
vt 0.347656 0.164062
vt 0.371094 0.140625
vt 0.371094 0.164062
vt 0.859375 0.574219
vt 0.835938 0.550781
vt 0.859375 0.550781
vt 0.410156 0.464844
vt 0.433594 0.472656
vt 0.410156 0.472656
vt 0.527344 0.574219
vt 0.550781 0.566406
vt 0.550781 0.574219
vt 0.367188 0.246094
vt 0.359375 0.222656
vt 0.367188 0.222656
vt 0.679688 0.109375
vt 0.687500 0.085938
vt 0.687500 0.109375
vt 0.460938 0.160156
vt 0.484375 0.136719
vt 0.484375 0.160156
vt 0.867188 0.925781
vt 0.843750 0.902344
vt 0.867188 0.902344
vt 0.890625 0.308594
vt 0.914062 0.316406
vt 0.890625 0.316406
vt 0.890625 0.304688
vt 0.914062 0.296875
vt 0.914062 0.304688
vt 0.148438 0.105469
vt 0.140625 0.082031
vt 0.148438 0.082031
vt 0.152344 0.105469
vt 0.160156 0.082031
vt 0.160156 0.105469
vt 0.406250 0.160156
vt 0.429688 0.136719
vt 0.429688 0.160156
vt 0.457031 0.160156
vt 0.433594 0.136719
vt 0.457031 0.136719
vt 0.410156 0.199219
vt 0.433594 0.207031
vt 0.410156 0.207031
vt 0.812500 0.917969
vt 0.835938 0.910156
vt 0.835938 0.917969
vt 0.125000 0.105469
vt 0.117188 0.082031
vt 0.125000 0.082031
vt 0.128906 0.105469
vt 0.136719 0.082031
vt 0.136719 0.105469
vt 0.027344 0.152344
vt 0.050781 0.128906
vt 0.050781 0.152344
vt 0.078125 0.152344
vt 0.054688 0.128906
vt 0.078125 0.128906
vt 0.488281 0.105469
vt 0.496094 0.082031
vt 0.496094 0.105469
vt 0.500000 0.082031
vt 0.507812 0.105469
vt 0.500000 0.105469
vt 0.519531 0.105469
vt 0.511719 0.082031
vt 0.519531 0.082031
vt 0.523438 0.105469
vt 0.531250 0.082031
vt 0.531250 0.105469
vt 0.839844 0.156250
vt 0.863281 0.132812
vt 0.863281 0.156250
vt 0.023438 0.152344
vt 0.000000 0.128906
vt 0.023438 0.128906
vt 0.257812 0.105469
vt 0.265625 0.082031
vt 0.265625 0.105469
vt 0.269531 0.082031
vt 0.277344 0.105469
vt 0.269531 0.105469
vt 0.289062 0.105469
vt 0.281250 0.082031
vt 0.289062 0.082031
vt 0.347656 0.105469
vt 0.355469 0.082031
vt 0.355469 0.105469
vt 0.566406 0.156250
vt 0.589844 0.132812
vt 0.589844 0.156250
vt 0.812500 0.156250
vt 0.789062 0.132812
vt 0.812500 0.132812
vt 0.210938 0.105469
vt 0.218750 0.082031
vt 0.218750 0.105469
vt 0.222656 0.082031
vt 0.230469 0.105469
vt 0.222656 0.105469
vt 0.242188 0.105469
vt 0.234375 0.082031
vt 0.242188 0.082031
vt 0.246094 0.105469
vt 0.253906 0.082031
vt 0.253906 0.105469
vt 0.765625 1.000000
vt 0.808594 0.968750
vt 0.808594 1.000000
vt 0.687500 0.375000
vt 0.644531 0.390625
vt 0.644531 0.375000
vt 0.562500 0.238281
vt 0.527344 0.222656
vt 0.562500 0.222656
vt 0.593750 0.156250
vt 0.609375 0.125000
vt 0.609375 0.156250
vt 0.738281 0.156250
vt 0.722656 0.125000
vt 0.738281 0.125000
vt 0.843750 0.898438
vt 0.867188 0.875000
vt 0.867188 0.898438
vt 0.398438 0.156250
vt 0.375000 0.132812
vt 0.398438 0.132812
vt 0.164062 0.105469
vt 0.171875 0.082031
vt 0.171875 0.105469
vt 0.175781 0.082031
vt 0.183594 0.105469
vt 0.175781 0.105469
vt 0.195312 0.105469
vt 0.187500 0.082031
vt 0.195312 0.082031
vt 0.199219 0.105469
vt 0.207031 0.082031
vt 0.207031 0.105469
vt 0.617188 0.164062
vt 0.640625 0.140625
vt 0.640625 0.164062
vt 0.785156 0.164062
vt 0.761719 0.140625
vt 0.785156 0.140625
vt 0.632812 0.722656
vt 0.656250 0.730469
vt 0.632812 0.730469
vt 0.687500 0.613281
vt 0.710938 0.605469
vt 0.710938 0.613281
vt 0.101562 0.105469
vt 0.093750 0.082031
vt 0.101562 0.082031
vt 0.105469 0.105469
vt 0.113281 0.082031
vt 0.113281 0.105469
vt 0.523438 0.592572
vt 0.475385 0.640625
vt 0.441406 0.558594
vt 0.148438 0.140625
vt 0.082031 0.148438
vt 0.082031 0.140625
vt 0.291791 0.453125
vt 0.339844 0.501178
vt 0.257812 0.535156
vt 0.523438 0.524615
vt 0.339844 0.569135
vt 0.475385 0.476562
vt 0.291791 0.617188
vt 0.407428 0.476562
vt 0.223834 0.617188
vt 0.359375 0.524615
vt 0.175781 0.569135
vt 0.359375 0.592572
vt 0.175781 0.501178
vt 0.407428 0.640625
vt 0.223834 0.453125
vt 0.546875 0.776166
vt 0.498822 0.824219
vt 0.464844 0.742188
vt 0.596479 0.351562
vt 0.644531 0.399615
vt 0.562500 0.433594
vt 0.546875 0.708209
vt 0.644531 0.467572
vt 0.498822 0.660156
vt 0.596479 0.515625
vt 0.430865 0.660156
vt 0.528521 0.515625
vt 0.382812 0.708209
vt 0.480469 0.467572
vt 0.382812 0.776166
vt 0.480469 0.399615
vt 0.430865 0.824219
vt 0.528521 0.351562
vt 0.273438 0.412607
vt 0.236826 0.449219
vt 0.210938 0.386719
vt 0.816406 0.367188
vt 0.769484 0.394531
vt 0.764630 0.367188
vt 0.580528 0.730469
vt 0.622597 0.730469
vt 0.601562 0.781250
vt 0.273438 0.360830
vt 0.814951 0.464844
vt 0.768028 0.492188
vt 0.763174 0.464844
vt 0.652344 0.760216
vt 0.652344 0.802284
vt 0.236826 0.324219
vt 0.813495 0.335938
vt 0.766573 0.363281
vt 0.761719 0.335938
vt 0.652344 0.760216
vt 0.652344 0.802284
vt 0.185049 0.324219
vt 0.354013 0.218750
vt 0.307091 0.246094
vt 0.302237 0.218750
vt 0.622597 0.832031
vt 0.580528 0.832031
vt 0.148438 0.360830
vt 0.816406 0.304688
vt 0.769484 0.332031
vt 0.764630 0.304688
vt 0.622597 0.832031
vt 0.580528 0.832031
vt 0.148438 0.412607
vt 0.814951 0.433594
vt 0.768028 0.460938
vt 0.763174 0.433594
vt 0.550781 0.802284
vt 0.550781 0.760216
vt 0.185049 0.449219
vt 0.813495 0.273438
vt 0.766573 0.300781
vt 0.761719 0.273438
vt 0.550781 0.802284
vt 0.550781 0.760216
vt 0.807138 0.640625
vt 0.760216 0.667969
vt 0.755362 0.640625
vt 0.580528 0.730469
vt 0.622597 0.730469
vt 0.734375 0.121094
vt 0.738281 0.089844
vt 0.738281 0.121094
vt 0.296875 0.105469
vt 0.292969 0.074219
vt 0.296875 0.074219
vt 0.312500 0.613281
vt 0.304688 0.617188
vt 0.304688 0.613281
vt 0.367188 0.617188
vt 0.359375 0.613281
vt 0.367188 0.613281
vt 0.582031 0.128906
vt 0.574219 0.097656
vt 0.582031 0.097656
vt 0.785156 0.128906
vt 0.792969 0.097656
vt 0.792969 0.128906
vt 0.765625 0.105469
vt 0.769531 0.074219
vt 0.769531 0.105469
vt 0.898438 0.117188
vt 0.894531 0.085938
vt 0.898438 0.085938
vt 0.343750 0.507812
vt 0.351562 0.511719
vt 0.343750 0.511719
vt 0.363281 0.507812
vt 0.355469 0.511719
vt 0.355469 0.507812
vt 0.804688 0.128906
vt 0.796875 0.097656
vt 0.804688 0.097656
vt 0.839844 0.128906
vt 0.847656 0.097656
vt 0.847656 0.128906
vt 0.011719 0.125000
vt 0.019531 0.093750
vt 0.019531 0.125000
vt 0.281250 0.343750
vt 0.273438 0.351562
vt 0.273438 0.343750
vt 0.437500 0.343750
vt 0.429688 0.335938
vt 0.437500 0.335938
vt 0.031250 0.125000
vt 0.023438 0.093750
vt 0.031250 0.093750
vt 0.035156 0.125000
vt 0.042969 0.093750
vt 0.042969 0.125000
vt 0.054688 0.125000
vt 0.046875 0.093750
vt 0.054688 0.093750
vt 0.667969 0.566406
vt 0.660156 0.574219
vt 0.660156 0.566406
vt 0.617188 0.234375
vt 0.609375 0.226562
vt 0.617188 0.226562
vt 0.066406 0.125000
vt 0.058594 0.093750
vt 0.066406 0.093750
vt 0.070312 0.125000
vt 0.078125 0.093750
vt 0.078125 0.125000
vt 0.878906 0.480469
vt 0.886719 0.449219
vt 0.886719 0.480469
vt 0.593750 0.121094
vt 0.585938 0.089844
vt 0.593750 0.089844
vt 0.445312 0.398438
vt 0.441406 0.406250
vt 0.441406 0.398438
vt 0.144531 0.375000
vt 0.140625 0.367188
vt 0.144531 0.367188
vt 0.406250 0.101562
vt 0.402344 0.070312
vt 0.406250 0.070312
vt 0.410156 0.101562
vt 0.414062 0.070312
vt 0.414062 0.101562
vt 0.597656 0.121094
vt 0.605469 0.089844
vt 0.605469 0.121094
vt 0.886719 0.328125
vt 0.878906 0.296875
vt 0.886719 0.296875
vt 0.144531 0.355469
vt 0.140625 0.363281
vt 0.140625 0.355469
vt 0.644531 0.488281
vt 0.640625 0.480469
vt 0.644531 0.480469
vt 0.421875 0.101562
vt 0.417969 0.070312
vt 0.421875 0.070312
vt 0.425781 0.101562
vt 0.429688 0.070312
vt 0.429688 0.101562
vt 0.343750 0.589844
vt 0.351562 0.531250
vt 0.351562 0.589844
vt 0.621094 0.359375
vt 0.613281 0.300781
vt 0.621094 0.300781
vt 0.660156 0.710938
vt 0.656250 0.718750
vt 0.656250 0.710938
vt 0.679688 0.699219
vt 0.675781 0.691406
vt 0.679688 0.691406
vt 0.812500 0.128906
vt 0.808594 0.070312
vt 0.812500 0.070312
vt 0.878906 0.292969
vt 0.882812 0.234375
vt 0.882812 0.292969
vt 0.609375 0.296875
vt 0.617188 0.238281
vt 0.617188 0.296875
vt 0.691406 0.171875
vt 0.683594 0.113281
vt 0.691406 0.113281
vt 0.714844 0.593750
vt 0.710938 0.601562
vt 0.710938 0.593750
vt 0.769531 0.945312
vt 0.765625 0.937500
vt 0.769531 0.937500
vt 0.722656 0.121094
vt 0.718750 0.062500
vt 0.722656 0.062500
vt 0.726562 0.121094
vt 0.730469 0.062500
vt 0.730469 0.121094
vt 0.769531 0.214844
vt 0.761719 0.207031
vt 0.769531 0.207031
vt 0.789062 0.566406
vt 0.796875 0.558594
vt 0.796875 0.566406
vt 0.640625 0.382812
vt 0.632812 0.375000
vt 0.640625 0.375000
vt 0.441406 0.367188
vt 0.449219 0.367188
vt 0.441406 0.375000
vt 0.484375 0.656250
vt 0.492188 0.644531
vt 0.492188 0.656250
vt 0.859375 0.285156
vt 0.851562 0.277344
vt 0.859375 0.277344
vt 0.457031 0.101562
vt 0.449219 0.093750
vt 0.457031 0.093750
vt 0.828125 0.312500
vt 0.820312 0.320312
vt 0.820312 0.312500
vt 0.566406 0.160156
vt 0.574219 0.160156
vt 0.574219 0.167969
vt 0.558594 0.742188
vt 0.550781 0.730469
vt 0.558594 0.730469
vt 0.359375 0.183594
vt 0.367188 0.175781
vt 0.367188 0.183594
vt 0.566406 0.171875
vt 0.574219 0.179688
vt 0.566406 0.179688
vt 0.812500 0.417969
vt 0.804688 0.410156
vt 0.812500 0.410156
vt 0.296875 0.332031
vt 0.296875 0.324219
vt 0.304688 0.324219
vt 0.527344 0.578125
vt 0.535156 0.589844
vt 0.527344 0.589844
vt 0.355469 0.175781
vt 0.347656 0.167969
vt 0.355469 0.167969
vt 0.832031 0.871094
vt 0.839844 0.878906
vt 0.832031 0.878906
vt 0.828125 0.437500
vt 0.820312 0.445312
vt 0.820312 0.437500
vt 0.828125 0.558594
vt 0.828125 0.566406
vt 0.820312 0.558594
vt 0.433594 0.449219
vt 0.425781 0.460938
vt 0.425781 0.449219
vt 0.300781 0.101562
vt 0.304688 0.070312
vt 0.304688 0.101562
vt 0.339844 0.101562
vt 0.335938 0.070312
vt 0.339844 0.070312
vt 0.558594 0.820312
vt 0.550781 0.824219
vt 0.550781 0.820312
vt 0.558594 0.718750
vt 0.550781 0.714844
vt 0.558594 0.714844
vt 0.859375 0.128906
vt 0.851562 0.097656
vt 0.859375 0.097656
vt 0.000000 0.125000
vt 0.007812 0.093750
vt 0.007812 0.125000
vt 0.207031 0.617188
vt 0.210938 0.613281
vt 0.210938 0.617188
vt 0.402344 0.808594
vt 0.398438 0.804688
vt 0.402344 0.804688
vt 0.386719 0.792969
vt 0.382812 0.789062
vt 0.386719 0.789062
vt 0.382812 0.695312
vt 0.382812 0.691406
vt 0.386719 0.691406
vt 0.195312 0.597656
vt 0.195312 0.601562
vt 0.191406 0.597656
vt 0.488281 0.640625
vt 0.492188 0.636719
vt 0.492188 0.640625
vt 0.515625 0.824219
vt 0.511719 0.820312
vt 0.515625 0.820312
vt 0.378906 0.496094
vt 0.375000 0.492188
vt 0.378906 0.492188
vt 0.503906 0.625000
vt 0.503906 0.621094
vt 0.507812 0.621094
vt 0.179688 0.484375
vt 0.179688 0.488281
vt 0.175781 0.484375
vt 0.394531 0.480469
vt 0.390625 0.476562
vt 0.394531 0.476562
vt 0.417969 0.460938
vt 0.421875 0.457031
vt 0.421875 0.460938
vt 0.519531 0.609375
vt 0.523438 0.605469
vt 0.523438 0.609375
vt 0.195312 0.468750
vt 0.195312 0.472656
vt 0.191406 0.468750
vt 0.527344 0.808594
vt 0.527344 0.804688
vt 0.531250 0.804688
vt 0.402344 0.679688
vt 0.398438 0.675781
vt 0.402344 0.675781
vt 0.414062 0.664062
vt 0.417969 0.660156
vt 0.417969 0.664062
vt 0.175781 0.585938
vt 0.179688 0.582031
vt 0.179688 0.585938
vt 0.417969 0.820312
vt 0.417969 0.824219
vt 0.414062 0.820312
vt 0.335938 0.585938
vt 0.335938 0.582031
vt 0.339844 0.582031
vt 0.757812 0.394531
vt 0.695312 0.332031
vt 0.757812 0.332031
vt 0.695312 0.328125
vt 0.757812 0.265625
vt 0.757812 0.328125
vt 0.484375 0.132812
vt 0.480469 0.070312
vt 0.484375 0.070312
vt 0.375000 0.066406
vt 0.371094 0.128906
vt 0.371094 0.066406
vt 0.378906 0.128906
vt 0.382812 0.066406
vt 0.382812 0.128906
vt 0.390625 0.128906
vt 0.386719 0.066406
vt 0.390625 0.066406
vt 0.316406 0.312500
vt 0.378906 0.250000
vt 0.378906 0.312500
vt 0.750000 0.679688
vt 0.687500 0.617188
vt 0.750000 0.617188
vt 0.140625 0.441406
vt 0.144531 0.378906
vt 0.144531 0.441406
vt 0.742188 0.089844
vt 0.746094 0.152344
vt 0.742188 0.152344
vt 0.367188 0.136719
vt 0.363281 0.074219
vt 0.367188 0.074219
vt 0.777344 0.136719
vt 0.781250 0.074219
vt 0.781250 0.136719
vt 0.093750 0.753906
vt 0.097656 0.753906
vt 0.089844 0.753906
vt 0.453125 0.964844
vt 0.449219 0.996094
vt 0.453125 0.996094
vt 0.093750 0.746094
vt 0.089844 0.746094
vt 0.449219 0.964844
vt 0.445312 0.996094
vt 0.445312 0.964844
vt 0.441406 0.996094
vt 0.441406 0.964844
vt 0.437500 0.996094
vt 0.437500 0.964844
vt 0.433594 0.996094
vt 0.429688 0.964844
vt 0.429688 0.996094
vt 0.425781 0.964844
vt 0.425781 0.996094
vt 0.421875 0.964844
vt 0.421875 0.996094
vt 0.417969 0.964844
vt 0.417969 0.996094
vt 0.414062 0.964844
vt 0.414062 0.996094
vt 0.410156 0.964844
vt 0.410156 0.996094
vt 0.406250 0.996094
vt 0.437500 0.890625
vt 0.433594 0.925781
vt 0.437500 0.925781
vt 0.433594 0.890625
vt 0.429688 0.925781
vt 0.429688 0.890625
vt 0.425781 0.925781
vt 0.425781 0.890625
vt 0.421875 0.925781
vt 0.421875 0.890625
vt 0.417969 0.925781
vt 0.417969 0.890625
vt 0.414062 0.925781
vt 0.414062 0.890625
vt 0.410156 0.925781
vt 0.410156 0.890625
vt 0.406250 0.925781
vt 0.453125 0.890625
vt 0.449219 0.925781
vt 0.453125 0.925781
vt 0.449219 0.890625
vt 0.445312 0.925781
vt 0.445312 0.890625
vt 0.441406 0.925781
vt 0.441406 0.890625
vt 0.085938 0.140625
vt 0.094432 0.746094
vt 0.094432 0.753906
vt 0.089844 0.748891
vt 0.091439 0.753906
vt 0.089844 0.753479
vt 0.089844 0.752311
vt 0.094859 0.753906
vt 0.090271 0.753906
vt 0.089844 0.140625
vt 0.085938 0.148438
vt 0.089844 0.753479
vt 0.091439 0.748464
vt 0.091439 0.753906
vt 0.095286 0.752311
vt 0.090271 0.753906
vt 0.093750 0.140625
vt 0.089844 0.148438
vt 0.089844 0.748891
vt 0.091439 0.753906
vt 0.089844 0.753479
vt 0.091439 0.748463
vt 0.097656 0.140625
vt 0.093750 0.148438
vt 0.090271 0.753906
vt 0.095286 0.752311
vt 0.094859 0.753906
vt 0.091439 0.748464
vt 0.089844 0.753479
vt 0.089844 0.748891
vt 0.101562 0.140625
vt 0.097656 0.148438
vt 0.089844 0.752311
vt 0.105469 0.140625
vt 0.101562 0.148438
vt 0.090271 0.753906
vt 0.095287 0.752311
vt 0.094859 0.753906
vt 0.094859 0.752311
vt 0.095287 0.753906
vt 0.109375 0.140625
vt 0.105469 0.148438
vt 0.091439 0.753479
vt 0.089844 0.748464
vt 0.091439 0.748891
vt 0.095286 0.753906
vt 0.090271 0.752311
vt 0.094859 0.752311
vt 0.113281 0.140625
vt 0.109375 0.148438
vt 0.091439 0.748891
vt 0.089844 0.753906
vt 0.089844 0.748464
vt 0.094859 0.752311
vt 0.117188 0.140625
vt 0.113281 0.148438
vt 0.091439 0.753479
vt 0.089844 0.748463
vt 0.091439 0.748891
vt 0.121094 0.140625
vt 0.117188 0.148438
vt 0.089844 0.753906
vt 0.090271 0.752311
vt 0.091439 0.753479
vt 0.125000 0.140625
vt 0.121094 0.148438
vt 0.090271 0.752311
vt 0.095286 0.753906
vt 0.091439 0.753479
vt 0.128906 0.140625
vt 0.125000 0.148438
vt 0.090271 0.752311
vt 0.094859 0.753906
vt 0.089844 0.753479
vt 0.090271 0.752311
vt 0.091439 0.748891
vt 0.128906 0.148438
vt 0.402344 0.929688
vt 0.398438 0.957031
vt 0.398438 0.929688
vt 0.347656 0.503906
vt 0.350981 0.476562
vt 0.350981 0.503906
vt 0.000000 0.995721
vt 0.003562 1.000000
vt 0.000000 0.999045
vt 0.113281 0.750344
vt 0.117560 0.753906
vt 0.114236 0.753906
vt 0.406250 0.929688
vt 0.402344 0.957031
vt 0.000000 0.999046
vt 0.003562 0.994767
vt 0.003562 1.000000
vt 0.118514 0.750344
vt 0.114236 0.753906
vt 0.410156 0.929688
vt 0.406250 0.957031
vt 0.000000 0.995721
vt 0.003562 1.000000
vt 0.000000 0.999046
vt 0.116843 0.753906
vt 0.113281 0.749627
vt 0.116843 0.748673
vt 0.414062 0.929688
vt 0.410156 0.957031
vt 0.000954 1.000000
vt 0.005233 0.996438
vt 0.004279 1.000000
vt 0.116843 0.748673
vt 0.113281 0.752952
vt 0.113281 0.749628
vt 0.417969 0.929688
vt 0.414062 0.957031
vt 0.004279 1.000000
vt 0.000000 0.996438
vt 0.005233 0.996438
vt 0.116843 0.753906
vt 0.113281 0.749627
vt 0.421875 0.929688
vt 0.417969 0.957031
vt 0.000954 1.000000
vt 0.005234 0.996438
vt 0.004279 1.000000
vt 0.113281 0.753906
vt 0.117561 0.750345
vt 0.118515 0.753906
vt 0.425781 0.929688
vt 0.421875 0.957031
vt 0.003562 0.999046
vt 0.000000 0.994767
vt 0.003562 0.995721
vt 0.118514 0.753906
vt 0.114236 0.750344
vt 0.117560 0.750345
vt 0.429688 0.929688
vt 0.425781 0.957031
vt 0.003562 0.995721
vt 0.000000 1.000000
vt 0.000000 0.994767
vt 0.117560 0.750344
vt 0.433594 0.929688
vt 0.429688 0.957031
vt 0.003562 0.999046
vt 0.000000 0.994766
vt 0.003562 0.995721
vt 0.113281 0.748673
vt 0.116843 0.752952
vt 0.390625 0.929688
vt 0.386719 0.957031
vt 0.386719 0.929688
vt 0.004279 0.996438
vt 0.000000 1.000000
vt 0.000955 0.996438
vt 0.116843 0.749627
vt 0.116843 0.752952
vt 0.394531 0.929688
vt 0.390625 0.957031
vt 0.000954 0.996438
vt 0.005233 1.000000
vt 0.113281 0.748673
vt 0.116843 0.752952
vt 0.394531 0.957031
vt 0.004279 0.996438
vt 0.000954 0.996438
vt 0.118515 0.750345
vt 0.114236 0.753906
vt 0.113281 0.750345
vt 0.437500 0.426892
vt 0.391736 0.472656
vt 0.359375 0.394531
vt 0.695312 0.835938
vt 0.628906 1.000000
vt 0.628906 0.835938
vt 0.573108 0.562500
vt 0.637829 0.562500
vt 0.605469 0.640625
vt 0.437500 0.362171
vt 0.066406 0.277344
vt 0.000000 0.441406
vt 0.000000 0.277344
vt 0.683594 0.608264
vt 0.683594 0.672986
vt 0.391736 0.316406
vt 0.691406 0.207031
vt 0.625000 0.371094
vt 0.625000 0.207031
vt 0.683594 0.608265
vt 0.683594 0.672985
vt 0.327014 0.316406
vt 0.625000 0.835938
vt 0.558594 1.000000
vt 0.558594 0.835938
vt 0.637829 0.718750
vt 0.573108 0.718750
vt 0.281250 0.362171
vt 0.507812 0.199219
vt 0.441406 0.363281
vt 0.441406 0.199219
vt 0.637829 0.718750
vt 0.573108 0.718750
vt 0.281250 0.426892
vt 0.136719 0.277344
vt 0.070312 0.441406
vt 0.070312 0.277344
vt 0.527344 0.672986
vt 0.527344 0.608264
vt 0.327014 0.472656
vt 0.714844 0.398438
vt 0.648438 0.562500
vt 0.648438 0.398438
vt 0.527344 0.672985
vt 0.527344 0.608265
vt 0.573108 0.562500
vt 0.637829 0.562500
vt 0.512561 0.183594
vt 0.573475 0.218750
vt 0.516368 0.218359
vt 0.577282 0.183594
vt 0.573475 0.250000
vt 0.577282 0.347656
vt 0.516368 0.249609
vt 0.512561 0.347656
vt 0.406250 0.890625
vt 0.347656 0.476562
vt 0.003562 0.994767
vt 0.117560 0.753906
vt 0.003562 0.994766
vt 0.000000 0.996438
vt 0.113281 0.752952
vt 0.000000 0.996438
vt 0.114236 0.750345
vt 0.114236 0.750345
vt 0.433594 0.957031
vt 0.116843 0.749627
vt 0.005233 1.000000
vt 0.116843 0.749628
vt 0.005234 1.000000
vt 0.117561 0.753906
vt 0.245533 0.995813
vt 0.231030 1.000000
vt 0.222656 0.984375
vt 0.334016 0.949219
vt 0.318920 0.972656
vt 0.318920 0.949219
vt 0.273998 0.894531
vt 0.288502 0.898718
vt 0.265625 0.910156
vt 0.253906 0.984936
vt 0.281250 0.867188
vt 0.265625 0.890625
vt 0.265625 0.867188
vt 0.296875 0.909595
vt 0.253906 0.968189
vt 0.208984 0.917969
vt 0.192237 0.941406
vt 0.192237 0.917969
vt 0.296875 0.926342
vt 0.245533 0.953686
vt 0.225731 0.917969
vt 0.208984 0.941406
vt 0.288502 0.940845
vt 0.231030 0.945312
vt 0.274830 0.976562
vt 0.258083 1.000000
vt 0.258083 0.976562
vt 0.273998 0.949219
vt 0.214283 0.945312
vt 0.291577 0.976562
vt 0.274830 1.000000
vt 0.257252 0.949219
vt 0.199780 0.953686
vt 0.308323 0.976562
vt 0.291577 1.000000
vt 0.242748 0.940845
vt 0.191406 0.968189
vt 0.208984 0.890625
vt 0.192237 0.914062
vt 0.192237 0.890625
vt 0.234375 0.926342
vt 0.191406 0.984936
vt 0.225731 0.890625
vt 0.208984 0.914062
vt 0.234375 0.909595
vt 0.199780 0.995813
vt 0.316406 0.921875
vt 0.300781 0.945312
vt 0.300781 0.921875
vt 0.242748 0.898718
vt 0.214283 1.000000
vt 0.302173 0.949219
vt 0.287078 0.972656
vt 0.287078 0.949219
vt 0.257252 0.894531
vt 0.302173 0.972656
vt 0.210938 0.886719
vt 0.218750 0.871094
vt 0.222656 0.886719
vt 0.296875 0.875000
vt 0.289062 0.859375
vt 0.296875 0.859375
vt 0.332031 0.906250
vt 0.300781 0.917969
vt 0.300781 0.906250
vt 0.335938 1.000000
vt 0.312500 0.992188
vt 0.335938 0.992188
vt 0.324219 0.894531
vt 0.296875 0.878906
vt 0.320312 0.878906
vt 0.230469 0.890625
vt 0.257812 0.875000
vt 0.261719 0.890625
vt 0.191406 0.867188
vt 0.199219 0.851562
vt 0.199219 0.867188
vt 0.210938 0.867188
vt 0.203125 0.851562
vt 0.210938 0.851562
vt 0.343750 0.914062
vt 0.335938 0.906250
vt 0.343750 0.906250
vt 0.328008 0.929207
vt 0.328008 0.945312
vt 0.320429 0.931101
vt 0.254388 0.867108
vt 0.251263 0.855780
vt 0.257513 0.855780
vt 0.277344 0.972656
vt 0.281250 0.957031
vt 0.281250 0.972656
vt 0.222656 0.867188
vt 0.214844 0.851562
vt 0.222656 0.851562
vt 0.281250 0.847656
vt 0.289062 0.851562
vt 0.281250 0.855469
vt 0.343750 0.878906
vt 0.335938 0.882812
vt 0.335938 0.875000
vt 0.303441 0.867188
vt 0.317652 0.875000
vt 0.301547 0.875000
vt 0.246094 0.867668
vt 0.238281 0.853457
vt 0.246094 0.851562
vt 0.324219 0.875000
vt 0.332031 0.859375
vt 0.332031 0.875000
vt 0.296875 0.855469
vt 0.292969 0.839844
vt 0.296875 0.839844
vt 0.343750 0.863281
vt 0.335938 0.867188
vt 0.335938 0.863281
vt 0.332031 0.855469
vt 0.324219 0.851562
vt 0.332031 0.847656
vt 0.234375 0.869199
vt 0.226562 0.854988
vt 0.234375 0.853093
vt 0.330136 0.988281
vt 0.315925 0.980469
vt 0.332031 0.980469
vt 0.335938 0.902344
vt 0.328125 0.886719
vt 0.335938 0.886719
vt 0.277344 0.855469
vt 0.261719 0.863281
vt 0.261719 0.855469
vt 0.300781 0.863281
vt 0.308594 0.847656
vt 0.308594 0.863281
vt 0.343750 0.851562
vt 0.335938 0.859375
vt 0.335938 0.851562
vt 0.269531 0.957031
vt 0.257812 0.972656
vt 0.261719 0.957031
vt 0.207031 0.886719
vt 0.195312 0.871094
vt 0.203125 0.871094
vt 0.335938 0.929688
vt 0.343750 0.917969
vt 0.343750 0.929688
vt 0.343750 0.988281
vt 0.335938 0.976562
vt 0.343750 0.976562
vt 0.289062 0.882812
vt 0.285156 0.890625
vt 0.285156 0.882812
vt 0.347656 1.000000
vt 0.339844 0.992188
vt 0.347656 0.992188
vt 0.316406 0.863281
vt 0.312500 0.851562
vt 0.320312 0.851562
vt 0.335938 0.945312
vt 0.339844 0.933594
vt 0.339844 0.945312
vt 0.013483 0.459954
vt 0.014844 0.462311
vt 0.009766 0.463672
vt 0.014844 0.465032
vt 0.013483 0.467389
vt 0.011126 0.468750
vt 0.008405 0.468750
vt 0.006048 0.467389
vt 0.004688 0.465032
vt 0.004688 0.462311
vt 0.006048 0.459954
vt 0.008405 0.458594
vt 0.011126 0.458594
vt 0.130501 0.500153
vt 0.129490 0.500781
vt 0.128906 0.498437
vt 0.070170 0.552857
vt 0.068980 0.591919
vt 0.068980 0.552857
vt 0.129490 0.487500
vt 0.130501 0.488128
vt 0.128906 0.489844
vt 0.131085 0.499066
vt 0.083356 0.528944
vt 0.082122 0.568007
vt 0.082122 0.528944
vt 0.131085 0.489216
vt 0.131085 0.497809
vt 0.084613 0.528944
vt 0.083356 0.568007
vt 0.131085 0.490472
vt 0.130501 0.496722
vt 0.085847 0.568007
vt 0.084613 0.568007
vt 0.130501 0.491559
vt 0.129490 0.496094
vt 0.000142 0.482544
vt 0.001332 0.521607
vt 0.000142 0.521607
vt 0.129490 0.492188
vt 0.128322 0.496094
vt 0.001332 0.482544
vt 0.002500 0.521607
vt 0.128323 0.492188
vt 0.127312 0.496722
vt 0.002500 0.482544
vt 0.003690 0.521607
vt 0.127312 0.491559
vt 0.126728 0.497809
vt 0.089934 0.532993
vt 0.091169 0.572055
vt 0.089934 0.572055
vt 0.126728 0.490472
vt 0.126728 0.499066
vt 0.091169 0.532993
vt 0.092425 0.572055
vt 0.126728 0.489216
vt 0.127312 0.500153
vt 0.093659 0.532993
vt 0.092425 0.532993
vt 0.127312 0.488128
vt 0.128322 0.500781
vt 0.067813 0.552857
vt 0.066622 0.591919
vt 0.066622 0.552857
vt 0.128323 0.487500
vt 0.067813 0.591919
vt 0.093658 0.587642
vt 0.092425 0.572055
vt 0.093658 0.571997
vt 0.066259 0.607487
vt 0.066623 0.591901
vt 0.067426 0.607487
vt 0.068616 0.607505
vt 0.068980 0.591919
vt 0.070170 0.591937
vt 0.083356 0.583652
vt 0.082123 0.568064
vt 0.083356 0.568006
vt 0.084613 0.583652
vt 0.085846 0.568064
vt 0.085846 0.583710
vt 0.001696 0.537193
vt 0.001332 0.521607
vt 0.002887 0.537175
vt 0.004054 0.537175
vt 0.003690 0.521589
vt 0.005244 0.537157
vt 0.089936 0.587642
vt 0.091169 0.572055
vt 0.091169 0.587700
vt 0.092425 0.587700
vt 0.093651 0.597514
vt 0.092425 0.587700
vt 0.093651 0.587558
vt 0.063831 0.617143
vt 0.065069 0.607443
vt 0.066259 0.607487
vt 0.064999 0.617143
vt 0.066188 0.617188
vt 0.067426 0.607487
vt 0.068615 0.607532
vt 0.083356 0.593608
vt 0.082130 0.583794
vt 0.083356 0.583652
vt 0.084613 0.593608
vt 0.085839 0.583794
vt 0.085839 0.593750
vt 0.004124 0.546875
vt 0.002887 0.537175
vt 0.005314 0.546830
vt 0.006481 0.546830
vt 0.005243 0.537130
vt 0.007670 0.546785
vt 0.089943 0.597514
vt 0.091169 0.587700
vt 0.091169 0.597656
vt 0.092425 0.597656
vt 0.131382 0.578125
vt 0.132289 0.578648
vt 0.130859 0.580078
vt 0.132812 0.579555
vt 0.132812 0.580602
vt 0.132289 0.581508
vt 0.131382 0.582031
vt 0.130336 0.582031
vt 0.129429 0.581508
vt 0.128906 0.580602
vt 0.128906 0.579555
vt 0.129429 0.578648
vt 0.130336 0.578125
vt 0.025168 0.534032
vt 0.025551 0.522324
vt 0.026215 0.534024
vt 0.026598 0.522324
vt 0.027261 0.534024
vt 0.027645 0.522316
vt 0.028308 0.534016
vt 0.043352 0.510441
vt 0.044398 0.498752
vt 0.044398 0.510471
vt 0.045445 0.510471
vt 0.045445 0.498752
vt 0.046491 0.510441
vt 0.046492 0.498722
vt 0.015708 0.534024
vt 0.015324 0.522316
vt 0.016370 0.522324
vt 0.016754 0.534024
vt 0.016370 0.522324
vt 0.017417 0.522324
vt 0.017801 0.534032
vt 0.017417 0.522324
vt 0.018464 0.522332
vt 0.036586 0.510395
vt 0.035539 0.498706
vt 0.036586 0.498676
vt 0.037633 0.498676
vt 0.037633 0.510395
vt 0.038679 0.498706
vt 0.038679 0.510425
vt 0.014879 0.546855
vt 0.027043 0.546875
vt 0.026215 0.534024
vt 0.028090 0.546855
vt 0.037633 0.523362
vt 0.038677 0.510471
vt 0.038677 0.523438
vt 0.036586 0.523362
vt 0.035542 0.510471
vt 0.036586 0.510395
vt 0.015926 0.546875
vt 0.016754 0.534024
vt 0.017801 0.534044
vt 0.013833 0.546855
vt 0.014661 0.534003
vt 0.015708 0.534024
vt 0.046489 0.523362
vt 0.045445 0.510470
vt 0.046489 0.510395
vt 0.045445 0.523438
vt 0.043354 0.523362
vt 0.044398 0.510470
vt 0.044398 0.523438
vt 0.029136 0.546855
vt 0.028308 0.534003
vt 0.030183 0.546834
vt 0.026598 0.489271
vt 0.027645 0.522324
vt 0.043352 0.465469
vt 0.043352 0.498752
vt 0.045445 0.465234
vt 0.044398 0.465261
vt 0.046492 0.465402
vt 0.016370 0.489341
vt 0.015324 0.522324
vt 0.015324 0.488974
vt 0.017417 0.489657
vt 0.018464 0.489923
vt 0.035539 0.466275
vt 0.035539 0.498676
vt 0.036586 0.466369
vt 0.037633 0.466357
vt 0.038680 0.498676
vt 0.024505 0.489754
vt 0.025551 0.522324
vt 0.024505 0.522324
vt 0.025551 0.489477
vt 0.050069 0.541223
vt 0.046806 0.543064
vt 0.044922 0.536195
vt 0.097656 0.488281
vt 0.093750 0.496094
vt 0.093750 0.488281
vt 0.070243 0.531155
vt 0.073507 0.532995
vt 0.068359 0.538023
vt 0.051953 0.538036
vt 0.121094 0.503906
vt 0.117188 0.511719
vt 0.117188 0.503906
vt 0.075391 0.536183
vt 0.051953 0.534355
vt 0.078125 0.554688
vt 0.074219 0.562500
vt 0.074219 0.554688
vt 0.075391 0.539864
vt 0.050069 0.531167
vt 0.121094 0.492188
vt 0.117188 0.500000
vt 0.117188 0.492188
vt 0.073507 0.543052
vt 0.046806 0.529327
vt 0.125000 0.515625
vt 0.121094 0.523438
vt 0.121094 0.515625
vt 0.070243 0.544892
vt 0.043038 0.529327
vt 0.117188 0.601562
vt 0.113281 0.609375
vt 0.113281 0.601562
vt 0.066475 0.544892
vt 0.039775 0.531167
vt 0.082031 0.488281
vt 0.078125 0.496094
vt 0.078125 0.488281
vt 0.063212 0.543052
vt 0.037891 0.534355
vt 0.125000 0.609375
vt 0.121094 0.617188
vt 0.121094 0.609375
vt 0.061328 0.539864
vt 0.037891 0.538036
vt 0.097656 0.500000
vt 0.093750 0.507812
vt 0.093750 0.500000
vt 0.061328 0.536183
vt 0.039775 0.541223
vt 0.125000 0.597656
vt 0.121094 0.605469
vt 0.121094 0.597656
vt 0.063212 0.532995
vt 0.043038 0.543064
vt 0.089844 0.488281
vt 0.085938 0.496094
vt 0.085938 0.488281
vt 0.066475 0.531155
vt 0.082031 0.500000
vt 0.078125 0.507812
vt 0.078125 0.500000
vt 0.041866 0.527344
vt 0.038603 0.529184
vt 0.121094 0.562500
vt 0.125000 0.570312
vt 0.121094 0.570312
vt 0.065304 0.546875
vt 0.121094 0.535156
vt 0.117188 0.527344
vt 0.121094 0.527344
vt 0.047978 0.527344
vt 0.121094 0.585938
vt 0.125000 0.593750
vt 0.121094 0.593750
vt 0.071415 0.546875
vt 0.074679 0.545035
vt 0.062500 0.503906
vt 0.058594 0.496094
vt 0.062500 0.496094
vt 0.054297 0.538036
vt 0.054297 0.534355
vt 0.109375 0.527344
vt 0.113281 0.535156
vt 0.109375 0.535156
vt 0.077734 0.536183
vt 0.089844 0.507812
vt 0.085938 0.500000
vt 0.089844 0.500000
vt 0.047978 0.545047
vt 0.051241 0.543207
vt 0.121094 0.574219
vt 0.125000 0.582031
vt 0.121094 0.582031
vt 0.071415 0.529172
vt 0.125000 0.546875
vt 0.121094 0.539062
vt 0.125000 0.539062
vt 0.041866 0.545047
vt 0.121094 0.550781
vt 0.125000 0.558594
vt 0.121094 0.558594
vt 0.065304 0.529172
vt 0.062040 0.531012
vt 0.117188 0.523438
vt 0.113281 0.515625
vt 0.117188 0.515625
vt 0.035547 0.534355
vt 0.035547 0.538036
vt 0.050781 0.496094
vt 0.054688 0.503906
vt 0.050781 0.503906
vt 0.058984 0.539864
vt 0.117188 0.597656
vt 0.113281 0.589844
vt 0.117188 0.589844
vt 0.063455 0.519314
vt 0.060373 0.521094
vt 0.058594 0.514453
vt 0.011197 0.554671
vt 0.007046 0.617142
vt 0.007639 0.554603
vt 0.104702 0.588802
vt 0.106757 0.589988
vt 0.103516 0.593229
vt 0.065234 0.516232
vt 0.035330 0.554603
vt 0.033551 0.617188
vt 0.031772 0.554671
vt 0.107943 0.592043
vt 0.065234 0.512674
vt 0.038889 0.554603
vt 0.035923 0.617142
vt 0.107943 0.594416
vt 0.063455 0.509592
vt 0.040668 0.617188
vt 0.038296 0.617142
vt 0.106757 0.596470
vt 0.060373 0.507812
vt 0.019705 0.554603
vt 0.017926 0.617188
vt 0.016147 0.554671
vt 0.104702 0.597656
vt 0.056814 0.507812
vt 0.022671 0.617142
vt 0.020298 0.617142
vt 0.102329 0.597656
vt 0.053732 0.509592
vt 0.026822 0.554671
vt 0.023264 0.554603
vt 0.100275 0.596470
vt 0.051953 0.512674
vt 0.047397 0.554671
vt 0.051548 0.617142
vt 0.049176 0.617188
vt 0.099089 0.594416
vt 0.051953 0.516232
vt 0.054514 0.554603
vt 0.050955 0.554603
vt 0.099089 0.592043
vt 0.053732 0.519314
vt 0.058072 0.554671
vt 0.053921 0.617142
vt 0.100275 0.589988
vt 0.056814 0.521094
vt 0.000522 0.554671
vt 0.004673 0.617142
vt 0.002301 0.617188
vt 0.102329 0.588802
vt 0.004080 0.554603
vt 0.066624 0.489437
vt 0.067287 0.489685
vt 0.066368 0.490666
vt 0.066892 0.488320
vt 0.090577 0.483172
vt 0.091691 0.484375
vt 0.090478 0.484197
vt 0.078858 0.481672
vt 0.079973 0.480469
vt 0.080259 0.481467
vt 0.055571 0.492121
vt 0.055840 0.490725
vt 0.056676 0.491588
vt 0.055203 0.491033
vt 0.054836 0.489832
vt 0.067287 0.489684
vt 0.067757 0.490141
vt 0.066466 0.490748
vt 0.068040 0.488749
vt 0.136761 0.584931
vt 0.138128 0.585701
vt 0.137017 0.585938
vt 0.136761 0.598663
vt 0.138128 0.597893
vt 0.138044 0.598936
vt 0.056753 0.491505
vt 0.056218 0.490189
vt 0.057408 0.490577
vt 0.054836 0.489832
vt 0.067757 0.490142
vt 0.067952 0.490739
vt 0.066531 0.490873
vt 0.069193 0.490575
vt 0.138044 0.584658
vt 0.139216 0.585701
vt 0.138128 0.585701
vt 0.138044 0.598936
vt 0.139216 0.597893
vt 0.139300 0.598936
vt 0.057474 0.489370
vt 0.057440 0.490457
vt 0.056238 0.489561
vt 0.054836 0.489832
vt 0.067952 0.490739
vt 0.067843 0.491385
vt 0.066552 0.491013
vt 0.069004 0.491695
vt 0.139216 0.585701
vt 0.140583 0.584931
vt 0.140327 0.585938
vt 0.140583 0.598663
vt 0.139300 0.598936
vt 0.056854 0.488281
vt 0.057449 0.489249
vt 0.055894 0.489003
vt 0.054836 0.489832
vt 0.067204 0.491591
vt 0.066548 0.491858
vt 0.066257 0.490637
vt 0.065098 0.484324
vt 0.065772 0.483073
vt 0.065798 0.484221
vt 0.064559 0.483250
vt 0.065673 0.482047
vt 0.052840 0.481594
vt 0.053955 0.482798
vt 0.052554 0.482593
vt 0.053379 0.480521
vt 0.054053 0.481772
vt 0.055277 0.488656
vt 0.054836 0.489832
vt 0.065817 0.491812
vt 0.066258 0.490637
vt 0.066298 0.484375
vt 0.067041 0.483073
vt 0.067014 0.484220
vt 0.065772 0.483072
vt 0.067139 0.482047
vt 0.067041 0.483072
vt 0.053955 0.482798
vt 0.055322 0.481772
vt 0.055420 0.482798
vt 0.054082 0.481503
vt 0.055295 0.480623
vt 0.055322 0.481771
vt 0.054545 0.488611
vt 0.054836 0.489832
vt 0.065200 0.491466
vt 0.066258 0.490637
vt 0.067715 0.484324
vt 0.067014 0.484221
vt 0.068254 0.483250
vt 0.055420 0.482798
vt 0.056535 0.481594
vt 0.056821 0.482593
vt 0.055996 0.480521
vt 0.053890 0.488878
vt 0.054836 0.489832
vt 0.064856 0.490907
vt 0.066257 0.490637
vt 0.064240 0.492188
vt 0.136761 0.577118
vt 0.138128 0.577888
vt 0.137017 0.578125
vt 0.136761 0.590850
vt 0.138128 0.590080
vt 0.138044 0.591124
vt 0.052090 0.488775
vt 0.053141 0.489731
vt 0.051901 0.489895
vt 0.053251 0.489084
vt 0.054542 0.489457
vt 0.064876 0.490279
vt 0.066258 0.490637
vt 0.063620 0.491099
vt 0.138128 0.577889
vt 0.139300 0.576845
vt 0.139216 0.577889
vt 0.138044 0.591124
vt 0.139216 0.590080
vt 0.139300 0.591124
vt 0.052239 0.490928
vt 0.051901 0.489895
vt 0.053337 0.490328
vt 0.054562 0.489596
vt 0.065254 0.489743
vt 0.066257 0.490637
vt 0.064340 0.488963
vt 0.139216 0.577888
vt 0.140583 0.577118
vt 0.140327 0.578125
vt 0.140583 0.590850
vt 0.139300 0.591124
vt 0.053053 0.491720
vt 0.052239 0.490928
vt 0.053807 0.490785
vt 0.054628 0.489721
vt 0.065891 0.489436
vt 0.066258 0.490637
vt 0.065522 0.488348
vt 0.087996 0.484375
vt 0.089111 0.483172
vt 0.089209 0.484197
vt 0.076277 0.480469
vt 0.077392 0.481672
vt 0.075991 0.481467
vt 0.054202 0.492150
vt 0.053053 0.491720
vt 0.054470 0.491033
vt 0.054725 0.489803
vt 0.066624 0.489436
vt 0.066258 0.490637
vt 0.065623 0.488320
vt 0.090478 0.484197
vt 0.089209 0.484197
vt 0.077491 0.480646
vt 0.078858 0.481672
vt 0.077392 0.481672
vt 0.054202 0.492149
vt 0.055471 0.492149
vt 0.054836 0.489832
vt 0.099775 0.512459
vt 0.105150 0.515705
vt 0.096268 0.517561
vt 0.083920 0.611847
vt 0.080756 0.613759
vt 0.079418 0.607517
vt 0.097524 0.511719
vt 0.101454 0.603731
vt 0.103721 0.606170
vt 0.101454 0.606860
vt 0.078402 0.613488
vt 0.079418 0.607517
vt 0.095012 0.511719
vt 0.096268 0.517561
vt 0.103721 0.603041
vt 0.106233 0.605782
vt 0.103721 0.606169
vt 0.076061 0.612496
vt 0.079418 0.607517
vt 0.092829 0.512813
vt 0.096268 0.517561
vt 0.106233 0.603041
vt 0.108675 0.605755
vt 0.074456 0.610655
vt 0.079417 0.607517
vt 0.091542 0.515677
vt 0.096268 0.517561
vt 0.101562 0.485142
vt 0.105469 0.488217
vt 0.101562 0.488281
vt 0.074365 0.607517
vt 0.079417 0.607517
vt 0.092257 0.518688
vt 0.096268 0.517561
vt 0.128638 0.507812
vt 0.125646 0.510623
vt 0.125545 0.507884
vt 0.076207 0.605031
vt 0.092687 0.522738
vt 0.096268 0.517561
vt 0.132711 0.507880
vt 0.128740 0.510551
vt 0.078159 0.601456
vt 0.079417 0.607517
vt 0.094819 0.524673
vt 0.096268 0.517561
vt 0.132812 0.546875
vt 0.128973 0.549614
vt 0.128906 0.546875
vt 0.081072 0.600567
vt 0.099548 0.524542
vt 0.096268 0.517561
vt 0.132812 0.558594
vt 0.128906 0.554688
vt 0.132812 0.554688
vt 0.083375 0.601568
vt 0.079417 0.607517
vt 0.103330 0.523436
vt 0.096268 0.517561
vt 0.130027 0.605469
vt 0.132341 0.609090
vt 0.128906 0.609375
vt 0.085530 0.604594
vt 0.076477 0.521421
vt 0.073363 0.517642
vt 0.080385 0.511719
vt 0.139084 0.546866
vt 0.137321 0.545234
vt 0.138531 0.545111
vt 0.085625 0.608672
vt 0.106388 0.520204
vt 0.096268 0.517561
vt 0.137161 0.531250
vt 0.139271 0.529893
vt 0.140182 0.531194
vt 0.085621 0.608692
vt 0.079417 0.607517
vt 0.112611 0.542405
vt 0.115514 0.539859
vt 0.114498 0.542405
vt 0.113454 0.558316
vt 0.115701 0.560273
vt 0.113456 0.561441
vt 0.083684 0.598478
vt 0.101448 0.538778
vt 0.098308 0.540728
vt 0.098319 0.536821
vt 0.114186 0.547738
vt 0.110080 0.562458
vt 0.113456 0.561437
vt 0.111579 0.563540
vt 0.118510 0.488281
vt 0.120084 0.484375
vt 0.119771 0.488281
vt 0.104817 0.542927
vt 0.101439 0.541903
vt 0.101448 0.538791
vt 0.132812 0.566406
vt 0.128906 0.562500
vt 0.132812 0.562500
vt 0.110328 0.566406
vt 0.111579 0.563540
vt 0.111535 0.566181
vt 0.128906 0.574219
vt 0.132812 0.570312
vt 0.132812 0.574219
vt 0.104569 0.546875
vt 0.103319 0.544009
vt 0.104817 0.542927
vt 0.074318 0.521595
vt 0.073363 0.517642
vt 0.131225 0.542969
vt 0.129541 0.539062
vt 0.132812 0.539062
vt 0.089216 0.607647
vt 0.089698 0.605163
vt 0.102961 0.573851
vt 0.102007 0.570200
vt 0.104663 0.572240
vt 0.076846 0.584354
vt 0.074533 0.582326
vt 0.077057 0.582218
vt 0.108637 0.503771
vt 0.111020 0.503335
vt 0.110365 0.504898
vt 0.137049 0.570312
vt 0.139245 0.568679
vt 0.139579 0.570312
vt 0.105469 0.574189
vt 0.102964 0.573848
vt 0.076749 0.588288
vt 0.074317 0.584429
vt 0.076833 0.584354
vt 0.109449 0.507629
vt 0.110355 0.504891
vt 0.111006 0.507403
vt 0.130971 0.596256
vt 0.128906 0.593750
vt 0.131433 0.593819
vt 0.105032 0.577954
vt 0.103841 0.575265
vt 0.075496 0.593750
vt 0.077861 0.593661
vt 0.113281 0.509977
vt 0.109473 0.507625
vt 0.130142 0.599796
vt 0.129234 0.596335
vt 0.101172 0.582031
vt 0.103211 0.577665
vt 0.107559 0.519415
vt 0.107677 0.516395
vt 0.101465 0.553818
vt 0.102095 0.550781
vt 0.104776 0.551658
vt 0.087749 0.613002
vt 0.088822 0.610177
vt 0.105407 0.494945
vt 0.106244 0.492401
vt 0.107110 0.493244
vt 0.113281 0.487397
vt 0.109375 0.484432
vt 0.113281 0.484375
vt 0.100645 0.555008
vt 0.099761 0.552117
vt 0.101465 0.553818
vt 0.140159 0.554688
vt 0.137185 0.553243
vt 0.140207 0.553291
vt 0.106202 0.496094
vt 0.107110 0.493244
vt 0.108497 0.495370
vt 0.115649 0.617188
vt 0.106933 0.613281
vt 0.115812 0.613281
vt 0.103445 0.561684
vt 0.104483 0.560781
vt 0.131915 0.532786
vt 0.125000 0.534260
vt 0.125202 0.531250
vt 0.078125 0.575133
vt 0.074479 0.568045
vt 0.078125 0.566406
vt 0.071353 0.501784
vt 0.073766 0.496094
vt 0.074102 0.501343
vt 0.097561 0.607598
vt 0.101454 0.606859
vt 0.097544 0.609941
vt 0.084368 0.617188
vt 0.086457 0.615346
vt 0.112638 0.572200
vt 0.109375 0.571704
vt 0.111759 0.570887
vt 0.074219 0.505899
vt 0.074031 0.501354
vt 0.094450 0.610977
vt 0.096761 0.611368
vt 0.137840 0.562500
vt 0.140596 0.561102
vt 0.140625 0.562500
vt 0.115037 0.575713
vt 0.112638 0.574543
vt 0.112638 0.572200
vt 0.140625 0.539062
vt 0.139289 0.537086
vt 0.140621 0.537239
vt 0.136389 0.617188
vt 0.129799 0.614445
vt 0.136719 0.615111
vt 0.097659 0.617188
vt 0.098754 0.615523
vt 0.131284 0.524170
vt 0.130045 0.519531
vt 0.132812 0.519671
vt 0.111077 0.580452
vt 0.112001 0.582031
vt 0.503906 0.964844
vt 0.500000 0.996094
vt 0.503906 0.996094
vt 0.500000 0.964844
vt 0.496094 0.996094
vt 0.496094 0.964844
vt 0.492188 0.996094
vt 0.492188 0.964844
vt 0.488281 0.996094
vt 0.488281 0.964844
vt 0.484375 0.996094
vt 0.484375 0.964844
vt 0.480469 0.996094
vt 0.476562 0.964844
vt 0.476562 0.996094
vt 0.472656 0.964844
vt 0.472656 0.996094
vt 0.468750 0.964844
vt 0.468750 0.996094
vt 0.464844 0.964844
vt 0.464844 0.996094
vt 0.460938 0.964844
vt 0.460938 0.996094
vt 0.457031 0.996094
vt 0.503906 0.929688
vt 0.500000 0.960938
vt 0.503906 0.960938
vt 0.363281 0.484375
vt 0.359375 0.484375
vt 0.359375 0.492188
vt 0.500000 0.929688
vt 0.496094 0.960938
vt 0.496094 0.929688
vt 0.492188 0.960938
vt 0.367188 0.492188
vt 0.492188 0.929688
vt 0.488281 0.960938
vt 0.363281 0.492188
vt 0.488281 0.929688
vt 0.484375 0.960938
vt 0.480469 0.929688
vt 0.480469 0.960938
vt 0.476562 0.929688
vt 0.476562 0.960938
vt 0.468750 0.960938
vt 0.464844 0.929688
vt 0.464844 0.960938
vt 0.460938 0.929688
vt 0.460938 0.960938
vt 0.457031 0.929688
vt 0.457031 0.960938
vt 0.472656 0.929688
vt 0.472656 0.960938
vt 0.468750 0.929688
vt 0.433594 0.964844
vt 0.406250 0.964844
vt 0.480469 0.964844
vt 0.457031 0.964844
vt 0.484375 0.929688
vt 0.070170 0.591919
vt 0.093659 0.572055
vt 0.084613 0.568006
vt 0.000142 0.521625
vt 0.089936 0.571997
vt 0.084613 0.583652
vt 0.001697 0.537220
vt 0.004054 0.537175
vt 0.089943 0.587558
vt 0.024505 0.522332
vt 0.026598 0.522324
vt 0.043352 0.498722
vt 0.025168 0.534044
vt 0.037633 0.510395
vt 0.043355 0.510395
vt 0.027261 0.534024
vt 0.097656 0.496094
vt 0.121094 0.511719
vt 0.078125 0.562500
vt 0.121094 0.500000
vt 0.125000 0.523438
vt 0.117188 0.609375
vt 0.082031 0.496094
vt 0.125000 0.617188
vt 0.097656 0.507812
vt 0.125000 0.605469
vt 0.089844 0.496094
vt 0.082031 0.507812
vt 0.125000 0.562500
vt 0.117188 0.535156
vt 0.125000 0.585938
vt 0.058594 0.503906
vt 0.113281 0.527344
vt 0.085938 0.507812
vt 0.125000 0.574219
vt 0.121094 0.546875
vt 0.125000 0.550781
vt 0.113281 0.523438
vt 0.054688 0.496094
vt 0.113281 0.597656
vt 0.009418 0.617188
vt 0.025043 0.617188
vt 0.056293 0.617188
vt 0.091978 0.483377
vt 0.068855 0.489541
vt 0.139300 0.584658
vt 0.140327 0.597656
vt 0.054080 0.480623
vt 0.068540 0.482252
vt 0.063645 0.491220
vt 0.138044 0.576845
vt 0.063654 0.490012
vt 0.140327 0.589844
vt 0.078759 0.480646
vt 0.105469 0.485078
vt 0.128740 0.510551
vt 0.132812 0.510620
vt 0.132812 0.550781
vt 0.137807 0.530035
vt 0.111049 0.539062
vt 0.116482 0.557922
vt 0.112924 0.547738
vt 0.118197 0.484375
vt 0.128906 0.570312
vt 0.085624 0.608643
vt 0.099532 0.571366
vt 0.109315 0.501730
vt 0.136719 0.568647
vt 0.074221 0.588277
vt 0.106377 0.520165
vt 0.102440 0.493032
vt 0.109423 0.487455
vt 0.106844 0.617188
vt 0.098476 0.554325
vt 0.069632 0.500555
vt 0.080760 0.613756
vt 0.097561 0.607599
vt 0.137900 0.560872
vt 0.129320 0.617188
vt 0.094513 0.610988
vt 0.112905 0.576057
vt 0.656250 0.785156
vt 0.656250 0.781250
vt 0.171875 0.617188
vt 0.382812 1.000000
vt 0.140625 0.320312
vt 0.683594 0.683594
vt 0.699219 0.859375
vt 0.699219 0.855469
vt 0.187500 1.000000
vt 0.699219 0.843750
vt 0.718750 0.398438
vt 0.746094 0.519531
vt 0.746094 0.515625
vt 0.191406 0.808594
vt 0.746094 0.503906
vt 0.753906 0.671875
vt 0.371094 0.199219
vt 0.750000 0.156250
vt 0.390625 0.640625
vt 0.332031 0.484375
vt 0.300781 0.152344
vt 0.335938 0.105469
vt 0.816406 0.101562
vt 0.828125 0.148438
vt 0.523438 0.667969
vt 0.148438 0.441406
vt 0.312500 0.144531
vt 0.324219 0.097656
vt 0.667969 0.093750
vt 0.695312 0.140625
vt 0.648438 0.832031
vt 0.644531 0.742188
vt 0.707031 0.140625
vt 0.082031 0.089844
vt 0.855469 0.597656
vt 0.859375 0.738281
vt 0.273438 0.437500
vt 0.484375 0.378906
vt 0.644531 0.140625
vt 0.656250 0.093750
vt 0.347656 0.140625
vt 0.835938 0.574219
vt 0.433594 0.464844
vt 0.527344 0.566406
vt 0.359375 0.246094
vt 0.679688 0.085938
vt 0.460938 0.136719
vt 0.843750 0.925781
vt 0.914062 0.308594
vt 0.890625 0.296875
vt 0.140625 0.105469
vt 0.152344 0.082031
vt 0.406250 0.136719
vt 0.433594 0.160156
vt 0.433594 0.199219
vt 0.812500 0.910156
vt 0.117188 0.105469
vt 0.128906 0.082031
vt 0.027344 0.128906
vt 0.054688 0.152344
vt 0.488281 0.082031
vt 0.507812 0.082031
vt 0.511719 0.105469
vt 0.523438 0.082031
vt 0.839844 0.132812
vt 0.000000 0.152344
vt 0.257812 0.082031
vt 0.277344 0.082031
vt 0.281250 0.105469
vt 0.347656 0.082031
vt 0.566406 0.132812
vt 0.789062 0.156250
vt 0.210938 0.082031
vt 0.230469 0.082031
vt 0.234375 0.105469
vt 0.246094 0.082031
vt 0.765625 0.968750
vt 0.687500 0.390625
vt 0.527344 0.238281
vt 0.593750 0.125000
vt 0.722656 0.156250
vt 0.843750 0.875000
vt 0.375000 0.156250
vt 0.164062 0.082031
vt 0.183594 0.082031
vt 0.187500 0.105469
vt 0.199219 0.082031
vt 0.617188 0.140625
vt 0.761719 0.164062
vt 0.656250 0.722656
vt 0.687500 0.605469
vt 0.093750 0.105469
vt 0.105469 0.082031
vt 0.148438 0.148438
vt 0.811552 0.394531
vt 0.810097 0.492188
vt 0.808641 0.363281
vt 0.349159 0.246094
vt 0.811552 0.332031
vt 0.810097 0.460938
vt 0.808641 0.300781
vt 0.802284 0.667969
vt 0.734375 0.089844
vt 0.292969 0.105469
vt 0.312500 0.617188
vt 0.359375 0.617188
vt 0.574219 0.128906
vt 0.785156 0.097656
vt 0.765625 0.074219
vt 0.894531 0.117188
vt 0.351562 0.507812
vt 0.363281 0.511719
vt 0.796875 0.128906
vt 0.839844 0.097656
vt 0.011719 0.093750
vt 0.281250 0.351562
vt 0.429688 0.343750
vt 0.023438 0.125000
vt 0.035156 0.093750
vt 0.046875 0.125000
vt 0.667969 0.574219
vt 0.609375 0.234375
vt 0.058594 0.125000
vt 0.070312 0.093750
vt 0.878906 0.449219
vt 0.585938 0.121094
vt 0.445312 0.406250
vt 0.140625 0.375000
vt 0.402344 0.101562
vt 0.410156 0.070312
vt 0.597656 0.089844
vt 0.878906 0.328125
vt 0.144531 0.363281
vt 0.640625 0.488281
vt 0.417969 0.101562
vt 0.425781 0.070312
vt 0.343750 0.531250
vt 0.613281 0.359375
vt 0.660156 0.718750
vt 0.675781 0.699219
vt 0.808594 0.128906
vt 0.878906 0.234375
vt 0.609375 0.238281
vt 0.683594 0.171875
vt 0.714844 0.601562
vt 0.765625 0.945312
vt 0.718750 0.121094
vt 0.726562 0.062500
vt 0.761719 0.214844
vt 0.789062 0.558594
vt 0.484375 0.644531
vt 0.851562 0.285156
vt 0.449219 0.101562
vt 0.550781 0.742188
vt 0.359375 0.175781
vt 0.574219 0.171875
vt 0.535156 0.578125
vt 0.347656 0.175781
vt 0.839844 0.871094
vt 0.433594 0.460938
vt 0.300781 0.070312
vt 0.335938 0.101562
vt 0.558594 0.824219
vt 0.550781 0.718750
vt 0.851562 0.128906
vt 0.000000 0.093750
vt 0.207031 0.613281
vt 0.398438 0.808594
vt 0.382812 0.792969
vt 0.488281 0.636719
vt 0.511719 0.824219
vt 0.375000 0.496094
vt 0.390625 0.480469
vt 0.417969 0.457031
vt 0.519531 0.605469
vt 0.398438 0.679688
vt 0.414062 0.660156
vt 0.175781 0.582031
vt 0.695312 0.394531
vt 0.695312 0.265625
vt 0.480469 0.132812
vt 0.375000 0.128906
vt 0.378906 0.066406
vt 0.386719 0.128906
vt 0.316406 0.250000
vt 0.687500 0.679688
vt 0.140625 0.378906
vt 0.746094 0.089844
vt 0.363281 0.136719
vt 0.777344 0.074219
vt 0.089844 0.748891
vt 0.090271 0.753906
vt 0.091439 0.753479
vt 0.094859 0.752311
vt 0.000000 0.995721
vt 0.000955 1.000000
vt 0.003562 0.999045
vt 0.004279 0.996438
vt 0.695312 1.000000
vt 0.066406 0.441406
vt 0.691406 0.371094
vt 0.625000 1.000000
vt 0.507812 0.363281
vt 0.136719 0.441406
vt 0.714844 0.562500
vt 0.334016 0.972656
vt 0.281250 0.890625
vt 0.225731 0.941406
vt 0.308323 1.000000
vt 0.225731 0.914062
vt 0.316406 0.945312
vt 0.210938 0.871094
vt 0.285156 0.875000
vt 0.332031 0.917969
vt 0.312500 1.000000
vt 0.292969 0.894531
vt 0.234375 0.875000
vt 0.191406 0.851562
vt 0.203125 0.867188
vt 0.335938 0.914062
vt 0.277344 0.957031
vt 0.214844 0.867188
vt 0.289062 0.847656
vt 0.343750 0.882812
vt 0.319547 0.867188
vt 0.238281 0.869563
vt 0.324219 0.859375
vt 0.292969 0.855469
vt 0.343750 0.871094
vt 0.324219 0.855469
vt 0.226562 0.871094
vt 0.314030 0.988281
vt 0.328125 0.902344
vt 0.277344 0.863281
vt 0.300781 0.847656
vt 0.343750 0.859375
vt 0.273438 0.972656
vt 0.191406 0.886719
vt 0.335938 0.917969
vt 0.335938 0.988281
vt 0.289062 0.890625
vt 0.339844 1.000000
vt 0.312500 0.863281
vt 0.332031 0.933594
vt 0.085847 0.528944
vt 0.003690 0.482544
vt 0.065069 0.607469
vt 0.082123 0.583710
vt 0.062642 0.617098
vt 0.082130 0.593750
vt 0.014661 0.534016
vt 0.035540 0.510425
vt 0.035542 0.523438
vt 0.012786 0.546834
vt 0.027645 0.489041
vt 0.046492 0.498752
vt 0.018464 0.522324
vt 0.038680 0.466106
vt 0.062040 0.545035
vt 0.051241 0.529184
vt 0.077734 0.539864
vt 0.074679 0.531012
vt 0.038603 0.543207
vt 0.058984 0.536183
vt 0.042447 0.554671
vt 0.137017 0.597656
vt 0.064272 0.482252
vt 0.065800 0.483340
vt 0.054579 0.480469
vt 0.137017 0.589844
vt 0.063686 0.489892
vt 0.064418 0.488880
vt 0.087710 0.483377
vt 0.108675 0.603014
vt 0.128906 0.558594
vt 0.133966 0.605469
vt 0.136719 0.546875
vt 0.085414 0.599231
vt 0.128906 0.566406
vt 0.103362 0.546650
vt 0.071958 0.520681
vt 0.128937 0.542459
vt 0.103748 0.575326
vt 0.074219 0.588277
vt 0.129215 0.596336
vt 0.103196 0.577663
vt 0.113129 0.511719
vt 0.128917 0.599768
vt 0.100650 0.580259
vt 0.098349 0.554285
vt 0.137136 0.554688
vt 0.131977 0.534260
vt 0.074219 0.574930
vt 0.071438 0.506036
vt 0.112723 0.576086
vt 0.138526 0.538927
vt 0.129934 0.524170
s 1
f 2/1/1 4/2/1 1/3/1
f 6/4/2 8/5/2 5/6/2
f 2/7/3 7/8/3 6/9/3
f 3/10/4 8/11/4 4/12/4
f 2/13/5 5/14/5 3/15/5
f 1/16/6 8/17/6 7/18/6
f 10/19/1 12/20/1 9/21/1
f 14/22/2 16/23/2 13/24/2
f 10/25/3 15/26/3 14/27/3
f 11/28/4 16/29/4 12/30/4
f 10/31/5 13/32/5 11/33/5
f 9/34/6 16/35/6 15/36/6
f 18/37/1 20/38/1 17/39/1
f 22/40/2 24/41/2 21/42/2
f 18/30/3 23/43/3 22/29/3
f 19/44/4 24/45/4 20/46/4
f 18/47/5 21/48/5 19/49/5
f 17/50/6 24/51/6 23/52/6
f 26/53/1 28/54/1 25/55/1
f 30/56/2 32/57/2 29/58/2
f 26/59/3 31/60/3 30/61/3
f 27/62/4 32/63/4 28/64/4
f 26/65/5 29/66/5 27/67/5
f 25/68/6 32/69/6 31/70/6
f 34/71/1 36/72/1 33/73/1
f 38/74/2 40/75/2 37/76/2
f 34/77/3 39/78/3 38/79/3
f 35/80/4 40/81/4 36/82/4
f 34/83/5 37/84/5 35/85/5
f 33/86/6 40/87/6 39/88/6
f 42/89/1 44/90/1 41/91/1
f 46/92/2 48/93/2 45/94/2
f 42/95/3 47/96/3 46/97/3
f 43/98/4 48/99/4 44/100/4
f 42/101/5 45/102/5 43/103/5
f 41/104/6 48/105/6 47/106/6
f 50/107/1 52/108/1 49/109/1
f 54/110/2 56/111/2 53/112/2
f 50/113/3 55/114/3 54/115/3
f 51/116/4 56/117/4 52/118/4
f 50/119/5 53/120/5 51/121/5
f 49/122/6 56/123/6 55/124/6
f 58/125/5 60/126/5 57/127/5
f 62/128/6 64/129/6 61/130/6
f 58/131/3 63/132/3 62/133/3
f 59/134/4 64/135/4 60/136/4
f 58/137/2 61/138/2 59/139/2
f 57/140/1 64/141/1 63/142/1
f 66/143/5 68/144/5 65/145/5
f 70/146/6 72/147/6 69/148/6
f 66/149/3 71/150/3 70/151/3
f 67/152/4 72/153/4 68/154/4
f 66/155/2 69/156/2 67/157/2
f 65/158/1 72/159/1 71/160/1
f 74/161/5 76/162/5 73/163/5
f 78/164/6 80/165/6 77/166/6
f 74/167/3 79/168/3 78/169/3
f 75/170/4 80/171/4 76/172/4
f 74/173/2 77/174/2 75/175/2
f 73/176/1 80/177/1 79/178/1
f 82/179/2 84/180/2 81/181/2
f 86/182/1 88/183/1 85/184/1
f 82/185/3 87/186/3 86/187/3
f 83/188/4 88/189/4 84/190/4
f 82/191/6 85/192/6 83/193/6
f 81/194/5 88/195/5 87/196/5
f 90/197/2 92/198/2 89/199/2
f 94/200/1 96/201/1 93/202/1
f 90/203/3 95/204/3 94/205/3
f 91/206/4 96/207/4 92/208/4
f 90/209/6 93/210/6 91/211/6
f 89/212/5 96/213/5 95/214/5
f 98/215/2 100/216/2 97/217/2
f 102/218/1 104/219/1 101/220/1
f 98/221/3 103/222/3 102/223/3
f 99/224/4 104/225/4 100/226/4
f 98/227/6 101/228/6 99/229/6
f 97/230/5 104/231/5 103/232/5
f 106/233/6 108/234/6 105/235/6
f 110/236/3 105/237/3 109/238/3
f 111/239/4 108/240/4 107/241/4
f 110/242/1 107/243/1 106/244/1
f 109/245/2 108/246/2 112/247/2
f 114/248/2 116/249/2 113/250/2
f 118/251/1 120/252/1 117/253/1
f 114/254/3 119/255/3 118/256/3
f 115/257/4 120/258/4 116/259/4
f 114/260/6 117/261/6 115/262/6
f 113/263/5 120/264/5 119/265/5
f 122/266/5 124/267/5 121/268/5
f 126/269/6 128/270/6 125/271/6
f 122/272/3 127/273/3 126/274/3
f 123/275/4 128/276/4 124/277/4
f 122/278/2 125/279/2 123/280/2
f 121/281/1 128/282/1 127/283/1
f 129/284/4 130/285/4 131/286/4
f 129/287/7 133/288/7 130/289/7
f 133/290/3 132/291/3 134/292/3
f 135/293/4 129/284/4 131/286/4
f 135/287/1 132/288/1 129/289/1
f 132/291/3 136/294/3 134/292/3
f 137/295/4 135/293/4 131/286/4
f 137/287/8 136/288/8 135/289/8
f 136/294/3 138/296/3 134/292/3
f 139/297/4 137/295/4 131/286/4
f 139/287/6 138/288/6 137/289/6
f 138/296/3 140/298/3 134/292/3
f 141/299/4 139/297/4 131/286/4
f 141/287/9 140/288/9 139/289/9
f 140/298/3 142/300/3 134/292/3
f 143/301/4 141/299/4 131/286/4
f 143/287/2 142/288/2 141/289/2
f 142/300/3 144/302/3 134/292/3
f 145/303/4 143/301/4 131/286/4
f 145/287/10 144/288/10 143/289/10
f 144/302/3 146/304/3 134/292/3
f 130/285/4 145/303/4 131/286/4
f 130/287/5 146/288/5 145/289/5
f 146/304/3 133/290/3 134/292/3
f 147/305/4 148/306/4 149/307/4
f 147/287/7 151/288/7 148/289/7
f 151/308/3 150/309/3 152/310/3
f 153/311/4 147/305/4 149/307/4
f 153/287/1 150/288/1 147/289/1
f 150/309/3 154/312/3 152/310/3
f 155/313/4 153/311/4 149/307/4
f 155/287/8 154/288/8 153/289/8
f 154/312/3 156/314/3 152/310/3
f 157/315/4 155/313/4 149/307/4
f 157/287/6 156/288/6 155/289/6
f 156/314/3 158/316/3 152/310/3
f 159/317/4 157/315/4 149/307/4
f 159/287/9 158/288/9 157/289/9
f 158/316/3 160/318/3 152/310/3
f 161/319/4 159/317/4 149/307/4
f 161/287/2 160/288/2 159/289/2
f 160/318/3 162/320/3 152/310/3
f 163/321/4 161/319/4 149/307/4
f 163/287/10 162/288/10 161/289/10
f 162/320/3 164/322/3 152/310/3
f 148/306/4 163/321/4 149/307/4
f 148/287/5 164/288/5 163/289/5
f 164/322/3 151/308/3 152/310/3
f 165/323/4 166/324/4 167/325/4
f 165/326/11 169/327/11 166/328/11
f 169/329/3 168/330/3 170/331/3
f 171/332/4 165/323/4 167/325/4
f 171/333/12 168/334/12 165/335/12
f 168/336/3 172/337/3 170/331/3
f 173/338/4 171/332/4 167/325/4
f 173/339/13 172/340/13 171/341/13
f 172/342/3 174/343/3 170/331/3
f 175/344/4 173/338/4 167/325/4
f 175/345/14 174/346/14 173/347/14
f 174/348/3 176/349/3 170/331/3
f 177/350/4 175/344/4 167/325/4
f 177/351/15 176/352/15 175/353/15
f 176/354/3 178/355/3 170/331/3
f 179/356/4 177/350/4 167/325/4
f 179/357/16 178/358/16 177/359/16
f 178/360/3 180/361/3 170/331/3
f 181/362/4 179/356/4 167/325/4
f 181/363/17 180/364/17 179/365/17
f 180/366/3 182/367/3 170/331/3
f 166/324/4 181/362/4 167/325/4
f 166/368/18 182/369/18 181/370/18
f 182/371/3 169/372/3 170/331/3
f 184/373/19 186/374/19 183/375/19
f 188/376/20 190/377/20 187/378/20
f 184/379/3 189/380/3 188/381/3
f 185/382/4 190/383/4 186/384/4
f 184/385/5 187/386/5 185/387/5
f 183/388/6 190/389/6 189/390/6
f 192/391/21 194/392/21 191/393/21
f 196/394/22 198/395/22 195/396/22
f 196/397/3 191/398/3 197/399/3
f 194/400/4 195/401/4 198/402/4
f 192/403/5 195/404/5 193/405/5
f 191/406/6 198/407/6 197/408/6
f 200/409/1 202/410/1 199/411/1
f 200/412/3 204/413/3 203/414/3
f 201/415/4 206/416/4 202/417/4
f 200/418/5 205/419/5 201/420/5
f 199/421/6 206/422/6 204/423/6
f 208/424/2 210/425/2 207/426/2
f 211/427/3 209/428/3 208/429/3
f 214/430/4 210/431/4 213/432/4
f 211/433/5 207/434/5 214/435/5
f 212/436/6 210/437/6 209/438/6
f 216/439/1 218/440/1 215/441/1
f 220/442/2 222/443/2 219/444/2
f 216/445/3 221/446/3 220/447/3
f 217/448/4 222/449/4 218/450/4
f 216/451/5 219/452/5 217/453/5
f 215/454/6 222/455/6 221/456/6
f 224/457/1 226/458/1 223/459/1
f 228/460/2 230/461/2 227/462/2
f 224/463/3 229/464/3 228/465/3
f 225/466/4 230/467/4 226/468/4
f 224/469/5 227/470/5 225/471/5
f 223/472/6 230/473/6 229/474/6
f 232/475/3 234/476/3 231/477/3
f 236/478/4 238/479/4 235/480/4
f 232/481/2 237/482/2 236/483/2
f 233/484/1 238/485/1 234/486/1
f 232/487/5 235/488/5 233/489/5
f 231/490/6 238/491/6 237/492/6
f 240/493/3 242/494/3 239/495/3
f 244/496/4 246/497/4 243/498/4
f 240/499/2 245/500/2 244/501/2
f 241/502/1 246/503/1 242/504/1
f 240/505/5 243/506/5 241/507/5
f 239/508/6 246/509/6 245/510/6
f 248/511/2 250/512/2 247/513/2
f 252/514/4 250/515/4 251/516/4
f 252/517/5 248/518/5 253/519/5
f 250/520/6 249/521/6 254/522/6
f 256/523/23 258/524/23 255/525/23
f 260/526/1 262/527/1 259/528/1
f 263/529/4 262/530/4 261/531/4
f 260/532/5 263/533/5 265/534/5
f 259/535/6 262/536/6 266/537/6
f 268/538/24 270/539/24 267/540/24
f 272/541/3 274/542/3 271/543/3
f 275/544/1 274/545/1 273/546/1
f 272/547/5 275/548/5 277/549/5
f 271/550/6 274/551/6 278/552/6
f 280/553/25 282/554/25 279/555/25
f 284/556/3 286/557/3 283/558/3
f 288/559/2 286/560/2 287/561/2
f 288/562/5 284/563/5 289/564/5
f 286/565/6 285/566/6 290/567/6
f 292/568/26 294/569/26 291/570/26
f 296/571/1 298/572/1 295/573/1
f 300/574/2 302/575/2 299/576/2
f 296/577/3 301/578/3 300/579/3
f 297/580/4 302/581/4 298/582/4
f 296/583/5 299/584/5 297/585/5
f 295/586/6 302/587/6 301/588/6
f 304/589/1 306/590/1 303/591/1
f 304/592/24 308/593/24 307/594/24
f 305/595/4 308/596/4 306/597/4
f 303/598/6 306/599/6 308/600/6
f 305/601/5 304/602/5 307/603/5
f 310/604/3 312/605/3 309/606/3
f 310/607/25 314/608/25 313/609/25
f 311/610/1 314/611/1 312/612/1
f 309/613/6 312/614/6 314/615/6
f 311/616/5 310/617/5 313/618/5
f 316/619/3 318/620/3 315/621/3
f 316/622/26 320/623/26 317/624/26
f 315/625/2 320/626/2 319/627/2
f 318/628/6 317/629/6 320/630/6
f 316/631/5 315/632/5 319/633/5
f 322/634/2 324/635/2 321/636/2
f 322/637/23 326/638/23 323/639/23
f 321/640/4 326/641/4 325/642/4
f 324/643/6 323/644/6 326/645/6
f 322/646/5 321/647/5 325/648/5
f 328/649/1 330/650/1 327/651/1
f 332/652/2 334/653/2 331/654/2
f 328/655/3 331/656/3 329/657/3
f 327/658/4 334/659/4 333/660/4
f 328/661/6 333/662/6 332/663/6
f 329/664/5 334/665/5 330/666/5
f 336/667/2 338/668/2 335/669/2
f 340/670/1 342/671/1 339/672/1
f 336/673/3 341/674/3 340/675/3
f 337/676/4 342/677/4 338/678/4
f 336/679/6 339/680/6 337/681/6
f 335/682/5 342/683/5 341/684/5
f 345/685/4 347/686/4 343/687/4
f 347/688/27 346/689/27 348/690/27
f 348/691/3 346/692/3 344/687/3
f 347/685/4 349/686/4 343/687/4
f 349/693/28 348/694/28 350/689/28
f 350/691/3 348/692/3 344/687/3
f 349/686/4 351/686/4 343/687/4
f 351/695/8 350/696/8 352/694/8
f 352/686/3 350/686/3 344/687/3
f 351/691/4 353/692/4 343/687/4
f 353/697/29 352/698/29 354/696/29
f 354/685/3 352/686/3 344/687/3
f 353/691/4 355/692/4 343/687/4
f 355/699/30 354/700/30 356/698/30
f 356/685/3 354/686/3 344/687/3
f 355/691/4 357/692/4 343/687/4
f 358/700/31 355/701/31 356/702/31
f 358/687/3 356/685/3 344/692/3
f 357/687/4 359/687/4 343/686/4
f 360/702/32 357/703/33 358/704/32
f 360/687/3 358/685/3 344/691/3
f 359/687/4 361/687/4 343/686/4
f 362/704/34 359/705/34 360/706/34
f 362/687/3 360/685/3 344/691/3
f 361/687/4 363/687/4 343/686/4
f 364/706/10 361/707/10 362/708/10
f 364/687/3 362/687/3 344/686/3
f 363/687/4 365/685/4 343/691/4
f 366/708/35 363/709/35 364/710/35
f 366/687/3 364/687/3 344/686/3
f 365/687/4 367/685/4 343/691/4
f 368/710/36 365/711/36 366/712/36
f 368/687/3 366/687/3 344/686/3
f 367/687/4 345/685/4 343/692/4
f 345/711/37 368/713/37 346/712/37
f 346/691/3 368/692/3 344/687/3
f 371/685/4 373/686/4 369/687/4
f 373/714/38 372/715/38 374/716/38
f 374/691/3 372/692/3 370/687/3
f 373/685/4 375/686/4 369/687/4
f 375/717/39 374/718/39 376/715/39
f 376/691/3 374/692/3 370/687/3
f 375/686/4 377/686/4 369/687/4
f 377/719/8 376/720/8 378/718/8
f 378/686/3 376/686/3 370/687/3
f 377/691/4 379/692/4 369/687/4
f 379/721/40 378/722/40 380/720/40
f 380/685/3 378/686/3 370/687/3
f 379/691/4 381/692/4 369/687/4
f 381/723/41 380/724/41 382/722/41
f 382/685/3 380/686/3 370/687/3
f 381/691/4 383/692/4 369/687/4
f 383/725/7 382/726/7 384/724/7
f 384/687/3 382/685/3 370/692/3
f 383/687/4 385/687/4 369/686/4
f 385/727/42 384/728/42 386/726/42
f 386/687/3 384/685/3 370/691/3
f 385/687/4 387/687/4 369/686/4
f 387/729/43 386/730/43 388/728/43
f 388/687/3 386/685/3 370/691/3
f 387/687/4 389/687/4 369/686/4
f 389/731/10 388/732/10 390/733/10
f 390/687/3 388/687/3 370/686/3
f 389/687/4 391/685/4 369/691/4
f 391/734/44 390/735/44 392/732/44
f 392/687/3 390/687/3 370/686/3
f 391/687/4 393/685/4 369/691/4
f 393/736/45 392/737/45 394/735/45
f 394/687/3 392/687/3 370/686/3
f 393/687/4 371/685/4 369/692/4
f 371/738/9 394/716/9 372/737/9
f 372/691/3 394/692/3 370/687/3
f 399/739/41 396/288/41 395/289/41
f 402/687/45 397/740/45 398/741/45
f 401/742/4 395/743/4 397/744/4
f 396/745/3 402/746/3 398/747/3
f 403/748/40 400/749/40 399/739/40
f 406/687/44 401/740/44 402/741/44
f 401/750/4 403/751/4 399/752/4
f 404/753/3 402/754/3 400/745/3
f 407/755/8 404/756/8 403/748/8
f 410/687/10 405/740/10 406/741/10
f 409/757/4 403/758/4 405/759/4
f 408/758/3 406/757/3 404/760/3
f 411/761/39 408/762/39 407/755/39
f 414/687/43 409/740/43 410/741/43
f 413/763/4 407/764/4 409/765/4
f 408/766/3 414/767/3 410/768/3
f 415/769/38 412/770/38 411/761/38
f 418/687/42 413/740/42 414/741/42
f 413/746/4 415/771/4 411/753/4
f 416/752/3 414/742/3 412/766/3
f 419/772/9 416/773/9 415/769/9
f 422/687/7 417/740/7 418/741/7
f 421/774/4 415/775/4 417/776/4
f 420/687/3 418/777/3 416/778/3
f 423/779/45 420/780/45 419/772/45
f 426/687/41 421/740/41 422/741/41
f 425/781/4 419/782/4 421/783/4
f 420/784/3 426/785/3 422/786/3
f 427/787/44 424/788/44 423/779/44
f 430/687/40 425/740/40 426/741/40
f 425/789/4 427/790/4 423/791/4
f 428/687/3 426/792/3 424/784/3
f 431/793/10 428/794/10 427/787/10
f 434/687/8 429/740/8 430/741/8
f 433/795/4 427/796/4 429/797/4
f 432/796/3 430/795/3 428/687/3
f 435/798/43 432/799/43 431/793/43
f 438/687/39 433/740/39 434/741/39
f 437/792/4 431/800/4 433/801/4
f 432/687/3 438/789/3 434/802/3
f 439/803/42 436/804/42 435/798/42
f 442/687/38 437/740/38 438/741/38
f 437/805/4 439/806/4 435/687/4
f 440/791/3 438/807/3 436/687/3
f 395/808/7 440/809/7 439/803/7
f 398/687/9 441/740/9 442/741/9
f 397/777/4 439/687/4 441/810/4
f 396/775/3 442/774/3 440/771/3
f 447/739/42 444/288/42 448/749/42
f 450/687/38 445/740/38 449/692/38
f 449/742/4 443/743/4 447/766/4
f 450/746/3 444/745/3 446/747/3
f 451/748/43 448/749/43 452/756/43
f 454/687/39 449/740/39 453/692/39
f 451/751/4 449/750/4 447/752/4
f 452/753/3 450/754/3 454/811/3
f 455/755/10 452/756/10 456/762/10
f 458/687/8 453/740/8 457/692/8
f 457/757/4 451/758/4 455/760/4
f 458/759/3 452/760/3 454/757/3
f 459/761/44 456/762/44 460/770/44
f 462/687/40 457/740/40 461/692/40
f 461/763/4 455/764/4 459/745/4
f 462/767/3 456/766/3 458/768/3
f 463/769/45 460/770/45 464/773/45
f 466/687/41 461/740/41 465/692/41
f 463/771/4 461/746/4 459/753/4
f 464/752/3 462/742/3 466/812/3
f 467/772/9 464/773/9 468/780/9
f 470/687/7 465/740/7 469/692/7
f 469/774/4 463/775/4 467/771/4
f 470/810/3 464/778/3 466/777/3
f 471/779/38 468/780/38 472/788/38
f 474/687/42 469/740/42 473/692/42
f 473/781/4 467/782/4 471/687/4
f 474/785/3 468/784/3 470/786/3
f 475/787/39 472/788/39 476/794/39
f 478/687/43 473/740/43 477/692/43
f 475/790/4 473/789/4 471/791/4
f 476/687/3 474/792/3 478/813/3
f 479/793/8 476/794/8 480/799/8
f 482/687/10 477/740/10 481/692/10
f 481/795/4 475/796/4 479/687/4
f 482/797/3 476/687/3 478/795/3
f 483/798/40 480/799/40 484/804/40
f 486/687/44 481/740/44 485/692/44
f 485/792/4 479/800/4 483/784/4
f 486/789/3 480/687/3 482/802/3
f 487/803/41 484/804/41 488/809/41
f 490/687/45 485/740/45 489/692/45
f 487/806/4 485/805/4 483/687/4
f 488/791/3 486/807/3 490/814/3
f 443/808/7 488/809/7 444/815/7
f 446/687/9 489/740/9 445/692/9
f 445/777/4 487/687/4 443/778/4
f 446/776/3 488/771/3 490/774/3
f 495/739/45 492/288/45 491/289/45
f 498/687/41 493/740/41 494/741/41
f 497/742/4 491/743/4 493/744/4
f 492/745/3 498/746/3 494/747/3
f 499/748/44 496/749/44 495/739/44
f 502/687/40 497/740/40 498/741/40
f 497/750/4 499/751/4 495/752/4
f 500/753/3 498/754/3 496/745/3
f 503/755/10 500/756/10 499/748/10
f 506/687/8 501/740/8 502/741/8
f 505/757/4 499/758/4 501/759/4
f 504/758/3 502/757/3 500/760/3
f 507/761/43 504/762/43 503/755/43
f 510/687/39 505/740/39 506/741/39
f 509/763/4 503/764/4 505/765/4
f 504/766/3 510/767/3 506/768/3
f 511/769/42 508/770/42 507/761/42
f 514/687/38 509/740/38 510/741/38
f 509/746/4 511/771/4 507/753/4
f 512/752/3 510/742/3 508/766/3
f 515/772/7 512/773/7 511/769/7
f 518/687/9 513/740/9 514/741/9
f 517/774/4 511/775/4 513/776/4
f 516/687/3 514/777/3 512/778/3
f 519/779/41 516/780/41 515/772/41
f 522/687/45 517/740/45 518/741/45
f 521/781/4 515/782/4 517/783/4
f 516/784/3 522/785/3 518/786/3
f 523/787/40 520/788/40 519/779/40
f 526/687/44 521/740/44 522/741/44
f 521/789/4 523/790/4 519/791/4
f 524/687/3 522/792/3 520/784/3
f 527/793/8 524/794/8 523/787/8
f 530/687/10 525/740/10 526/741/10
f 529/795/4 523/796/4 525/797/4
f 528/796/3 526/795/3 524/687/3
f 531/798/39 528/799/39 527/793/39
f 534/687/43 529/740/43 530/741/43
f 533/792/4 527/800/4 529/801/4
f 528/687/3 534/789/3 530/802/3
f 535/803/38 532/804/38 531/798/38
f 538/687/42 533/740/42 534/741/42
f 533/805/4 535/806/4 531/687/4
f 536/791/3 534/807/3 532/687/3
f 491/808/9 536/809/9 535/803/9
f 494/687/7 537/740/7 538/741/7
f 493/777/4 535/687/4 537/810/4
f 492/775/3 538/774/3 536/771/3
f 543/739/38 540/288/38 544/749/38
f 546/687/42 541/740/42 545/692/42
f 545/742/4 539/743/4 543/766/4
f 546/746/3 540/745/3 542/747/3
f 547/748/39 544/749/39 548/756/39
f 550/687/43 545/740/43 549/692/43
f 547/751/4 545/750/4 543/752/4
f 548/753/3 546/754/3 550/811/3
f 551/755/8 548/756/8 552/762/8
f 554/687/10 549/740/10 553/692/10
f 553/757/4 547/758/4 551/760/4
f 554/759/3 548/760/3 550/757/3
f 555/761/40 552/762/40 556/770/40
f 558/687/44 553/740/44 557/692/44
f 557/763/4 551/764/4 555/745/4
f 558/767/3 552/766/3 554/768/3
f 559/769/41 556/770/41 560/773/41
f 562/687/45 557/740/45 561/692/45
f 559/771/4 557/746/4 555/753/4
f 560/752/3 558/742/3 562/812/3
f 563/772/7 560/773/7 564/780/7
f 566/687/9 561/740/9 565/692/9
f 565/774/4 559/775/4 563/771/4
f 566/810/3 560/778/3 562/777/3
f 567/779/42 564/780/42 568/788/42
f 570/687/38 565/740/38 569/692/38
f 569/781/4 563/782/4 567/687/4
f 570/785/3 564/784/3 566/786/3
f 571/787/43 568/788/43 572/794/43
f 574/687/39 569/740/39 573/692/39
f 571/790/4 569/789/4 567/791/4
f 572/687/3 570/792/3 574/813/3
f 575/793/10 572/794/10 576/799/10
f 578/687/8 573/740/8 577/692/8
f 577/795/4 571/796/4 575/687/4
f 578/797/3 572/687/3 574/795/3
f 579/798/44 576/799/44 580/804/44
f 582/687/40 577/740/40 581/692/40
f 581/792/4 575/800/4 579/784/4
f 582/789/3 576/687/3 578/802/3
f 583/803/45 580/804/45 584/809/45
f 586/687/41 581/740/41 585/692/41
f 583/806/4 581/805/4 579/687/4
f 584/791/3 582/807/3 586/814/3
f 539/808/9 584/809/9 540/815/9
f 542/687/7 585/740/7 541/692/7
f 541/777/4 583/687/4 539/778/4
f 542/776/3 584/771/3 586/774/3
f 591/816/41 588/817/41 587/818/41
f 594/819/45 589/820/45 590/821/45
f 593/822/4 587/823/4 589/824/4
f 588/825/3 594/826/3 590/827/3
f 595/828/40 592/829/40 591/816/40
f 598/819/44 593/820/44 594/821/44
f 593/830/4 595/831/4 591/832/4
f 596/833/3 594/834/3 592/825/3
f 599/835/8 596/836/8 595/828/8
f 602/819/10 597/820/10 598/821/10
f 601/837/4 595/838/4 597/839/4
f 600/840/3 598/841/3 596/842/3
f 603/843/39 600/844/39 599/835/39
f 606/819/43 601/820/43 602/821/43
f 605/845/4 599/846/4 601/847/4
f 600/848/3 606/849/3 602/850/3
f 607/851/38 604/852/38 603/843/38
f 610/819/42 605/820/42 606/821/42
f 605/853/4 607/854/4 603/855/4
f 608/856/3 606/857/3 604/848/3
f 611/858/9 608/859/9 607/851/9
f 614/819/7 609/820/7 610/821/7
f 613/860/4 607/861/4 609/862/4
f 612/863/3 610/864/3 608/865/3
f 615/866/45 612/867/45 611/858/45
f 618/819/41 613/820/41 614/821/41
f 617/868/4 611/869/4 613/870/4
f 612/871/3 618/872/3 614/873/3
f 619/874/44 616/875/44 615/866/44
f 622/819/40 617/820/40 618/821/40
f 617/876/4 619/877/4 615/878/4
f 620/863/3 618/879/3 616/871/3
f 623/880/10 620/881/10 619/874/10
f 626/819/8 621/820/8 622/821/8
f 625/882/4 619/883/4 621/884/4
f 624/885/3 622/886/3 620/863/3
f 627/887/43 624/888/43 623/889/43
f 630/819/39 625/820/39 626/821/39
f 629/890/4 623/891/4 625/892/4
f 624/863/3 630/893/3 626/894/3
f 631/895/42 628/896/42 627/887/42
f 634/819/38 629/820/38 630/821/38
f 629/897/4 631/898/4 627/26/4
f 632/899/3 630/900/3 628/863/3
f 587/818/7 632/901/7 631/895/7
f 590/819/9 633/820/9 634/821/9
f 589/902/4 631/26/4 633/903/4
f 588/904/3 634/905/3 632/906/3
f 635/907/4 636/908/4 637/909/4
f 635/910/7 639/911/7 636/912/7
f 639/913/3 638/914/3 640/915/3
f 641/916/4 635/907/4 637/909/4
f 641/917/1 638/918/1 635/919/1
f 638/920/3 642/921/3 640/915/3
f 643/922/4 641/916/4 637/909/4
f 643/923/8 642/924/8 641/925/8
f 642/926/3 644/927/3 640/915/3
f 645/928/4 643/922/4 637/909/4
f 645/929/6 644/930/6 643/931/6
f 644/932/3 646/933/3 640/915/3
f 647/934/4 645/928/4 637/909/4
f 647/935/9 646/936/9 645/937/9
f 646/938/3 648/939/3 640/915/3
f 649/940/4 647/934/4 637/909/4
f 649/941/2 648/942/2 647/943/2
f 648/944/3 650/945/3 640/915/3
f 651/946/4 649/940/4 637/909/4
f 651/947/10 650/948/10 649/949/10
f 650/950/3 652/951/3 640/915/3
f 636/908/4 651/946/4 637/909/4
f 652/952/3 639/953/3 640/915/3
f 651/954/5 654/955/5 653/956/5
f 636/957/5 655/958/5 654/955/5
f 639/959/5 656/960/5 655/958/5
f 651/954/5 656/960/5 652/961/5
f 661/686/4 659/685/4 657/687/4
f 661/714/39 660/715/39 659/717/39
f 660/692/3 662/691/3 658/687/3
f 663/686/4 661/685/4 657/687/4
f 663/717/38 662/718/38 661/719/38
f 662/692/3 664/691/3 658/687/3
f 665/686/4 663/686/4 657/687/4
f 665/719/9 664/720/9 663/721/9
f 664/686/3 666/686/3 658/687/3
f 667/692/4 665/691/4 657/687/4
f 667/721/45 666/722/45 665/723/45
f 666/686/3 668/685/3 658/687/3
f 669/692/4 667/691/4 657/687/4
f 669/723/44 668/724/44 667/725/44
f 668/686/3 670/685/3 658/687/3
f 671/692/4 669/691/4 657/687/4
f 671/725/10 670/726/10 669/727/10
f 670/685/3 672/687/3 658/692/3
f 673/687/4 671/687/4 657/686/4
f 673/727/43 672/728/43 671/729/43
f 672/685/3 674/687/3 658/691/3
f 675/687/4 673/687/4 657/686/4
f 675/729/42 674/730/42 673/962/42
f 674/685/3 676/687/3 658/691/3
f 677/687/4 675/687/4 657/686/4
f 677/731/7 676/732/7 675/734/7
f 676/687/3 678/687/3 658/686/3
f 679/685/4 677/687/4 657/691/4
f 679/734/41 678/735/41 677/736/41
f 678/687/3 680/687/3 658/686/3
f 681/685/4 679/687/4 657/691/4
f 681/736/40 680/737/40 679/738/40
f 680/687/3 682/687/3 658/686/3
f 659/685/4 681/687/4 657/692/4
f 659/738/8 682/716/8 681/714/8
f 682/692/3 660/691/3 658/687/3
f 687/816/44 684/817/44 688/829/44
f 690/819/40 685/820/40 689/963/40
f 689/822/4 683/823/4 687/964/4
f 690/826/3 684/825/3 686/827/3
f 691/828/45 688/829/45 692/836/45
f 694/819/41 689/820/41 693/963/41
f 691/831/4 689/830/4 687/832/4
f 692/833/3 690/834/3 694/965/3
f 695/835/9 692/836/9 696/844/9
f 698/819/7 693/820/7 697/963/7
f 697/837/4 691/838/4 695/966/4
f 698/849/3 692/842/3 694/841/3
f 699/843/38 696/844/38 700/852/38
f 702/819/42 697/820/42 701/963/42
f 701/845/4 695/846/4 699/967/4
f 702/849/3 696/848/3 698/850/3
f 703/851/39 700/852/39 704/859/39
f 706/819/43 701/820/43 705/963/43
f 703/854/4 701/853/4 699/855/4
f 704/856/3 702/857/3 706/968/3
f 707/858/8 704/859/8 708/867/8
f 710/819/10 705/820/10 709/963/10
f 709/860/4 703/861/4 707/969/4
f 710/970/3 704/865/3 706/864/3
f 711/866/40 708/867/40 712/875/40
f 714/819/44 709/820/44 713/963/44
f 713/868/4 707/869/4 711/26/4
f 714/872/3 708/871/3 710/873/3
f 715/874/41 712/875/41 716/881/41
f 718/819/45 713/820/45 717/963/45
f 715/877/4 713/876/4 711/878/4
f 716/863/3 714/879/3 718/971/3
f 719/880/7 716/881/7 720/972/7
f 722/819/9 717/820/9 721/963/9
f 721/882/4 715/883/4 719/26/4
f 722/973/3 716/863/3 718/886/3
f 723/887/42 720/888/42 724/896/42
f 726/819/38 721/820/38 725/963/38
f 725/890/4 719/891/4 723/974/4
f 726/893/3 720/863/3 722/894/3
f 727/895/43 724/896/43 728/901/43
f 730/819/39 725/820/39 729/963/39
f 727/898/4 725/897/4 723/26/4
f 728/899/3 726/900/3 730/975/3
f 683/818/10 728/901/10 684/817/10
f 686/819/8 729/820/8 685/963/8
f 685/902/4 727/26/4 683/976/4
f 686/977/3 728/906/3 730/905/3
f 733/685/4 735/686/4 731/687/4
f 735/714/42 734/715/42 736/716/42
f 736/691/3 734/692/3 732/687/3
f 735/685/4 737/686/4 731/687/4
f 737/717/43 736/718/43 738/715/43
f 738/691/3 736/692/3 732/687/3
f 737/686/4 739/686/4 731/687/4
f 739/719/10 738/720/10 740/718/10
f 740/686/3 738/686/3 732/687/3
f 739/691/4 741/692/4 731/687/4
f 741/721/44 740/722/44 742/720/44
f 742/685/3 740/686/3 732/687/3
f 741/691/4 743/692/4 731/687/4
f 743/723/45 742/724/45 744/722/45
f 744/685/3 742/686/3 732/687/3
f 743/691/4 745/692/4 731/687/4
f 745/725/9 744/726/9 746/724/9
f 746/687/3 744/685/3 732/692/3
f 745/687/4 747/687/4 731/686/4
f 747/727/38 746/728/38 748/726/38
f 748/687/3 746/685/3 732/691/3
f 747/687/4 749/687/4 731/686/4
f 749/729/39 748/730/39 750/728/39
f 750/687/3 748/685/3 732/691/3
f 749/687/4 751/687/4 731/686/4
f 751/731/8 750/732/8 752/733/8
f 752/687/3 750/687/3 732/686/3
f 751/687/4 753/685/4 731/691/4
f 753/734/40 752/735/40 754/732/40
f 754/687/3 752/687/3 732/686/3
f 753/687/4 755/685/4 731/691/4
f 755/736/41 754/737/41 756/735/41
f 756/687/3 754/687/3 732/686/3
f 755/687/4 733/685/4 731/692/4
f 733/738/7 756/716/7 734/737/7
f 734/691/3 756/692/3 732/687/3
f 761/816/45 758/817/45 757/818/45
f 764/819/41 759/820/41 760/821/41
f 763/822/4 757/823/4 759/824/4
f 758/825/3 764/826/3 760/827/3
f 765/828/44 762/829/44 761/816/44
f 768/819/40 763/820/40 764/821/40
f 763/830/4 765/831/4 761/832/4
f 766/833/3 764/834/3 762/825/3
f 769/835/10 766/836/10 765/828/10
f 772/819/8 767/820/8 768/821/8
f 771/837/4 765/838/4 767/839/4
f 770/840/3 768/841/3 766/842/3
f 773/843/43 770/844/43 769/835/43
f 776/819/39 771/820/39 772/821/39
f 775/845/4 769/846/4 771/847/4
f 770/848/3 776/849/3 772/850/3
f 777/851/42 774/852/42 773/843/42
f 780/819/38 775/820/38 776/821/38
f 775/853/4 777/854/4 773/855/4
f 778/856/3 776/857/3 774/848/3
f 781/858/7 778/859/7 777/851/7
f 784/819/9 779/820/9 780/821/9
f 783/860/4 777/861/4 779/862/4
f 782/863/3 780/864/3 778/865/3
f 785/866/41 782/867/41 781/858/41
f 788/819/45 783/820/45 784/821/45
f 787/868/4 781/869/4 783/870/4
f 782/871/3 788/872/3 784/873/3
f 789/874/40 786/875/40 785/866/40
f 792/819/44 787/820/44 788/821/44
f 787/876/4 789/877/4 785/878/4
f 790/863/3 788/879/3 786/871/3
f 793/880/8 790/881/8 789/874/8
f 796/819/10 791/820/10 792/821/10
f 795/882/4 789/883/4 791/884/4
f 794/885/3 792/886/3 790/863/3
f 797/887/39 794/888/39 793/889/39
f 800/819/43 795/820/43 796/821/43
f 799/890/4 793/891/4 795/892/4
f 794/863/3 800/893/3 796/894/3
f 801/895/38 798/896/38 797/887/38
f 804/819/42 799/820/42 800/821/42
f 799/897/4 801/898/4 797/26/4
f 802/899/3 800/900/3 798/863/3
f 757/818/9 802/901/9 801/895/9
f 760/819/7 803/820/7 804/821/7
f 759/902/4 801/26/4 803/903/4
f 758/904/3 804/905/3 802/906/3
f 809/686/4 807/685/4 805/687/4
f 809/714/43 808/715/43 807/717/43
f 808/692/3 810/691/3 806/687/3
f 811/686/4 809/685/4 805/687/4
f 811/717/42 810/718/42 809/719/42
f 810/692/3 812/691/3 806/687/3
f 813/686/4 811/686/4 805/687/4
f 813/719/7 812/720/7 811/721/7
f 812/686/3 814/686/3 806/687/3
f 815/692/4 813/691/4 805/687/4
f 815/721/41 814/722/41 813/723/41
f 814/686/3 816/685/3 806/687/3
f 817/692/4 815/691/4 805/687/4
f 817/723/40 816/724/40 815/725/40
f 816/686/3 818/685/3 806/687/3
f 819/692/4 817/691/4 805/687/4
f 819/725/8 818/726/8 817/727/8
f 818/685/3 820/687/3 806/692/3
f 821/687/4 819/687/4 805/686/4
f 821/727/39 820/728/39 819/729/39
f 820/685/3 822/687/3 806/691/3
f 823/687/4 821/687/4 805/686/4
f 823/729/38 822/730/38 821/962/38
f 822/685/3 824/687/3 806/691/3
f 825/687/4 823/687/4 805/686/4
f 825/731/9 824/732/9 823/734/9
f 824/687/3 826/687/3 806/686/3
f 827/685/4 825/687/4 805/691/4
f 827/734/45 826/735/45 825/736/45
f 826/687/3 828/687/3 806/686/3
f 829/685/4 827/687/4 805/691/4
f 829/736/44 828/737/44 827/738/44
f 828/687/3 830/687/3 806/686/3
f 807/685/4 829/687/4 805/692/4
f 807/738/10 830/716/10 829/714/10
f 830/692/3 808/691/3 806/687/3
f 835/816/40 832/817/40 836/829/40
f 838/819/44 833/820/44 837/963/44
f 837/822/4 831/823/4 835/964/4
f 838/826/3 832/825/3 834/827/3
f 839/828/41 836/829/41 840/836/41
f 842/819/45 837/820/45 841/963/45
f 839/831/4 837/830/4 835/832/4
f 840/833/3 838/834/3 842/965/3
f 843/835/7 840/836/7 844/844/7
f 846/819/9 841/820/9 845/963/9
f 845/837/4 839/838/4 843/966/4
f 846/849/3 840/842/3 842/841/3
f 847/843/42 844/844/42 848/852/42
f 850/819/38 845/820/38 849/963/38
f 849/845/4 843/846/4 847/967/4
f 850/849/3 844/848/3 846/850/3
f 851/851/43 848/852/43 852/859/43
f 854/819/39 849/820/39 853/963/39
f 851/854/4 849/853/4 847/855/4
f 852/856/3 850/857/3 854/968/3
f 855/858/10 852/859/10 856/867/10
f 858/819/8 853/820/8 857/963/8
f 857/860/4 851/861/4 855/969/4
f 858/970/3 852/865/3 854/864/3
f 859/866/44 856/867/44 860/875/44
f 862/819/40 857/820/40 861/963/40
f 861/868/4 855/869/4 859/26/4
f 862/872/3 856/871/3 858/873/3
f 863/874/45 860/875/45 864/881/45
f 866/819/41 861/820/41 865/963/41
f 863/877/4 861/876/4 859/878/4
f 864/863/3 862/879/3 866/971/3
f 867/880/9 864/881/9 868/972/9
f 870/819/7 865/820/7 869/963/7
f 869/882/4 863/883/4 867/26/4
f 870/973/3 864/863/3 866/886/3
f 871/887/38 868/888/38 872/896/38
f 874/819/42 869/820/42 873/963/42
f 873/890/4 867/891/4 871/974/4
f 874/893/3 868/863/3 870/894/3
f 875/895/39 872/896/39 876/901/39
f 878/819/43 873/820/43 877/963/43
f 875/898/4 873/897/4 871/26/4
f 876/899/3 874/900/3 878/975/3
f 831/818/8 876/901/8 832/817/8
f 834/819/10 877/820/10 833/963/10
f 833/902/4 875/26/4 831/976/4
f 834/977/3 876/906/3 878/905/3
f 883/978/5 881/979/5 879/980/5
f 883/981/46 882/982/46 881/983/46
f 882/984/6 884/985/6 880/986/6
f 885/987/5 883/978/5 879/980/5
f 885/988/47 884/989/47 883/990/47
f 884/985/6 886/991/6 880/986/6
f 887/992/5 885/987/5 879/980/5
f 887/993/2 886/994/2 885/995/2
f 886/991/6 888/996/6 880/986/6
f 889/997/5 887/992/5 879/980/5
f 889/998/48 888/999/48 887/993/48
f 888/996/6 890/1000/6 880/986/6
f 891/1001/5 889/997/5 879/980/5
f 891/1002/49 890/1003/49 889/1004/49
f 890/1000/6 892/1005/6 880/986/6
f 893/1006/5 891/1001/5 879/980/5
f 893/1007/3 892/1008/3 891/1002/3
f 892/1005/6 894/1009/6 880/986/6
f 895/1010/5 893/1006/5 879/980/5
f 895/1011/50 894/1012/50 893/1007/50
f 894/1009/6 896/1013/6 880/986/6
f 897/1014/5 895/1010/5 879/980/5
f 897/1015/51 896/1016/51 895/1017/51
f 896/1013/6 898/1018/6 880/986/6
f 899/1019/5 897/1014/5 879/980/5
f 899/1020/1 898/1021/1 897/1015/1
f 898/1018/6 900/1022/6 880/986/6
f 901/1023/5 899/1019/5 879/980/5
f 901/1024/52 900/1025/52 899/1026/52
f 900/1022/6 902/1027/6 880/986/6
f 903/1028/5 901/1023/5 879/980/5
f 903/1029/53 902/1030/53 901/1031/53
f 902/1027/6 904/1032/6 880/986/6
f 881/979/5 903/1028/5 879/980/5
f 881/983/4 904/1033/4 903/1029/4
f 904/1032/6 882/984/6 880/986/6
f 905/1034/54 908/1035/54 906/1036/54
f 909/1037/55 912/1038/55 911/1039/55
f 905/1040/3 910/1041/3 909/1042/3
f 907/1043/4 912/1044/4 908/1045/4
f 905/1046/6 911/1047/6 907/1048/6
f 906/1049/56 912/1050/56 910/1051/56
f 915/1052/57 914/1053/57 916/1054/57
f 915/1055/58 918/1056/58 917/1057/58
f 913/1058/59 918/1059/59 914/1060/59
f 913/1061/60 915/1062/60 917/1063/60
f 916/1064/61 914/1065/61 918/1066/61
f 919/1067/54 922/1068/54 920/1069/54
f 923/1070/62 926/1071/62 925/1072/62
f 923/1073/3 920/1074/3 924/1075/3
f 922/1076/4 925/1077/4 926/1078/4
f 921/1079/6 923/1080/6 925/1081/6
f 924/1082/63 922/1083/63 926/1084/63
f 927/1085/64 930/1086/64 928/1087/64
f 931/1088/55 934/1089/55 933/1090/55
f 927/1091/3 932/1092/3 931/1093/3
f 929/1094/4 934/1095/4 930/1096/4
f 927/1097/6 933/1098/6 929/1099/6
f 928/1100/65 934/1101/65 932/1102/65
f 939/1103/66 942/1104/66 941/1105/66
f 935/1106/1 940/1107/1 939/1108/1
f 935/1109/67 938/1110/67 936/1111/67
f 937/1112/2 942/1113/2 938/1114/2
f 937/1115/6 939/1116/6 941/1117/6
f 940/1118/5 938/1119/5 942/1120/5
f 943/1121/68 946/1122/68 944/1123/68
f 947/1124/4 950/1125/4 949/1126/4
f 943/1127/1 948/1128/1 947/1129/1
f 945/1130/2 950/1131/2 946/1132/2
f 943/1133/6 949/1134/6 945/1135/6
f 944/1136/5 950/1137/5 948/1138/5
f 953/1139/3 954/1140/3 951/1141/3
f 954/1140/3 955/1142/3 951/1141/3
f 955/1142/3 956/1143/3 951/1141/3
f 956/1143/3 957/1144/3 951/1141/3
f 957/1144/3 958/1145/3 951/1141/3
f 958/1145/3 959/1146/3 951/1141/3
f 959/1146/3 960/1147/3 951/1141/3
f 960/1147/3 961/1148/3 951/1141/3
f 961/1148/3 962/1149/3 951/1141/3
f 962/1149/3 963/1150/3 951/1141/3
f 963/1150/3 952/1151/3 951/1141/3
f 952/1151/3 953/1139/3 951/1141/3
f 967/1152/69 965/1153/69 964/1154/69
f 967/1155/70 966/1156/70 965/1157/70
f 1005/1158/71 1006/1159/71 1003/1160/71
f 969/1161/69 967/1152/69 964/1154/69
f 969/1162/72 968/1163/72 967/1164/72
f 1006/1159/71 1007/1165/73 1003/1160/71
f 971/1166/69 969/1161/69 964/1154/69
f 971/1167/74 970/1168/74 969/1162/74
f 1007/1165/73 1008/1169/73 1003/1160/71
f 973/1170/69 971/1166/69 964/1154/69
f 971/1167/75 974/1171/76 972/1172/76
f 1008/1169/73 1009/1173/71 1003/1160/71
f 975/1174/69 973/1170/69 964/1154/69
f 973/1175/77 976/1176/77 974/1177/77
f 1009/1173/71 1010/1178/71 1003/1160/71
f 977/1179/69 975/1174/69 964/1154/69
f 975/1180/78 978/1181/79 976/1176/80
f 1010/1178/71 1011/1182/73 1003/1160/71
f 979/1183/69 977/1179/69 964/1154/69
f 977/1184/81 980/1185/82 978/1181/82
f 1011/1182/73 1012/1186/73 1003/1160/71
f 981/1187/69 979/1183/69 964/1154/69
f 979/1188/83 982/1189/83 980/1190/83
f 1012/1186/73 1013/1191/73 1003/1160/71
f 983/1192/84 981/1187/69 964/1154/69
f 981/1193/85 984/1194/85 982/1189/85
f 1013/1191/73 1001/1195/71 1003/1160/71
f 985/1196/84 983/1192/84 964/1154/69
f 985/1197/86 984/1194/86 983/1198/86
f 1001/1195/71 1002/1199/71 1003/1160/71
f 987/1200/84 985/1196/84 964/1154/69
f 987/1201/87 986/1202/87 985/1203/87
f 1002/1199/71 1004/1204/73 1003/1160/71
f 965/1153/69 987/1200/84 964/1154/69
f 965/1157/88 988/1205/89 987/1201/88
f 1004/1204/73 1005/1158/71 1003/1160/71
f 990/1206/90 984/1207/90 986/1208/90
f 991/1209/91 986/1210/91 988/1205/91
f 992/1211/92 988/1205/89 966/1156/93
f 993/1212/94 966/1213/95 968/1214/95
f 994/1215/96 968/1216/96 970/1217/96
f 994/1215/97 972/1172/97 995/1218/97
f 995/1218/98 974/1219/98 996/1220/98
f 996/1221/99 976/1222/99 997/1223/99
f 997/1223/100 978/1181/79 998/1224/101
f 998/1224/102 980/1225/102 999/1226/102
f 999/1227/103 982/1228/103 1000/1229/103
f 1000/1229/104 984/1194/104 989/1230/104
f 1002/1231/105 989/1232/106 990/1233/106
f 1004/1234/107 990/1235/107 991/1236/107
f 1005/1237/92 991/1209/92 992/1211/92
f 1006/1238/108 992/1239/109 993/1240/109
f 1007/1241/110 993/1242/110 994/1243/110
f 1008/1244/111 994/1215/111 995/1218/111
f 1008/1244/112 996/1245/113 1009/1246/112
f 1009/1247/114 997/1248/114 1010/1249/114
f 1010/1249/115 998/1224/101 1011/1250/115
f 1011/1250/116 999/1251/116 1012/1252/116
f 1012/1253/117 1000/1254/117 1013/1255/117
f 1001/1256/118 1000/1229/118 989/1230/118
f 1050/1257/119 1049/1258/119 1040/1259/119
f 1049/1258/119 1048/1260/119 1040/1259/119
f 1048/1260/119 1047/1261/119 1040/1259/119
f 1047/1261/119 1046/1262/119 1040/1259/119
f 1046/1262/119 1038/1263/119 1040/1259/119
f 1038/1263/119 1039/1264/119 1040/1259/119
f 1039/1264/119 1045/1265/119 1040/1259/119
f 1045/1265/119 1044/1266/119 1040/1259/119
f 1044/1266/119 1043/1267/119 1040/1259/119
f 1043/1267/119 1041/1268/119 1040/1259/119
f 1041/1268/119 1042/1269/119 1040/1259/119
f 1042/1269/119 1050/1257/119 1040/1259/119
f 1026/1270/120 1025/1271/121 1027/1272/120
f 1027/1272/122 1014/1273/92 1028/1274/122
f 1028/1274/123 1015/1275/123 1029/1276/123
f 1029/1277/124 1016/1278/125 1030/1279/124
f 1031/1280/126 1016/1278/126 1017/1281/126
f 1032/1282/127 1017/1281/127 1018/1283/128
f 1033/1284/129 1018/1285/130 1019/1286/131
f 1034/1287/101 1019/1288/101 1020/1289/101
f 1035/1290/132 1020/1291/132 1021/1292/132
f 1036/1293/133 1021/1294/134 1022/1295/134
f 1036/1293/135 1023/1296/135 1037/1297/135
f 1037/1297/136 1024/1298/136 1026/1299/136
f 1039/1300/137 1033/1284/101 1034/1287/101
f 1041/1301/138 1027/1302/138 1042/1303/138
f 1043/1304/139 1026/1305/139 1041/1306/139
f 1044/1307/140 1037/1297/140 1043/1304/140
f 1044/1307/141 1035/1308/141 1036/1309/141
f 1045/1310/142 1034/1311/143 1035/1312/143
f 1038/1313/144 1032/1314/144 1033/1315/144
f 1046/1316/145 1031/1317/145 1032/1318/145
f 1047/1319/146 1030/1279/147 1031/1280/147
f 1049/1320/148 1030/1321/148 1048/1322/148
f 1050/1323/149 1029/1324/149 1049/1325/149
f 1042/1303/92 1028/1274/122 1050/1323/92
f 1051/1326/150 1015/1327/151 1014/1273/151
f 1052/1328/152 1016/1278/152 1015/1329/152
f 1054/1330/153 1016/1278/153 1053/1331/153
f 1055/1332/154 1017/1281/154 1054/1330/154
f 1056/1333/155 1018/1334/130 1055/1335/155
f 1057/1336/156 1019/1288/156 1056/1333/156
f 1058/1337/157 1020/1289/157 1057/1336/157
f 1058/1338/158 1022/1295/158 1021/1339/158
f 1059/1340/159 1023/1296/159 1022/1295/159
f 1060/1341/160 1024/1342/160 1023/1296/160
f 1061/1343/161 1025/1344/121 1024/1345/162
f 1062/1346/163 1014/1273/163 1025/1344/163
f 1067/1347/4 1065/1348/4 1063/1349/4
f 1102/1350/164 1104/1351/164 1101/1352/164
f 1066/1353/3 1068/1354/3 1064/1355/3
f 1069/1356/4 1067/1347/4 1063/1349/4
f 1069/1357/165 1068/1358/165 1067/1359/165
f 1068/1354/3 1070/1360/3 1064/1355/3
f 1071/1361/4 1069/1356/4 1063/1349/4
f 1098/1362/166 1100/1363/166 1097/1364/166
f 1070/1360/3 1072/1365/3 1064/1355/3
f 1073/1366/4 1071/1361/4 1063/1349/4
f 1073/1367/167 1072/1368/167 1071/1369/167
f 1072/1365/3 1074/1370/3 1064/1355/3
f 1075/1371/4 1073/1366/4 1063/1349/4
f 1094/1372/168 1096/1373/168 1093/1374/168
f 1074/1370/3 1076/1375/3 1064/1355/3
f 1077/1376/4 1075/1371/4 1063/1349/4
f 1077/1377/169 1076/1378/169 1075/1379/169
f 1076/1375/3 1078/1380/3 1064/1355/3
f 1079/1381/4 1077/1376/4 1063/1349/4
f 1090/1382/170 1092/1383/170 1089/1384/170
f 1078/1380/3 1080/1385/3 1064/1355/3
f 1081/1386/4 1079/1381/4 1063/1349/4
f 1081/1387/171 1080/1388/171 1079/1389/171
f 1080/1385/3 1082/1390/3 1064/1355/3
f 1083/1391/4 1081/1386/4 1063/1349/4
f 1110/1392/172 1112/1393/172 1109/1394/172
f 1082/1390/3 1084/1395/3 1064/1355/3
f 1085/1396/4 1083/1391/4 1063/1349/4
f 1085/1397/173 1084/1398/173 1083/1399/173
f 1084/1395/3 1086/1400/3 1064/1355/3
f 1087/1401/4 1085/1396/4 1063/1349/4
f 1106/1402/174 1108/1403/174 1105/1404/174
f 1086/1400/3 1088/1405/3 1064/1355/3
f 1065/1348/4 1087/1401/4 1063/1349/4
f 1065/1406/175 1088/1407/175 1087/1408/175
f 1088/1405/3 1066/1353/3 1064/1355/3
f 1089/1409/4 1079/1381/4 1090/1410/4
f 1090/1411/173 1080/1412/173 1091/1413/173
f 1092/1414/3 1080/1385/3 1078/1380/3
f 1092/1415/167 1077/1416/167 1089/1417/167
f 1094/1418/4 1073/1366/4 1075/1371/4
f 1094/1419/171 1076/1420/171 1095/1421/171
f 1095/1422/3 1074/1370/3 1096/1423/3
f 1096/1424/165 1073/1425/165 1093/1426/165
f 1097/1427/4 1071/1361/4 1098/1428/4
f 1098/1429/169 1072/1430/169 1099/1431/169
f 1100/1432/3 1072/1365/3 1070/1360/3
f 1100/1433/175 1069/1434/175 1097/1435/175
f 1101/1436/4 1067/1347/4 1102/1437/4
f 1102/1438/167 1068/1439/167 1103/1440/167
f 1104/1441/3 1068/1354/3 1066/1353/3
f 1104/1442/173 1065/1443/173 1101/1444/173
f 1106/1445/4 1085/1396/4 1087/1401/4
f 1106/1446/165 1088/1447/165 1107/1448/165
f 1107/1449/3 1086/1400/3 1108/1450/3
f 1108/1451/171 1085/1452/171 1105/1453/171
f 1109/1454/4 1083/1391/4 1110/1455/4
f 1110/1456/175 1084/1457/175 1111/1458/175
f 1112/1459/3 1084/1395/3 1082/1390/3
f 1112/1460/169 1081/1461/169 1109/1462/169
f 1117/1463/176 1115/1464/176 1113/1465/176
f 1117/1466/177 1116/1467/177 1115/1468/177
f 1116/1469/178 1118/1470/178 1114/1471/178
f 1119/1472/176 1117/1463/176 1113/1465/176
f 1119/1473/179 1118/1474/179 1117/1475/179
f 1118/1470/178 1120/1476/178 1114/1471/178
f 1121/1477/176 1119/1472/176 1113/1465/176
f 1121/1478/180 1120/1479/180 1119/1473/180
f 1120/1476/178 1122/1480/178 1114/1471/178
f 1123/1481/176 1121/1477/176 1113/1465/176
f 1121/1478/181 1124/1482/181 1122/1483/181
f 1122/1480/178 1124/1484/178 1114/1471/178
f 1125/1485/176 1123/1481/176 1113/1465/176
f 1125/1486/182 1124/1487/182 1123/1488/182
f 1124/1484/178 1126/1489/178 1114/1471/178
f 1127/1490/176 1125/1485/176 1113/1465/176
f 1125/1486/183 1128/1491/183 1126/1492/183
f 1126/1489/178 1128/1493/178 1114/1471/178
f 1129/1494/176 1127/1490/176 1113/1465/176
f 1129/1495/184 1128/1491/184 1127/1496/184
f 1128/1493/178 1130/1497/178 1114/1471/178
f 1131/1498/176 1129/1494/176 1113/1465/176
f 1129/1499/185 1132/1500/185 1130/1501/185
f 1130/1497/178 1132/1502/178 1114/1471/178
f 1133/1503/176 1131/1498/176 1113/1465/176
f 1133/1504/186 1132/1500/186 1131/1505/186
f 1132/1502/178 1134/1506/178 1114/1471/178
f 1135/1507/176 1133/1503/176 1113/1465/176
f 1135/1508/187 1134/1509/187 1133/1504/187
f 1134/1506/178 1136/1510/178 1114/1471/178
f 1137/1511/176 1135/1507/176 1113/1465/176
f 1135/1512/188 1138/1513/188 1136/1514/188
f 1136/1510/178 1138/1515/178 1114/1471/178
f 1115/1464/176 1137/1511/176 1113/1465/176
f 1137/1516/189 1116/1467/189 1138/1513/189
f 1138/1515/178 1116/1469/178 1114/1471/178
f 1141/1517/190 1146/1518/190 1140/1519/190
f 1142/1520/191 1146/1518/191 1141/1517/191
f 1143/1521/192 1147/1522/192 1142/1523/193
f 1143/1524/194 1149/1525/194 1148/1526/194
f 1144/1527/195 1150/1528/195 1149/1529/196
f 1150/1528/197 1145/1530/197 1139/1531/197
f 1146/1532/198 1151/1533/198 1140/1534/198
f 1147/1535/199 1151/1533/199 1146/1532/200
f 1148/1536/201 1152/1537/201 1147/1538/202
f 1148/1539/203 1154/1540/203 1153/1541/204
f 1149/1542/205 1155/1543/205 1154/1544/205
f 1155/1543/206 1150/1528/206 1139/1545/206
f 1151/1546/207 1156/1547/207 1140/1548/207
f 1151/1546/208 1157/1549/208 1156/1547/208
f 1153/1550/209 1157/1551/209 1152/1552/209
f 1153/1553/210 1159/1554/210 1158/1555/210
f 1155/1543/211 1159/1556/211 1154/1557/211
f 1160/1558/212 1155/1543/212 1139/1559/212
f 1156/1560/213 1161/1561/213 1140/1562/213
f 1156/1560/214 1162/1563/214 1161/1561/215
f 1157/1564/216 1163/1565/217 1162/1566/217
f 1159/1554/218 1163/1567/218 1158/1568/218
f 1160/1558/219 1164/1569/219 1159/1570/220
f 1165/1571/221 1160/1558/221 1139/1572/221
f 1161/1573/222 1166/1574/222 1140/1575/222
f 1161/1576/223 1167/1577/223 1166/1578/223
f 1162/1579/224 1168/1580/224 1167/1577/224
f 1164/1581/225 1168/1582/226 1163/1583/225
f 1165/1584/227 1169/1585/227 1164/1581/227
f 1170/1586/228 1165/1571/228 1139/1587/228
f 1166/1574/229 1171/1588/229 1140/1589/229
f 1166/1590/230 1172/1591/230 1171/1592/231
f 1167/1593/232 1173/1594/232 1172/1595/232
f 1168/1596/233 1174/1597/233 1173/1598/233
f 1169/1599/234 1175/1600/235 1174/1601/236
f 1175/1602/237 1170/1586/237 1139/1603/237
f 1171/1588/238 1176/1604/238 1140/1605/238
f 1172/1591/239 1176/1606/240 1171/1607/241
f 1173/1594/242 1177/1608/242 1172/1591/243
f 1173/1609/244 1179/1610/244 1178/1611/244
f 1174/1597/245 1180/1612/245 1179/1610/245
f 1180/1613/246 1175/1602/246 1139/1614/246
f 1176/1604/247 1181/1615/247 1140/1616/247
f 1177/1617/248 1181/1615/248 1176/1604/248
f 1178/1618/249 1182/1619/250 1177/1620/249
f 1178/1621/251 1184/1622/251 1183/1623/251
f 1179/1624/252 1185/1625/253 1184/1626/252
f 1185/1625/254 1180/1627/254 1139/1628/254
f 1181/1615/255 1186/1629/255 1140/1630/255
f 1182/1631/256 1186/1629/256 1181/1615/256
f 1182/1632/257 1188/1633/257 1187/1634/257
f 1183/1635/258 1189/1636/258 1188/1637/258
f 1185/1625/259 1189/1638/259 1184/1639/259
f 1190/1640/260 1185/1625/260 1139/1641/260
f 1186/1629/261 1191/1642/261 1140/1643/261
f 1186/1629/262 1192/1644/262 1191/1642/263
f 1187/1645/264 1193/1646/264 1192/1647/264
f 1189/1636/265 1193/1648/265 1188/1649/266
f 1190/1640/267 1194/1650/267 1189/1651/267
f 1195/1652/268 1190/1640/268 1139/1653/268
f 1191/1642/269 1196/1654/269 1140/1655/269
f 1191/1642/270 1197/1656/270 1196/1654/271
f 1192/1657/272 1198/1658/272 1197/1659/273
f 1194/1660/274 1198/1661/274 1193/1662/274
f 1195/1652/275 1199/1663/275 1194/1664/275
f 1200/1665/276 1195/1652/276 1139/1666/276
f 1196/1654/277 1141/1667/277 1140/1668/277
f 1197/1669/278 1141/1667/278 1196/1654/278
f 1198/1658/279 1142/1670/279 1197/1671/279
f 1199/1672/280 1143/1673/280 1198/1674/280
f 1199/1675/281 1145/1530/281 1144/1676/282
f 1145/1530/283 1200/1665/283 1139/1677/283
f 1205/1678/284 1203/1679/284 1201/1680/284
f 1204/1681/285 1206/1682/285 1202/1683/285
f 1207/1684/286 1205/1678/286 1201/1680/286
f 1205/1685/287 1208/1686/287 1206/1687/287
f 1206/1682/288 1208/1688/288 1202/1689/288
f 1209/1690/289 1207/1684/289 1201/1691/289
f 1207/1692/290 1210/1693/291 1208/1694/292
f 1208/1688/293 1210/1695/293 1202/1696/293
f 1211/1697/294 1209/1690/294 1201/1698/294
f 1209/1699/295 1212/1700/295 1210/1693/295
f 1210/1695/296 1212/1701/296 1202/1702/296
f 1213/1703/297 1211/1697/297 1201/1704/297
f 1213/1705/298 1212/1706/298 1211/1707/298
f 1212/1701/299 1214/1708/299 1202/1709/299
f 1215/1710/300 1213/1703/300 1201/1711/300
f 1215/1712/301 1214/1713/301 1213/1714/301
f 1214/1708/302 1216/1715/302 1202/1709/302
f 1217/1716/303 1215/1710/303 1201/1717/303
f 1217/1718/304 1216/1719/304 1215/1712/304
f 1216/1715/305 1218/1720/305 1202/1721/305
f 1219/1722/306 1217/1716/306 1201/1723/306
f 1219/1724/307 1218/1725/308 1217/1726/309
f 1218/1720/310 1220/1727/310 1202/1721/310
f 1221/1728/311 1219/1722/311 1201/1729/311
f 1235/1730/312 1237/1731/312 1238/1732/313
f 1220/1727/314 1222/1733/314 1202/1734/314
f 1223/1735/315 1221/1728/315 1201/1736/315
f 1221/1737/316 1224/1738/317 1222/1739/318
f 1222/1733/319 1224/1740/319 1202/1734/319
f 1225/1741/320 1223/1742/320 1201/1743/320
f 1251/1744/321 1253/1745/322 1254/1746/323
f 1224/1740/324 1226/1747/324 1202/1734/324
f 1203/1679/325 1225/1748/325 1201/1749/325
f 1264/1750/326 1266/1751/327 1263/1752/328
f 1226/1753/329 1204/1681/329 1202/1754/329
f 1227/1755/330 1221/1756/331 1228/1757/332
f 1228/1758/333 1222/1759/334 1229/1760/335
f 1230/1761/336 1222/1733/336 1220/1727/336
f 1227/1762/337 1220/1763/337 1219/1764/337
f 1232/1765/338 1227/1755/338 1228/1757/338
f 1232/1766/339 1229/1767/340 1233/1768/341
f 1233/1769/342 1230/1770/342 1234/1771/342
f 1231/1772/343 1230/1773/344 1227/1774/345
f 1236/1775/346 1231/1776/346 1232/1777/346
f 1236/1778/347 1233/1779/347 1237/1780/347
f 1237/1781/348 1234/1782/348 1238/1783/348
f 1235/1784/349 1234/1785/350 1231/1786/350
f 1240/1787/351 1223/1788/352 1225/1741/353
f 1241/1789/354 1225/1790/355 1226/1791/356
f 1241/1792/357 1224/1740/358 1242/1793/359
f 1242/1794/360 1223/1795/361 1239/1796/362
f 1244/1797/363 1239/1798/364 1240/1799/365
f 1244/1800/366 1241/1801/367 1245/1802/368
f 1245/1803/369 1242/1804/370 1246/1805/371
f 1243/1806/372 1242/1807/373 1239/1796/374
f 1248/1808/375 1243/1809/376 1244/1810/377
f 1248/1811/378 1245/1812/379 1249/1813/380
f 1250/1814/381 1245/1815/382 1246/1816/383
f 1247/1817/384 1246/1818/385 1243/1806/386
f 1251/1819/387 1248/1808/388 1252/1820/389
f 1253/1821/390 1248/1822/391 1249/1813/392
f 1254/1823/393 1249/1824/394 1250/1814/395
f 1251/1825/396 1250/1826/397 1247/1817/398
f 1255/1827/399 1203/1679/400 1256/1828/401
f 1257/1829/402 1203/1830/403 1204/1831/404
f 1257/1832/405 1226/1753/406 1258/1833/407
f 1258/1834/408 1225/1835/409 1255/1836/410
f 1259/1837/411 1256/1838/412 1260/1839/413
f 1261/1840/414 1256/1841/415 1257/1842/416
f 1262/1843/417 1257/1844/418 1258/1845/419
f 1262/1846/420 1255/1847/421 1259/1848/422
f 1263/1849/423 1260/1850/424 1264/1851/425
f 1264/1852/426 1261/1840/427 1265/1853/428
f 1266/1854/429 1261/1855/430 1262/1856/431
f 1263/1857/432 1262/1858/433 1259/1859/434
f 1267/1860/435 1205/1861/436 1268/1862/437
f 1268/1863/438 1206/1864/439 1269/1865/440
f 1269/1866/441 1204/1681/442 1270/1867/443
f 1267/1868/444 1204/1869/445 1203/1870/446
f 1272/1871/447 1267/1860/448 1268/1872/449
f 1272/1873/450 1269/1865/451 1273/1874/452
f 1273/1875/453 1270/1876/454 1274/1877/455
f 1271/1878/456 1270/1879/457 1267/1880/458
f 1275/1881/459 1277/1882/460 1278/1883/461
f 1275/1884/462 1272/1885/463 1276/1886/464
f 1276/1887/465 1273/1874/466 1277/1888/467
f 1278/1889/468 1273/1890/469 1274/1891/470
f 1278/1892/471 1271/1878/472 1275/1893/473
f 1281/685/4 1283/686/4 1279/687/4
f 1283/1894/474 1282/1895/475 1284/1896/476
f 1284/691/3 1282/692/3 1280/687/3
f 1283/685/4 1285/686/4 1279/687/4
f 1285/1897/477 1284/1898/478 1286/1895/479
f 1286/691/3 1284/692/3 1280/687/3
f 1285/686/4 1287/686/4 1279/687/4
f 1287/1899/480 1286/1900/480 1288/1898/480
f 1288/686/3 1286/686/3 1280/687/3
f 1287/691/4 1289/692/4 1279/687/4
f 1289/1901/481 1288/1902/482 1290/1900/483
f 1290/685/3 1288/686/3 1280/687/3
f 1289/691/4 1291/692/4 1279/687/4
f 1291/1903/484 1290/1904/485 1292/1902/486
f 1292/685/3 1290/686/3 1280/687/3
f 1291/691/4 1293/692/4 1279/687/4
f 1293/1905/31 1292/1906/31 1294/1904/31
f 1294/687/3 1292/685/3 1280/692/3
f 1293/687/4 1295/687/4 1279/686/4
f 1296/1906/487 1293/1907/488 1294/1908/489
f 1296/687/3 1294/685/3 1280/691/3
f 1295/687/4 1297/687/4 1279/686/4
f 1298/1908/490 1295/1909/491 1296/1910/492
f 1298/687/3 1296/685/3 1280/691/3
f 1297/687/4 1299/687/4 1279/686/4
f 1300/1910/493 1297/1911/493 1298/1912/493
f 1300/687/3 1298/687/3 1280/686/3
f 1299/687/4 1301/685/4 1279/691/4
f 1302/1912/494 1299/1913/495 1300/1914/496
f 1302/687/3 1300/687/3 1280/686/3
f 1301/687/4 1303/685/4 1279/691/4
f 1304/1914/497 1301/1915/498 1302/1916/499
f 1304/687/3 1302/687/3 1280/686/3
f 1303/687/4 1281/685/4 1279/692/4
f 1281/1915/37 1304/1917/37 1282/1916/37
f 1282/691/3 1304/692/3 1280/687/3
f 1307/685/4 1309/686/4 1305/687/4
f 1309/1918/474 1308/1919/475 1310/1920/476
f 1310/1921/3 1308/1922/3 1306/1923/3
f 1309/685/4 1311/686/4 1305/687/4
f 1311/1924/477 1310/1925/478 1312/1919/479
f 1312/1921/3 1310/1922/3 1306/1923/3
f 1311/686/4 1313/686/4 1305/687/4
f 1313/1926/480 1312/1927/480 1314/1925/480
f 1314/1928/3 1312/1928/3 1306/1923/3
f 1313/691/4 1315/692/4 1305/687/4
f 1315/1929/481 1314/1930/482 1316/1927/483
f 1316/1931/3 1314/1928/3 1306/1923/3
f 1315/691/4 1317/692/4 1305/687/4
f 1317/1932/484 1316/1933/485 1318/1930/486
f 1318/1931/3 1316/1928/3 1306/1923/3
f 1317/691/4 1319/692/4 1305/687/4
f 1320/1933/31 1317/1934/31 1318/1935/31
f 1320/1923/3 1318/1931/3 1306/1922/3
f 1319/687/4 1321/687/4 1305/686/4
f 1322/1935/487 1319/1936/488 1320/1937/500
f 1322/1923/3 1320/1931/3 1306/1921/3
f 1321/687/4 1323/687/4 1305/686/4
f 1324/1923/3 1322/1931/3 1306/1921/3
f 1323/687/4 1325/687/4 1305/686/4
f 1326/1923/3 1324/1923/3 1306/1928/3
f 1325/687/4 1327/685/4 1305/691/4
f 1328/1938/494 1325/1939/495 1326/1940/496
f 1328/1923/3 1326/1923/3 1306/1928/3
f 1327/687/4 1329/685/4 1305/691/4
f 1330/1940/497 1327/1941/498 1328/1942/499
f 1330/1923/3 1328/1923/3 1306/1928/3
f 1329/687/4 1307/685/4 1305/692/4
f 1308/1942/37 1329/1943/37 1330/1944/37
f 1308/1921/3 1330/1922/3 1306/1923/3
f 1324/1937/490 1321/1945/491 1322/1946/492
f 1326/1946/493 1323/1947/493 1324/1938/493
f 1335/686/4 1333/685/4 1331/687/4
f 1335/688/501 1334/689/501 1333/693/501
f 1334/692/3 1336/691/3 1332/687/3
f 1337/686/4 1335/685/4 1331/687/4
f 1337/693/502 1336/694/502 1335/695/502
f 1336/692/3 1338/691/3 1332/687/3
f 1339/686/4 1337/686/4 1331/687/4
f 1339/695/9 1338/696/9 1337/697/9
f 1338/686/3 1340/686/3 1332/687/3
f 1341/692/4 1339/691/4 1331/687/4
f 1341/697/503 1340/698/503 1339/699/503
f 1340/686/3 1342/685/3 1332/687/3
f 1343/692/4 1341/691/4 1331/687/4
f 1343/699/504 1342/700/504 1341/1948/504
f 1342/686/3 1344/685/3 1332/687/3
f 1345/692/4 1343/691/4 1331/687/4
f 1343/701/505 1346/700/505 1344/702/505
f 1344/685/3 1346/687/3 1332/692/3
f 1347/687/4 1345/687/4 1331/686/4
f 1345/703/506 1348/702/507 1346/704/507
f 1346/685/3 1348/687/3 1332/691/3
f 1349/687/4 1347/687/4 1331/686/4
f 1347/705/508 1350/704/508 1348/706/508
f 1348/685/3 1350/687/3 1332/691/3
f 1351/687/4 1349/687/4 1331/686/4
f 1349/707/7 1352/706/7 1350/708/7
f 1350/687/3 1352/687/3 1332/686/3
f 1353/685/4 1351/687/4 1331/691/4
f 1351/709/509 1354/708/509 1352/710/509
f 1352/687/3 1354/687/3 1332/686/3
f 1355/685/4 1353/687/4 1331/691/4
f 1353/711/510 1356/710/510 1354/712/510
f 1354/687/3 1356/687/3 1332/686/3
f 1333/685/4 1355/687/4 1331/692/4
f 1333/711/511 1356/713/511 1355/1949/511
f 1356/692/3 1334/691/3 1332/687/3
f 1361/686/4 1359/685/4 1357/687/4
f 1361/1894/512 1360/1895/513 1359/1897/514
f 1360/692/3 1362/691/3 1358/687/3
f 1363/686/4 1361/685/4 1357/687/4
f 1363/1897/515 1362/1898/516 1361/1899/517
f 1362/692/3 1364/691/3 1358/687/3
f 1365/686/4 1363/686/4 1357/687/4
f 1365/1899/518 1364/1900/518 1363/1901/518
f 1364/686/3 1366/686/3 1358/687/3
f 1367/692/4 1365/691/4 1357/687/4
f 1367/1901/519 1366/1902/520 1365/1903/521
f 1366/686/3 1368/685/3 1358/687/3
f 1369/692/4 1367/691/4 1357/687/4
f 1369/1903/522 1368/1904/523 1367/1905/524
f 1368/686/3 1370/685/3 1358/687/3
f 1371/692/4 1369/691/4 1357/687/4
f 1369/1950/505 1372/1904/505 1370/1906/505
f 1370/685/3 1372/687/3 1358/692/3
f 1373/687/4 1371/687/4 1357/686/4
f 1371/1907/525 1374/1906/526 1372/1908/527
f 1372/685/3 1374/687/3 1358/691/3
f 1375/687/4 1373/687/4 1357/686/4
f 1373/1909/528 1376/1908/529 1374/1910/530
f 1374/685/3 1376/687/3 1358/691/3
f 1377/687/4 1375/687/4 1357/686/4
f 1375/1911/531 1378/1910/531 1376/1912/531
f 1376/687/3 1378/687/3 1358/686/3
f 1379/685/4 1377/687/4 1357/691/4
f 1377/1913/532 1380/1912/533 1378/1914/534
f 1378/687/3 1380/687/3 1358/686/3
f 1381/685/4 1379/687/4 1357/691/4
f 1379/1915/535 1382/1914/536 1380/1916/537
f 1380/687/3 1382/687/3 1358/686/3
f 1359/685/4 1381/687/4 1357/692/4
f 1359/1915/511 1382/1917/511 1381/1951/511
f 1382/692/3 1360/691/3 1358/687/3
f 1387/686/4 1385/685/4 1383/687/4
f 1387/1918/512 1386/1919/513 1385/1924/514
f 1386/1922/3 1388/1921/3 1384/1923/3
f 1389/686/4 1387/685/4 1383/687/4
f 1389/1924/515 1388/1925/516 1387/1926/517
f 1388/1922/3 1390/1921/3 1384/1923/3
f 1391/686/4 1389/686/4 1383/687/4
f 1391/1926/518 1390/1927/518 1389/1929/518
f 1390/1928/3 1392/1928/3 1384/1923/3
f 1393/692/4 1391/691/4 1383/687/4
f 1393/1929/519 1392/1930/520 1391/1932/521
f 1392/1928/3 1394/1931/3 1384/1923/3
f 1395/692/4 1393/691/4 1383/687/4
f 1395/1932/522 1394/1933/523 1393/1952/524
f 1394/1928/3 1396/1931/3 1384/1923/3
f 1397/692/4 1395/691/4 1383/687/4
f 1397/1952/505 1396/1935/505 1395/1934/505
f 1396/1931/3 1398/1923/3 1384/1922/3
f 1399/687/4 1397/687/4 1383/686/4
f 1397/1936/525 1400/1935/526 1398/1937/527
f 1398/1931/3 1400/1923/3 1384/1921/3
f 1401/687/4 1399/687/4 1383/686/4
f 1400/1931/3 1402/1923/3 1384/1921/3
f 1403/687/4 1401/687/4 1383/686/4
f 1402/1923/3 1404/1923/3 1384/1928/3
f 1405/685/4 1403/687/4 1383/691/4
f 1403/1939/532 1406/1938/533 1404/1940/534
f 1404/1923/3 1406/1923/3 1384/1928/3
f 1407/685/4 1405/687/4 1383/691/4
f 1405/1941/535 1408/1940/536 1406/1942/537
f 1406/1923/3 1408/1923/3 1384/1928/3
f 1385/685/4 1407/687/4 1383/692/4
f 1407/1943/511 1386/1942/511 1408/1944/511
f 1408/1922/3 1386/1921/3 1384/1923/3
f 1399/1945/528 1402/1937/529 1400/1946/530
f 1401/1947/531 1404/1946/531 1402/1938/531
f 1411/685/4 1413/686/4 1409/687/4
f 1413/688/538 1412/689/538 1414/690/538
f 1414/691/3 1412/692/3 1410/687/3
f 1413/685/4 1415/686/4 1409/687/4
f 1415/693/539 1414/694/539 1416/689/539
f 1416/691/3 1414/692/3 1410/687/3
f 1415/686/4 1417/686/4 1409/687/4
f 1417/695/10 1416/696/10 1418/694/10
f 1418/686/3 1416/686/3 1410/687/3
f 1417/691/4 1419/692/4 1409/687/4
f 1419/697/540 1418/698/540 1420/696/540
f 1420/685/3 1418/686/3 1410/687/3
f 1419/691/4 1421/692/4 1409/687/4
f 1421/699/541 1420/700/541 1422/698/541
f 1422/685/3 1420/686/3 1410/687/3
f 1421/691/4 1423/692/4 1409/687/4
f 1424/700/542 1421/701/542 1422/702/542
f 1424/687/3 1422/685/3 1410/692/3
f 1423/687/4 1425/687/4 1409/686/4
f 1426/702/543 1423/703/544 1424/704/543
f 1426/687/3 1424/685/3 1410/691/3
f 1425/687/4 1427/687/4 1409/686/4
f 1428/704/545 1425/705/545 1426/706/545
f 1428/687/3 1426/685/3 1410/691/3
f 1427/687/4 1429/687/4 1409/686/4
f 1430/706/8 1427/707/8 1428/708/8
f 1430/687/3 1428/687/3 1410/686/3
f 1429/687/4 1431/685/4 1409/691/4
f 1432/708/546 1429/709/547 1430/710/546
f 1432/687/3 1430/687/3 1410/686/3
f 1431/687/4 1433/685/4 1409/691/4
f 1434/710/548 1431/711/548 1432/712/548
f 1434/687/3 1432/687/3 1410/686/3
f 1433/687/4 1411/685/4 1409/692/4
f 1411/711/549 1434/713/549 1412/712/549
f 1412/691/3 1434/692/3 1410/687/3
f 1437/685/4 1439/686/4 1435/687/4
f 1439/1894/550 1438/1895/551 1440/1896/552
f 1440/691/3 1438/692/3 1436/687/3
f 1439/685/4 1441/686/4 1435/687/4
f 1441/1897/553 1440/1898/554 1442/1895/555
f 1442/691/3 1440/692/3 1436/687/3
f 1441/686/4 1443/686/4 1435/687/4
f 1443/1899/493 1442/1900/493 1444/1898/493
f 1444/686/3 1442/686/3 1436/687/3
f 1443/691/4 1445/692/4 1435/687/4
f 1445/1901/556 1444/1902/557 1446/1900/558
f 1446/685/3 1444/686/3 1436/687/3
f 1445/691/4 1447/692/4 1435/687/4
f 1447/1903/559 1446/1904/560 1448/1902/561
f 1448/685/3 1446/686/3 1436/687/3
f 1447/691/4 1449/692/4 1435/687/4
f 1449/1905/542 1448/1906/542 1450/1904/542
f 1450/687/3 1448/685/3 1436/692/3
f 1449/687/4 1451/687/4 1435/686/4
f 1452/1906/562 1449/1907/563 1450/1908/564
f 1452/687/3 1450/685/3 1436/691/3
f 1451/687/4 1453/687/4 1435/686/4
f 1454/1908/565 1451/1909/566 1452/1910/567
f 1454/687/3 1452/685/3 1436/691/3
f 1453/687/4 1455/687/4 1435/686/4
f 1456/1910/480 1453/1911/480 1454/1912/480
f 1456/687/3 1454/687/3 1436/686/3
f 1455/687/4 1457/685/4 1435/691/4
f 1458/1912/568 1455/1913/569 1456/1914/570
f 1458/687/3 1456/687/3 1436/686/3
f 1457/687/4 1459/685/4 1435/691/4
f 1460/1914/571 1457/1915/572 1458/1916/573
f 1460/687/3 1458/687/3 1436/686/3
f 1459/687/4 1437/685/4 1435/692/4
f 1437/1915/549 1460/1917/549 1438/1916/549
f 1438/691/3 1460/692/3 1436/687/3
f 1463/685/4 1465/686/4 1461/687/4
f 1465/1918/550 1464/1919/551 1466/1920/552
f 1466/1921/3 1464/1922/3 1462/1923/3
f 1465/685/4 1467/686/4 1461/687/4
f 1467/1924/553 1466/1925/554 1468/1919/555
f 1468/1921/3 1466/1922/3 1462/1923/3
f 1467/686/4 1469/686/4 1461/687/4
f 1469/1926/493 1468/1927/493 1470/1925/493
f 1470/1928/3 1468/1928/3 1462/1923/3
f 1469/691/4 1471/692/4 1461/687/4
f 1471/1929/556 1470/1930/557 1472/1927/558
f 1472/1931/3 1470/1928/3 1462/1923/3
f 1471/691/4 1473/692/4 1461/687/4
f 1473/1932/559 1472/1933/560 1474/1930/561
f 1474/1931/3 1472/1928/3 1462/1923/3
f 1473/691/4 1475/692/4 1461/687/4
f 1476/1933/542 1473/1934/542 1474/1935/542
f 1476/1923/3 1474/1931/3 1462/1922/3
f 1475/687/4 1477/687/4 1461/686/4
f 1478/1935/562 1475/1936/563 1476/1937/574
f 1478/1923/3 1476/1931/3 1462/1921/3
f 1477/687/4 1479/687/4 1461/686/4
f 1480/1923/3 1478/1931/3 1462/1921/3
f 1479/687/4 1481/687/4 1461/686/4
f 1482/1923/3 1480/1923/3 1462/1928/3
f 1481/687/4 1483/685/4 1461/691/4
f 1484/1938/568 1481/1939/569 1482/1940/570
f 1484/1923/3 1482/1923/3 1462/1928/3
f 1483/687/4 1485/685/4 1461/691/4
f 1486/1940/571 1483/1941/572 1484/1942/573
f 1486/1923/3 1484/1923/3 1462/1928/3
f 1485/687/4 1463/685/4 1461/692/4
f 1464/1942/549 1485/1943/549 1486/1944/549
f 1464/1921/3 1486/1922/3 1462/1923/3
f 1480/1937/565 1477/1945/566 1478/1946/567
f 1482/1946/480 1479/1947/480 1480/1938/480
f 1491/686/4 1489/685/4 1487/687/4
f 1491/688/575 1490/689/575 1489/693/575
f 1490/692/3 1492/691/3 1488/687/3
f 1493/686/4 1491/685/4 1487/687/4
f 1493/693/576 1492/694/576 1491/695/576
f 1492/692/3 1494/691/3 1488/687/3
f 1495/686/4 1493/686/4 1487/687/4
f 1495/695/7 1494/696/7 1493/697/7
f 1494/686/3 1496/686/3 1488/687/3
f 1497/692/4 1495/691/4 1487/687/4
f 1497/697/577 1496/698/577 1495/699/577
f 1496/686/3 1498/685/3 1488/687/3
f 1499/692/4 1497/691/4 1487/687/4
f 1499/699/578 1498/700/578 1497/1948/578
f 1498/686/3 1500/685/3 1488/687/3
f 1501/692/4 1499/691/4 1487/687/4
f 1499/701/579 1502/700/579 1500/702/579
f 1500/685/3 1502/687/3 1488/692/3
f 1503/687/4 1501/687/4 1487/686/4
f 1501/703/580 1504/702/581 1502/704/581
f 1502/685/3 1504/687/3 1488/691/3
f 1505/687/4 1503/687/4 1487/686/4
f 1503/705/582 1506/704/582 1504/706/582
f 1504/685/3 1506/687/3 1488/691/3
f 1507/687/4 1505/687/4 1487/686/4
f 1505/707/9 1508/706/9 1506/708/9
f 1506/687/3 1508/687/3 1488/686/3
f 1509/685/4 1507/687/4 1487/691/4
f 1507/709/583 1510/708/583 1508/710/583
f 1508/687/3 1510/687/3 1488/686/3
f 1511/685/4 1509/687/4 1487/691/4
f 1509/711/584 1512/710/584 1510/712/584
f 1510/687/3 1512/687/3 1488/686/3
f 1489/685/4 1511/687/4 1487/692/4
f 1489/711/585 1512/713/585 1511/1949/585
f 1512/692/3 1490/691/3 1488/687/3
f 1517/686/4 1515/685/4 1513/687/4
f 1517/1894/586 1516/1895/587 1515/1897/588
f 1516/692/3 1518/691/3 1514/687/3
f 1519/686/4 1517/685/4 1513/687/4
f 1519/1897/589 1518/1898/590 1517/1899/591
f 1518/692/3 1520/691/3 1514/687/3
f 1521/686/4 1519/686/4 1513/687/4
f 1521/1899/531 1520/1900/531 1519/1901/531
f 1520/686/3 1522/686/3 1514/687/3
f 1523/692/4 1521/691/4 1513/687/4
f 1523/1901/592 1522/1902/593 1521/1903/594
f 1522/686/3 1524/685/3 1514/687/3
f 1525/692/4 1523/691/4 1513/687/4
f 1525/1903/595 1524/1904/596 1523/1905/597
f 1524/686/3 1526/685/3 1514/687/3
f 1527/692/4 1525/691/4 1513/687/4
f 1525/1950/579 1528/1904/579 1526/1906/579
f 1526/685/3 1528/687/3 1514/692/3
f 1529/687/4 1527/687/4 1513/686/4
f 1527/1907/598 1530/1906/599 1528/1908/600
f 1528/685/3 1530/687/3 1514/691/3
f 1531/687/4 1529/687/4 1513/686/4
f 1529/1909/601 1532/1908/602 1530/1910/603
f 1530/685/3 1532/687/3 1514/691/3
f 1533/687/4 1531/687/4 1513/686/4
f 1531/1911/518 1534/1910/518 1532/1912/518
f 1532/687/3 1534/687/3 1514/686/3
f 1535/685/4 1533/687/4 1513/691/4
f 1533/1913/604 1536/1912/605 1534/1914/606
f 1534/687/3 1536/687/3 1514/686/3
f 1537/685/4 1535/687/4 1513/691/4
f 1535/1915/607 1538/1914/608 1536/1916/609
f 1536/687/3 1538/687/3 1514/686/3
f 1515/685/4 1537/687/4 1513/692/4
f 1515/1915/585 1538/1917/585 1537/1951/585
f 1538/692/3 1516/691/3 1514/687/3
f 1543/686/4 1541/685/4 1539/687/4
f 1543/1918/586 1542/1919/587 1541/1924/588
f 1542/1922/3 1544/1921/3 1540/1923/3
f 1545/686/4 1543/685/4 1539/687/4
f 1545/1924/589 1544/1925/590 1543/1926/591
f 1544/1922/3 1546/1921/3 1540/1923/3
f 1547/686/4 1545/686/4 1539/687/4
f 1547/1926/531 1546/1927/531 1545/1929/531
f 1546/1928/3 1548/1928/3 1540/1923/3
f 1549/692/4 1547/691/4 1539/687/4
f 1549/1929/592 1548/1930/593 1547/1932/594
f 1548/1928/3 1550/1931/3 1540/1923/3
f 1551/692/4 1549/691/4 1539/687/4
f 1551/1932/595 1550/1933/596 1549/1952/597
f 1550/1928/3 1552/1931/3 1540/1923/3
f 1553/692/4 1551/691/4 1539/687/4
f 1553/1952/579 1552/1935/579 1551/1934/579
f 1552/1931/3 1554/1923/3 1540/1922/3
f 1555/687/4 1553/687/4 1539/686/4
f 1553/1936/598 1556/1935/599 1554/1937/600
f 1554/1931/3 1556/1923/3 1540/1921/3
f 1557/687/4 1555/687/4 1539/686/4
f 1556/1931/3 1558/1923/3 1540/1921/3
f 1559/687/4 1557/687/4 1539/686/4
f 1558/1923/3 1560/1923/3 1540/1928/3
f 1561/685/4 1559/687/4 1539/691/4
f 1559/1939/604 1562/1938/605 1560/1940/606
f 1560/1923/3 1562/1923/3 1540/1928/3
f 1563/685/4 1561/687/4 1539/691/4
f 1561/1941/607 1564/1940/608 1562/1942/609
f 1562/1923/3 1564/1923/3 1540/1928/3
f 1541/685/4 1563/687/4 1539/692/4
f 1563/1943/585 1542/1942/585 1564/1944/585
f 1564/1922/3 1542/1921/3 1540/1923/3
f 1555/1945/601 1558/1937/602 1556/1946/603
f 1557/1947/518 1560/1946/518 1558/1938/518
f 1568/1140/3 1567/1139/3 1565/1141/3
f 1569/1142/3 1568/1140/3 1565/1141/3
f 1570/1143/3 1569/1142/3 1565/1141/3
f 1571/1144/3 1570/1143/3 1565/1141/3
f 1572/1145/3 1571/1144/3 1565/1141/3
f 1573/1146/3 1572/1145/3 1565/1141/3
f 1574/1147/3 1573/1146/3 1565/1141/3
f 1575/1148/3 1574/1147/3 1565/1141/3
f 1576/1149/3 1575/1148/3 1565/1141/3
f 1577/1150/3 1576/1149/3 1565/1141/3
f 1566/1151/3 1577/1150/3 1565/1141/3
f 1567/1139/3 1566/1151/3 1565/1141/3
f 1579/1153/610 1581/1152/610 1578/1154/610
f 1581/1155/611 1580/1156/611 1582/1953/611
f 1620/1159/612 1619/1158/612 1617/1160/612
f 1581/1152/610 1583/1161/610 1578/1154/610
f 1583/1162/613 1582/1163/613 1584/1168/613
f 1621/1165/614 1620/1159/612 1617/1160/612
f 1583/1161/610 1585/1166/610 1578/1154/610
f 1585/1167/615 1584/1168/615 1586/1172/615
f 1622/1169/612 1621/1165/614 1617/1160/612
f 1585/1166/610 1587/1170/616 1578/1154/610
f 1588/1171/617 1585/1167/618 1586/1172/617
f 1623/1173/612 1622/1169/612 1617/1160/612
f 1587/1170/616 1589/1174/610 1578/1154/610
f 1590/1176/619 1587/1175/619 1588/1177/619
f 1624/1178/612 1623/1173/612 1617/1160/612
f 1589/1174/610 1591/1179/610 1578/1154/610
f 1592/1181/620 1589/1180/621 1590/1176/622
f 1625/1182/614 1624/1178/612 1617/1160/612
f 1591/1179/610 1593/1183/610 1578/1154/610
f 1594/1185/623 1591/1184/624 1592/1181/623
f 1626/1186/614 1625/1182/614 1617/1160/612
f 1593/1183/610 1595/1187/610 1578/1154/610
f 1596/1189/625 1593/1188/625 1594/1190/625
f 1627/1191/614 1626/1186/614 1617/1160/612
f 1595/1187/610 1597/1192/616 1578/1154/610
f 1598/1194/626 1595/1193/626 1596/1189/626
f 1615/1195/612 1627/1191/614 1617/1160/612
f 1597/1192/616 1599/1196/616 1578/1154/610
f 1599/1197/627 1598/1194/627 1600/1954/627
f 1616/1199/612 1615/1195/612 1617/1160/612
f 1599/1196/616 1601/1200/616 1578/1154/610
f 1601/1201/628 1600/1202/628 1602/1205/628
f 1618/1204/614 1616/1199/612 1617/1160/612
f 1601/1200/616 1579/1153/610 1578/1154/610
f 1579/1157/629 1602/1205/630 1580/1156/631
f 1619/1158/612 1618/1204/614 1617/1160/612
f 1598/1207/632 1604/1206/632 1600/1208/632
f 1600/1210/633 1605/1209/633 1602/1205/633
f 1602/1205/630 1606/1211/634 1580/1156/631
f 1580/1213/635 1607/1212/636 1582/1214/635
f 1582/1216/637 1608/1215/637 1584/1217/637
f 1608/1215/638 1586/1172/638 1584/1168/638
f 1609/1218/639 1588/1219/639 1586/1955/639
f 1610/1221/640 1590/1222/640 1588/1956/640
f 1611/1223/641 1592/1181/620 1590/1176/622
f 1612/1224/642 1594/1225/642 1592/1181/642
f 1613/1227/643 1596/1228/643 1594/1957/643
f 1614/1229/644 1598/1194/644 1596/1189/644
f 1603/1232/645 1616/1231/646 1604/1233/645
f 1604/1235/647 1618/1234/647 1605/1236/647
f 1605/1209/634 1619/1237/634 1606/1211/634
f 1606/1239/648 1620/1238/649 1607/1240/648
f 1607/1242/650 1621/1241/650 1608/1243/650
f 1608/1215/651 1622/1244/651 1609/1218/651
f 1622/1244/652 1610/1245/653 1609/1958/653
f 1623/1247/654 1611/1248/654 1610/1959/654
f 1624/1249/655 1612/1224/656 1611/1223/641
f 1625/1250/657 1613/1251/657 1612/1960/657
f 1626/1253/658 1614/1254/658 1613/1961/658
f 1614/1229/659 1615/1256/659 1603/1230/660
f 1663/1258/661 1664/1257/661 1654/1259/661
f 1662/1260/661 1663/1258/661 1654/1259/661
f 1661/1261/661 1662/1260/661 1654/1259/661
f 1660/1262/661 1661/1261/661 1654/1259/661
f 1652/1263/661 1660/1262/661 1654/1259/661
f 1653/1264/661 1652/1263/661 1654/1259/661
f 1659/1265/661 1653/1264/661 1654/1259/661
f 1658/1266/661 1659/1265/661 1654/1259/661
f 1657/1267/661 1658/1266/661 1654/1259/661
f 1655/1268/661 1657/1267/661 1654/1259/661
f 1656/1269/661 1655/1268/661 1654/1259/661
f 1664/1257/661 1656/1269/661 1654/1259/661
f 1640/1270/662 1639/1271/663 1638/1962/664
f 1641/1272/665 1628/1273/634 1639/1344/634
f 1642/1274/666 1629/1275/666 1628/1963/666
f 1643/1277/667 1630/1278/668 1629/1964/668
f 1630/1278/669 1645/1280/669 1631/1281/669
f 1631/1281/670 1646/1282/671 1632/1283/670
f 1632/1285/672 1647/1284/673 1633/1286/674
f 1633/1288/656 1648/1287/656 1634/1289/656
f 1634/1291/675 1649/1290/675 1635/1292/675
f 1635/1294/676 1650/1293/677 1636/1295/676
f 1650/1293/678 1637/1296/678 1636/1295/678
f 1651/1297/679 1638/1298/679 1637/1296/679
f 1647/1284/656 1653/1300/680 1648/1287/656
f 1655/1301/681 1641/1302/681 1640/1965/681
f 1657/1304/682 1640/1305/682 1651/1966/682
f 1658/1307/683 1651/1297/683 1650/1293/683
f 1649/1308/684 1658/1307/684 1650/1309/684
f 1648/1311/685 1659/1310/686 1649/1312/685
f 1646/1314/687 1652/1313/687 1647/1315/687
f 1645/1317/688 1660/1316/688 1646/1318/688
f 1644/1279/689 1661/1319/690 1645/1280/689
f 1663/1320/691 1644/1321/691 1643/1967/692
f 1664/1323/693 1643/1324/693 1642/1968/693
f 1656/1303/634 1642/1274/665 1641/1272/665
f 1629/1327/694 1665/1326/695 1628/1273/694
f 1630/1278/696 1666/1328/696 1629/1329/696
f 1630/1278/697 1668/1330/697 1667/1331/697
f 1631/1281/698 1669/1332/698 1668/1330/698
f 1632/1334/672 1670/1333/699 1669/1335/699
f 1633/1288/700 1671/1336/700 1670/1333/700
f 1634/1289/701 1672/1337/701 1671/1336/701
f 1636/1295/702 1672/1338/702 1635/1339/702
f 1637/1296/703 1673/1340/703 1636/1295/703
f 1638/1342/704 1674/1341/704 1637/1296/704
f 1639/1344/663 1675/1343/705 1638/1345/664
f 1628/1273/706 1676/1346/706 1639/1344/706
f 1679/1348/4 1681/1347/4 1677/1349/4
f 1716/1350/707 1718/1351/707 1717/1969/707
f 1682/1354/3 1680/1353/3 1678/1355/3
f 1681/1347/4 1683/1356/4 1677/1349/4
f 1683/1357/708 1682/1358/708 1684/1970/708
f 1684/1360/3 1682/1354/3 1678/1355/3
f 1683/1356/4 1685/1361/4 1677/1349/4
f 1712/1362/709 1714/1363/709 1713/1971/709
f 1686/1365/3 1684/1360/3 1678/1355/3
f 1685/1361/4 1687/1366/4 1677/1349/4
f 1687/1367/710 1686/1368/710 1688/1972/710
f 1688/1370/3 1686/1365/3 1678/1355/3
f 1687/1366/4 1689/1371/4 1677/1349/4
f 1708/1372/711 1710/1373/711 1709/1973/711
f 1690/1375/3 1688/1370/3 1678/1355/3
f 1689/1371/4 1691/1376/4 1677/1349/4
f 1691/1377/712 1690/1378/712 1692/1974/712
f 1692/1380/3 1690/1375/3 1678/1355/3
f 1691/1376/4 1693/1381/4 1677/1349/4
f 1704/1382/713 1706/1383/713 1705/1975/713
f 1694/1385/3 1692/1380/3 1678/1355/3
f 1693/1381/4 1695/1386/4 1677/1349/4
f 1695/1387/714 1694/1388/714 1696/1976/714
f 1696/1390/3 1694/1385/3 1678/1355/3
f 1695/1386/4 1697/1391/4 1677/1349/4
f 1724/1392/715 1726/1393/715 1725/1977/715
f 1698/1395/3 1696/1390/3 1678/1355/3
f 1697/1391/4 1699/1396/4 1677/1349/4
f 1699/1397/716 1698/1398/716 1700/1978/716
f 1700/1400/3 1698/1395/3 1678/1355/3
f 1699/1396/4 1701/1401/4 1677/1349/4
f 1720/1402/717 1722/1403/717 1721/1979/717
f 1702/1405/3 1700/1400/3 1678/1355/3
f 1701/1401/4 1679/1348/4 1677/1349/4
f 1679/1406/718 1702/1407/718 1680/1980/718
f 1680/1353/3 1702/1405/3 1678/1355/3
f 1703/1409/4 1693/1381/4 1691/1376/4
f 1704/1411/716 1694/1412/716 1693/1981/716
f 1694/1385/3 1706/1414/3 1692/1380/3
f 1706/1415/710 1691/1416/710 1692/1982/710
f 1687/1366/4 1708/1418/4 1689/1371/4
f 1708/1419/714 1690/1420/714 1689/1983/714
f 1709/1422/3 1688/1370/3 1690/1375/3
f 1710/1424/708 1687/1425/708 1688/1984/708
f 1711/1427/4 1685/1361/4 1683/1356/4
f 1712/1429/712 1686/1430/712 1685/1985/712
f 1686/1365/3 1714/1432/3 1684/1360/3
f 1714/1433/718 1683/1434/718 1684/1986/718
f 1715/1436/4 1681/1347/4 1679/1348/4
f 1716/1438/710 1682/1439/710 1681/1987/710
f 1682/1354/3 1718/1441/3 1680/1353/3
f 1718/1442/716 1679/1443/716 1680/1988/716
f 1699/1396/4 1720/1445/4 1701/1401/4
f 1720/1446/708 1702/1447/708 1701/1989/708
f 1721/1449/3 1700/1400/3 1702/1405/3
f 1722/1451/714 1699/1452/714 1700/1990/714
f 1723/1454/4 1697/1391/4 1695/1386/4
f 1724/1456/718 1698/1457/718 1697/1991/718
f 1698/1395/3 1726/1459/3 1696/1390/3
f 1726/1460/712 1695/1461/712 1696/1992/712
f 1729/1464/719 1731/1463/719 1727/1465/719
f 1731/1466/720 1730/1467/720 1732/1993/720
f 1732/1470/721 1730/1469/721 1728/1471/721
f 1731/1463/719 1733/1472/719 1727/1465/719
f 1733/1473/722 1732/1474/722 1734/1479/722
f 1734/1476/721 1732/1470/721 1728/1471/721
f 1733/1472/719 1735/1477/719 1727/1465/719
f 1735/1478/723 1734/1479/723 1736/1483/723
f 1736/1480/721 1734/1476/721 1728/1471/721
f 1735/1477/719 1737/1481/719 1727/1465/719
f 1738/1482/724 1735/1478/724 1736/1483/724
f 1738/1484/721 1736/1480/721 1728/1471/721
f 1737/1481/719 1739/1485/719 1727/1465/719
f 1739/1486/725 1738/1487/725 1740/1492/725
f 1740/1489/721 1738/1484/721 1728/1471/721
f 1739/1485/719 1741/1490/719 1727/1465/719
f 1742/1491/726 1739/1486/726 1740/1492/726
f 1742/1493/721 1740/1489/721 1728/1471/721
f 1741/1490/719 1743/1494/719 1727/1465/719
f 1744/1994/727 1741/1496/727 1742/1491/727
f 1744/1497/721 1742/1493/721 1728/1471/721
f 1743/1494/719 1745/1498/719 1727/1465/719
f 1746/1500/728 1743/1499/728 1744/1501/728
f 1746/1502/721 1744/1497/721 1728/1471/721
f 1745/1498/719 1747/1503/719 1727/1465/719
f 1747/1504/729 1746/1500/729 1748/1509/729
f 1748/1506/721 1746/1502/721 1728/1471/721
f 1747/1503/719 1749/1507/719 1727/1465/719
f 1749/1508/730 1748/1509/730 1750/1995/730
f 1750/1510/721 1748/1506/721 1728/1471/721
f 1749/1507/719 1751/1511/719 1727/1465/719
f 1752/1513/731 1749/1512/731 1750/1514/731
f 1752/1515/721 1750/1510/721 1728/1471/721
f 1751/1511/719 1729/1464/719 1727/1465/719
f 1729/1468/732 1752/1513/732 1730/1467/732
f 1730/1469/721 1752/1515/721 1728/1471/721
f 1760/1518/733 1755/1517/733 1754/1519/733
f 1756/1520/734 1760/1518/734 1761/1535/734
f 1757/1521/735 1761/1522/735 1762/1996/735
f 1763/1525/736 1757/1524/736 1762/1526/736
f 1764/1528/737 1758/1527/737 1763/1529/738
f 1759/1530/739 1764/1528/739 1753/1531/739
f 1765/1533/740 1760/1532/740 1754/1534/740
f 1761/1535/741 1765/1533/741 1766/1997/741
f 1762/1536/742 1766/1537/742 1767/1550/742
f 1768/1540/743 1762/1539/743 1767/1541/744
f 1769/1543/745 1763/1542/745 1768/1544/745
f 1764/1528/746 1769/1543/746 1753/1545/746
f 1770/1547/747 1765/1546/747 1754/1548/747
f 1771/1549/748 1765/1546/748 1770/1547/748
f 1772/1998/749 1766/1552/749 1771/1551/749
f 1773/1554/750 1767/1553/750 1772/1555/750
f 1769/1543/751 1773/1556/751 1774/1558/751
f 1769/1543/752 1774/1558/752 1753/1559/752
f 1775/1561/753 1770/1560/753 1754/1562/753
f 1776/1563/754 1770/1560/754 1775/1561/755
f 1777/1565/756 1771/1564/757 1776/1566/756
f 1773/1554/758 1777/1567/758 1778/1999/758
f 1774/1558/759 1778/1569/759 1779/1571/759
f 1774/1558/760 1779/1571/760 1753/1572/760
f 1780/1574/761 1775/1573/761 1754/1575/761
f 1781/1577/762 1775/1576/762 1780/1578/762
f 1782/1580/763 1776/1579/763 1781/1577/763
f 1778/1581/764 1782/1582/765 1783/1585/766
f 1779/1584/767 1783/1585/767 1784/2000/768
f 1779/1571/769 1784/1586/769 1753/1587/769
f 1785/1588/770 1780/1574/770 1754/1589/770
f 1786/1591/771 1780/1590/771 1785/1592/772
f 1787/1594/773 1781/1593/773 1786/1595/773
f 1788/1597/774 1782/1596/774 1787/1598/774
f 1789/1600/775 1783/1599/776 1788/1601/776
f 1784/1586/777 1789/1602/777 1753/1603/777
f 1790/1604/778 1785/1588/778 1754/1605/778
f 1786/1591/779 1790/1606/780 1791/1608/779
f 1787/1594/781 1791/1608/781 1792/2001/781
f 1793/1610/782 1787/1609/782 1792/1611/782
f 1794/1612/783 1788/1597/783 1793/1610/784
f 1789/1602/785 1794/1613/785 1753/1614/785
f 1795/1615/786 1790/1604/786 1754/1616/786
f 1791/1617/787 1795/1615/787 1796/2002/787
f 1792/1618/788 1796/1619/789 1797/2003/789
f 1798/1622/790 1792/1621/790 1797/1623/790
f 1799/1625/791 1793/1624/791 1798/1626/791
f 1794/1627/792 1799/1625/792 1753/1628/792
f 1800/1629/793 1795/1615/793 1754/1630/793
f 1796/1631/794 1800/1629/794 1801/2004/794
f 1802/1633/795 1796/1632/795 1801/1634/795
f 1803/1636/796 1797/1635/796 1802/1637/796
f 1799/1625/797 1803/1638/797 1804/1640/797
f 1799/1625/798 1804/1640/798 1753/1641/798
f 1805/1642/799 1800/1629/799 1754/1643/799
f 1806/1644/800 1800/1629/800 1805/1642/800
f 1807/1646/801 1801/1645/801 1806/1647/801
f 1803/1636/802 1807/1648/802 1808/2005/802
f 1804/1640/803 1808/1650/803 1809/1652/804
f 1804/1640/805 1809/1652/805 1753/1653/805
f 1810/1654/806 1805/1642/806 1754/1655/806
f 1811/1656/807 1805/1642/807 1810/1654/808
f 1812/1658/809 1806/1657/810 1811/1659/811
f 1808/1660/812 1812/1661/812 1813/1672/812
f 1809/1652/813 1813/1663/813 1814/1665/814
f 1809/1652/815 1814/1665/815 1753/1666/815
f 1755/1667/816 1810/1654/816 1754/1668/816
f 1811/1669/817 1755/1667/817 1756/1520/817
f 1812/1658/818 1756/1670/818 1757/1521/819
f 1813/1672/820 1757/1673/820 1758/2006/820
f 1759/1530/821 1813/1675/822 1758/1676/822
f 1814/1665/823 1759/1530/823 1753/1677/823
f 1817/1679/824 1819/1678/824 1815/1680/824
f 1820/1682/825 1818/1681/825 1816/1683/825
f 1819/1678/826 1821/1684/826 1815/1680/826
f 1822/1686/827 1819/1685/827 1820/1687/827
f 1822/1688/828 1820/1682/828 1816/1689/828
f 1821/1684/829 1823/1690/829 1815/1691/829
f 1824/1693/830 1821/1692/831 1822/1694/832
f 1824/1695/833 1822/1688/833 1816/1696/833
f 1823/1690/834 1825/1697/834 1815/1698/834
f 1826/1700/835 1823/1699/835 1824/1693/835
f 1826/1701/836 1824/1695/836 1816/1702/836
f 1825/1697/837 1827/1703/837 1815/1704/837
f 1827/1705/838 1826/1706/838 1828/2007/838
f 1828/1708/839 1826/1701/839 1816/1709/839
f 1827/1703/840 1829/1710/840 1815/1711/840
f 1829/1712/841 1828/1713/841 1830/2008/841
f 1830/1715/842 1828/1708/842 1816/1709/842
f 1829/1710/843 1831/1716/843 1815/1717/843
f 1831/1718/844 1830/1719/844 1832/2009/844
f 1832/1720/845 1830/1715/845 1816/1721/845
f 1831/1716/846 1833/1722/846 1815/1723/846
f 1833/1724/847 1832/1725/848 1834/2010/849
f 1834/1727/850 1832/1720/850 1816/1721/850
f 1833/1722/851 1835/1728/851 1815/1729/851
f 1851/1731/852 1849/1730/852 1852/1732/853
f 1836/1733/854 1834/1727/854 1816/1734/854
f 1835/1728/855 1837/1735/855 1815/1736/855
f 1838/1738/856 1835/1737/857 1836/1739/858
f 1838/1740/859 1836/1733/859 1816/1734/859
f 1837/1742/860 1839/1741/860 1815/1743/860
f 1867/1745/861 1865/1744/862 1868/1746/863
f 1840/1747/864 1838/1740/864 1816/1734/864
f 1839/1748/865 1817/1679/865 1815/1749/865
f 1878/1750/866 1880/1751/867 1879/2011/868
f 1818/1681/869 1840/1753/869 1816/1754/869
f 1841/1755/870 1835/1756/871 1833/2012/872
f 1842/1758/873 1836/1759/874 1835/2013/875
f 1836/1733/876 1844/1761/876 1834/1727/876
f 1834/1763/877 1841/1762/877 1833/1764/877
f 1845/2014/878 1842/1757/878 1841/1755/878
f 1846/1766/879 1843/1767/880 1842/1758/881
f 1847/1769/882 1844/1770/882 1843/2015/882
f 1844/1773/883 1845/1772/884 1841/1774/885
f 1845/1776/886 1850/1775/886 1846/1777/886
f 1850/1778/887 1847/1779/887 1846/1766/887
f 1851/1781/888 1848/1782/888 1847/2016/888
f 1848/1785/889 1849/1784/890 1845/1786/889
f 1837/1788/891 1854/1787/892 1839/1741/893
f 1839/1790/894 1855/1789/895 1840/1791/896
f 1855/1792/897 1838/1740/898 1840/2017/899
f 1856/1794/900 1837/1795/901 1838/2018/902
f 1853/1798/903 1858/1797/904 1854/1799/905
f 1858/1800/906 1855/1801/907 1854/2019/908
f 1859/1803/909 1856/1804/910 1855/2020/911
f 1856/1807/912 1857/1806/913 1853/1796/914
f 1857/1809/915 1862/1808/916 1858/1810/917
f 1862/1811/918 1859/1812/919 1858/1800/920
f 1859/1815/921 1864/1814/922 1860/1816/923
f 1860/1818/924 1861/1817/925 1857/1806/926
f 1865/1819/927 1862/1808/928 1861/2021/929
f 1862/1822/930 1867/1821/931 1863/1813/932
f 1863/1824/933 1868/1823/934 1864/1814/935
f 1864/1826/936 1865/1825/937 1861/1817/938
f 1869/1827/939 1817/1679/940 1839/2022/941
f 1817/1830/942 1871/1829/943 1818/1831/944
f 1871/1832/945 1840/1753/946 1818/1681/947
f 1872/1834/948 1839/1835/949 1840/2023/950
f 1873/1837/951 1870/1838/952 1869/2024/953
f 1870/1841/954 1875/1840/955 1871/1842/956
f 1871/1844/957 1876/1843/958 1872/1845/959
f 1876/1846/960 1869/1847/961 1872/1834/962
f 1877/1849/963 1874/1850/964 1873/2025/965
f 1878/1852/966 1875/1840/967 1874/2026/968
f 1875/1855/969 1880/1854/970 1876/1856/971
f 1876/1858/972 1877/1857/973 1873/1859/974
f 1881/1860/975 1819/1861/976 1817/2027/977
f 1882/1863/978 1820/1864/979 1819/1685/980
f 1883/1866/981 1818/1681/982 1820/2028/983
f 1818/1869/984 1881/1868/985 1817/1870/986
f 1881/1860/987 1886/1871/988 1882/1872/989
f 1886/1873/990 1883/1865/991 1882/2029/992
f 1887/1875/993 1884/1876/994 1883/2030/995
f 1884/1879/996 1885/1878/997 1881/1880/998
f 1891/1882/999 1889/1881/1000 1892/1883/1001
f 1889/1884/1002 1886/1885/1003 1885/2031/1004
f 1890/1887/1005 1887/1874/1006 1886/2032/1007
f 1887/1890/1008 1892/1889/1009 1888/1891/1010
f 1892/1892/1011 1885/1878/1012 1888/2033/1013
f 1895/1139/3 1896/1140/3 1893/1141/3
f 1896/1140/3 1897/1142/3 1893/1141/3
f 1897/1142/3 1898/1143/3 1893/1141/3
f 1898/1143/3 1899/1144/3 1893/1141/3
f 1899/1144/3 1900/1145/3 1893/1141/3
f 1900/1145/3 1901/1146/3 1893/1141/3
f 1901/1146/3 1902/1147/3 1893/1141/3
f 1902/1147/3 1903/1148/3 1893/1141/3
f 1903/1148/3 1904/1149/3 1893/1141/3
f 1904/1149/3 1905/1150/3 1893/1141/3
f 1905/1150/3 1894/1151/3 1893/1141/3
f 1894/1151/3 1895/1139/3 1893/1141/3
f 1909/1152/1014 1907/1153/1014 1906/1154/1014
f 1909/1155/1015 1908/1156/1015 1907/1157/1015
f 1947/1158/1016 1948/1159/1016 1945/1160/1016
f 1911/1161/1014 1909/1152/1014 1906/1154/1014
f 1911/1162/1017 1910/1163/1017 1909/1164/1017
f 1948/1159/1016 1949/1165/1018 1945/1160/1016
f 1913/1166/1014 1911/1161/1014 1906/1154/1014
f 1913/1167/1019 1912/1168/1019 1911/1162/1019
f 1949/1165/1018 1950/1169/1018 1945/1160/1016
f 1915/1170/1014 1913/1166/1014 1906/1154/1014
f 1913/1167/1020 1916/1171/1021 1914/1172/1021
f 1950/1169/1018 1951/1173/1016 1945/1160/1016
f 1917/1174/1014 1915/1170/1014 1906/1154/1014
f 1915/1175/1022 1918/1176/1022 1916/1177/1022
f 1951/1173/1016 1952/1178/1016 1945/1160/1016
f 1919/1179/1014 1917/1174/1014 1906/1154/1014
f 1917/1180/1023 1920/1181/1024 1918/1176/1025
f 1952/1178/1016 1953/1182/1018 1945/1160/1016
f 1921/1183/1014 1919/1179/1014 1906/1154/1014
f 1919/1184/1026 1922/1185/1027 1920/1181/1027
f 1953/1182/1018 1954/1186/1018 1945/1160/1016
f 1923/1187/1014 1921/1183/1014 1906/1154/1014
f 1921/1188/1028 1924/1189/1028 1922/1190/1028
f 1954/1186/1018 1955/1191/1018 1945/1160/1016
f 1925/1192/1029 1923/1187/1014 1906/1154/1014
f 1923/1193/1030 1926/1194/1030 1924/1189/1030
f 1955/1191/1018 1943/1195/1016 1945/1160/1016
f 1927/1196/1029 1925/1192/1029 1906/1154/1014
f 1927/1197/1031 1926/1194/1031 1925/1198/1031
f 1943/1195/1016 1944/1199/1016 1945/1160/1016
f 1929/1200/1029 1927/1196/1029 1906/1154/1014
f 1929/1201/1032 1928/1202/1032 1927/1203/1032
f 1944/1199/1016 1946/1204/1018 1945/1160/1016
f 1907/1153/1014 1929/1200/1029 1906/1154/1014
f 1907/1157/1033 1930/1205/1034 1929/1201/1033
f 1946/1204/1018 1947/1158/1016 1945/1160/1016
f 1932/1206/1035 1926/1207/1035 1928/1208/1035
f 1933/1209/1036 1928/1210/1036 1930/1205/1036
f 1934/1211/1037 1930/1205/1034 1908/1156/1038
f 1935/1212/1039 1908/1213/1040 1910/1214/1040
f 1936/1215/1041 1910/1216/1041 1912/1217/1041
f 1936/1215/1042 1914/1172/1042 1937/1218/1042
f 1937/1218/1043 1916/1219/1043 1938/1220/1043
f 1938/1221/1044 1918/1222/1044 1939/1223/1044
f 1939/1223/1045 1920/1181/1024 1940/1224/1046
f 1940/1224/1047 1922/1225/1047 1941/1226/1047
f 1941/1227/1048 1924/1228/1048 1942/1229/1048
f 1942/1229/1049 1926/1194/1049 1931/1230/1049
f 1944/1231/1050 1931/1232/1051 1932/1233/1051
f 1946/1234/1052 1932/1235/1052 1933/1236/1052
f 1947/1237/1037 1933/1209/1037 1934/1211/1037
f 1948/1238/1053 1934/1239/1054 1935/1240/1054
f 1949/1241/1055 1935/1242/1055 1936/1243/1055
f 1950/1244/1056 1936/1215/1056 1937/1218/1056
f 1950/1244/1057 1938/1245/1058 1951/1246/1057
f 1951/1247/1059 1939/1248/1059 1952/1249/1059
f 1952/1249/1060 1940/1224/1046 1953/1250/1060
f 1953/1250/1061 1941/1251/1061 1954/1252/1061
f 1954/1253/1062 1942/1254/1062 1955/1255/1062
f 1943/1256/1063 1942/1229/1063 1931/1230/1063
f 1992/1257/1064 1991/1258/1064 1982/1259/1064
f 1991/1258/1064 1990/1260/1064 1982/1259/1064
f 1990/1260/1064 1989/1261/1064 1982/1259/1064
f 1989/1261/1064 1988/1262/1064 1982/1259/1064
f 1988/1262/1064 1980/1263/1064 1982/1259/1064
f 1980/1263/1064 1981/1264/1064 1982/1259/1064
f 1981/1264/1064 1987/1265/1064 1982/1259/1064
f 1987/1265/1064 1986/1266/1064 1982/1259/1064
f 1986/1266/1064 1985/1267/1064 1982/1259/1064
f 1985/1267/1064 1983/1268/1064 1982/1259/1064
f 1983/1268/1064 1984/1269/1064 1982/1259/1064
f 1984/1269/1064 1992/1257/1064 1982/1259/1064
f 1968/1270/1065 1967/1271/1066 1969/1272/1065
f 1969/1272/1067 1956/1273/1037 1970/1274/1067
f 1970/1274/1068 1957/1275/1068 1971/1276/1068
f 1971/1277/1069 1958/1278/1070 1972/1279/1069
f 1973/1280/1071 1958/1278/1071 1959/1281/1071
f 1974/1282/1072 1959/1281/1072 1960/1283/1073
f 1975/1284/1074 1960/1285/1075 1961/1286/1076
f 1976/1287/1046 1961/1288/1046 1962/1289/1046
f 1977/1290/1077 1962/1291/1077 1963/1292/1077
f 1978/1293/1078 1963/1294/1079 1964/1295/1079
f 1978/1293/1080 1965/1296/1080 1979/1297/1080
f 1979/1297/1081 1966/1298/1081 1968/1299/1081
f 1981/1300/1082 1975/1284/1046 1976/1287/1046
f 1983/1301/1083 1969/1302/1083 1984/1303/1083
f 1985/1304/1084 1968/1305/1084 1983/1306/1084
f 1986/1307/1085 1979/1297/1085 1985/1304/1085
f 1986/1307/1086 1977/1308/1086 1978/1309/1086
f 1987/1310/1087 1976/1311/1088 1977/1312/1088
f 1980/1313/1089 1974/1314/1089 1975/1315/1089
f 1988/1316/1090 1973/1317/1090 1974/1318/1090
f 1989/1319/1091 1972/1279/1092 1973/1280/1092
f 1991/1320/1093 1972/1321/1093 1990/1322/1093
f 1992/1323/1094 1971/1324/1094 1991/1325/1094
f 1984/1303/1037 1970/1274/1067 1992/1323/1037
f 1993/1326/1095 1957/1327/1096 1956/1273/1096
f 1994/1328/1097 1958/1278/1097 1957/1329/1097
f 1996/1330/1098 1958/1278/1098 1995/1331/1098
f 1997/1332/1099 1959/1281/1099 1996/1330/1099
f 1998/1333/1100 1960/1334/1075 1997/1335/1100
f 1999/1336/1101 1961/1288/1101 1998/1333/1101
f 2000/1337/1102 1962/1289/1102 1999/1336/1102
f 2000/1338/1103 1964/1295/1103 1963/1339/1103
f 2001/1340/1104 1965/1296/1104 1964/1295/1104
f 2002/1341/1105 1966/1342/1105 1965/1296/1105
f 2003/1343/1106 1967/1344/1066 1966/1345/1107
f 2004/1346/1108 1956/1273/1108 1967/1344/1108
f 2009/1347/4 2007/1348/4 2005/1349/4
f 2044/1350/170 2046/1351/170 2043/1352/170
f 2008/1353/3 2010/1354/3 2006/1355/3
f 2011/1356/4 2009/1347/4 2005/1349/4
f 2011/1357/171 2010/1358/171 2009/1359/171
f 2010/1354/3 2012/1360/3 2006/1355/3
f 2013/1361/4 2011/1356/4 2005/1349/4
f 2040/1362/172 2042/1363/172 2039/1364/172
f 2012/1360/3 2014/1365/3 2006/1355/3
f 2015/1366/4 2013/1361/4 2005/1349/4
f 2015/1367/173 2014/1368/173 2013/1369/173
f 2014/1365/3 2016/1370/3 2006/1355/3
f 2017/1371/4 2015/1366/4 2005/1349/4
f 2036/1372/174 2038/1373/174 2035/1374/174
f 2016/1370/3 2018/1375/3 2006/1355/3
f 2019/1376/4 2017/1371/4 2005/1349/4
f 2019/1377/175 2018/1378/175 2017/1379/175
f 2018/1375/3 2020/1380/3 2006/1355/3
f 2021/1381/4 2019/1376/4 2005/1349/4
f 2032/1382/164 2034/1383/164 2031/1384/164
f 2020/1380/3 2022/1385/3 2006/1355/3
f 2023/1386/4 2021/1381/4 2005/1349/4
f 2023/1387/165 2022/1388/165 2021/1389/165
f 2022/1385/3 2024/1390/3 2006/1355/3
f 2025/1391/4 2023/1386/4 2005/1349/4
f 2052/1392/166 2054/1393/166 2051/1394/166
f 2024/1390/3 2026/1395/3 2006/1355/3
f 2027/1396/4 2025/1391/4 2005/1349/4
f 2027/1397/167 2026/1398/167 2025/1399/167
f 2026/1395/3 2028/1400/3 2006/1355/3
f 2029/1401/4 2027/1396/4 2005/1349/4
f 2048/1402/168 2050/1403/168 2047/1404/168
f 2028/1400/3 2030/1405/3 2006/1355/3
f 2007/1348/4 2029/1401/4 2005/1349/4
f 2007/1406/169 2030/1407/169 2029/1408/169
f 2030/1405/3 2008/1353/3 2006/1355/3
f 2031/1409/4 2021/1381/4 2032/1410/4
f 2032/1411/167 2022/1412/167 2033/1413/167
f 2034/1414/3 2022/1385/3 2020/1380/3
f 2034/1415/173 2019/1416/173 2031/1417/173
f 2036/1418/4 2015/1366/4 2017/1371/4
f 2036/1419/165 2018/1420/165 2037/1421/165
f 2037/1422/3 2016/1370/3 2038/1423/3
f 2038/1424/171 2015/1425/171 2035/1426/171
f 2039/1427/4 2013/1361/4 2040/1428/4
f 2040/1429/175 2014/1430/175 2041/1431/175
f 2042/1432/3 2014/1365/3 2012/1360/3
f 2042/1433/169 2011/1434/169 2039/1435/169
f 2043/1436/4 2009/1347/4 2044/1437/4
f 2044/1438/173 2010/1439/173 2045/1440/173
f 2046/1441/3 2010/1354/3 2008/1353/3
f 2046/1442/167 2007/1443/167 2043/1444/167
f 2048/1445/4 2027/1396/4 2029/1401/4
f 2048/1446/171 2030/1447/171 2049/1448/171
f 2049/1449/3 2028/1400/3 2050/1450/3
f 2050/1451/165 2027/1452/165 2047/1453/165
f 2051/1454/4 2025/1391/4 2052/1455/4
f 2052/1456/169 2026/1457/169 2053/1458/169
f 2054/1459/3 2026/1395/3 2024/1390/3
f 2054/1460/175 2023/1461/175 2051/1462/175
f 2059/1463/1109 2057/1464/1109 2055/1465/1109
f 2059/1466/1110 2058/1467/1110 2057/1468/1110
f 2058/1469/1111 2060/1470/1111 2056/1471/1111
f 2061/1472/1109 2059/1463/1109 2055/1465/1109
f 2061/1473/1112 2060/1474/1112 2059/1475/1112
f 2060/1470/1111 2062/1476/1111 2056/1471/1111
f 2063/1477/1109 2061/1472/1109 2055/1465/1109
f 2063/1478/1113 2062/1479/1113 2061/1473/1113
f 2062/1476/1111 2064/1480/1111 2056/1471/1111
f 2065/1481/1109 2063/1477/1109 2055/1465/1109
f 2063/1478/1114 2066/1482/1114 2064/1483/1114
f 2064/1480/1111 2066/1484/1111 2056/1471/1111
f 2067/1485/1109 2065/1481/1109 2055/1465/1109
f 2067/1486/1115 2066/1487/1115 2065/1488/1115
f 2066/1484/1111 2068/1489/1111 2056/1471/1111
f 2069/1490/1109 2067/1485/1109 2055/1465/1109
f 2067/1486/1116 2070/1491/1116 2068/1492/1116
f 2068/1489/1111 2070/1493/1111 2056/1471/1111
f 2071/1494/1109 2069/1490/1109 2055/1465/1109
f 2071/1495/1117 2070/1491/1117 2069/1496/1117
f 2070/1493/1111 2072/1497/1111 2056/1471/1111
f 2073/1498/1109 2071/1494/1109 2055/1465/1109
f 2071/1499/1118 2074/1500/1118 2072/1501/1118
f 2072/1497/1111 2074/1502/1111 2056/1471/1111
f 2075/1503/1109 2073/1498/1109 2055/1465/1109
f 2075/1504/1119 2074/1500/1119 2073/1505/1119
f 2074/1502/1111 2076/1506/1111 2056/1471/1111
f 2077/1507/1109 2075/1503/1109 2055/1465/1109
f 2077/1508/1120 2076/1509/1120 2075/1504/1120
f 2076/1506/1111 2078/1510/1111 2056/1471/1111
f 2079/1511/1109 2077/1507/1109 2055/1465/1109
f 2077/1512/1121 2080/1513/1121 2078/1514/1121
f 2078/1510/1111 2080/1515/1111 2056/1471/1111
f 2057/1464/1109 2079/1511/1109 2055/1465/1109
f 2079/1516/1122 2058/1467/1122 2080/1513/1122
f 2080/1515/1111 2058/1469/1111 2056/1471/1111
f 2083/1517/1123 2088/1518/1123 2082/1519/1123
f 2084/1520/1124 2088/1518/1124 2083/1517/1124
f 2085/1521/1125 2089/1522/1125 2084/1523/1126
f 2085/1524/1127 2091/1525/1127 2090/1526/1127
f 2086/1527/1128 2092/1528/1128 2091/1529/1129
f 2092/1528/1130 2087/1530/1130 2081/1531/1130
f 2088/1532/1131 2093/1533/1131 2082/1534/1131
f 2089/1535/1132 2093/1533/1132 2088/1532/1133
f 2090/1536/1134 2094/1537/1134 2089/1538/1135
f 2090/1539/1136 2096/1540/1136 2095/1541/1137
f 2091/1542/1138 2097/1543/1138 2096/1544/1138
f 2097/1543/1139 2092/1528/1139 2081/1545/1139
f 2093/1546/1140 2098/1547/1140 2082/1548/1140
f 2093/1546/1141 2099/1549/1141 2098/1547/1141
f 2095/1550/1142 2099/1551/1142 2094/1552/1142
f 2095/1553/1143 2101/1554/1143 2100/1555/1143
f 2097/1543/1144 2101/1556/1144 2096/1557/1144
f 2102/1558/1145 2097/1543/1145 2081/1559/1145
f 2098/1560/1146 2103/1561/1146 2082/1562/1146
f 2098/1560/1147 2104/1563/1147 2103/1561/1148
f 2099/1564/1149 2105/1565/1150 2104/1566/1150
f 2101/1554/1151 2105/1567/1151 2100/1568/1151
f 2102/1558/1152 2106/1569/1152 2101/1570/1153
f 2107/1571/1154 2102/1558/1154 2081/1572/1154
f 2103/1573/1155 2108/1574/1155 2082/1575/1155
f 2103/1576/1156 2109/1577/1156 2108/1578/1156
f 2104/1579/1157 2110/1580/1157 2109/1577/1157
f 2106/1581/1158 2110/1582/1159 2105/1583/1158
f 2107/1584/1160 2111/1585/1160 2106/1581/1160
f 2112/1586/1161 2107/1571/1161 2081/1587/1161
f 2108/1574/1162 2113/1588/1162 2082/1589/1162
f 2108/1590/1163 2114/1591/1163 2113/1592/1164
f 2109/1593/1165 2115/1594/1165 2114/1595/1165
f 2110/1596/1166 2116/1597/1166 2115/1598/1166
f 2111/1599/1167 2117/1600/1168 2116/1601/1169
f 2117/1602/1170 2112/1586/1170 2081/1603/1170
f 2113/1588/1171 2118/1604/1171 2082/1605/1171
f 2114/1591/1172 2118/1606/1173 2113/1607/1174
f 2115/1594/1175 2119/1608/1175 2114/1591/1176
f 2115/1609/1177 2121/1610/1177 2120/1611/1177
f 2116/1597/1178 2122/1612/1178 2121/1610/1178
f 2122/1613/1179 2117/1602/1179 2081/1614/1179
f 2118/1604/1180 2123/1615/1180 2082/1616/1180
f 2119/1617/1181 2123/1615/1181 2118/1604/1181
f 2120/1618/1182 2124/1619/1183 2119/1620/1182
f 2120/1621/1184 2126/1622/1184 2125/1623/1184
f 2121/1624/1185 2127/1625/1186 2126/1626/1185
f 2127/1625/1187 2122/1627/1187 2081/1628/1187
f 2123/1615/1188 2128/1629/1188 2082/1630/1188
f 2124/1631/1189 2128/1629/1189 2123/1615/1189
f 2124/1632/1190 2130/1633/1190 2129/1634/1190
f 2125/1635/1191 2131/1636/1191 2130/1637/1191
f 2127/1625/1192 2131/1638/1192 2126/1639/1192
f 2132/1640/1193 2127/1625/1193 2081/1641/1193
f 2128/1629/1194 2133/1642/1194 2082/1643/1194
f 2128/1629/1195 2134/1644/1195 2133/1642/1196
f 2129/1645/1197 2135/1646/1197 2134/1647/1197
f 2131/1636/1198 2135/1648/1198 2130/1649/1199
f 2132/1640/1200 2136/1650/1200 2131/1651/1200
f 2137/1652/1201 2132/1640/1201 2081/1653/1201
f 2133/1642/1202 2138/1654/1202 2082/1655/1202
f 2133/1642/1203 2139/1656/1203 2138/1654/1204
f 2134/1657/1205 2140/1658/1206 2139/1659/1207
f 2136/1660/1208 2140/1661/1208 2135/1662/1208
f 2137/1652/1209 2141/1663/1209 2136/1664/1209
f 2142/1665/1210 2137/1652/1210 2081/1666/1210
f 2138/1654/1211 2083/1667/1211 2082/1668/1211
f 2139/1669/1212 2083/1667/1212 2138/1654/1212
f 2140/1658/1213 2084/1670/1213 2139/1671/1213
f 2141/1672/1214 2085/1673/1214 2140/1674/1214
f 2141/1675/1215 2087/1530/1215 2086/1676/1216
f 2087/1530/1217 2142/1665/1217 2081/1677/1217
f 2147/1678/1218 2145/1679/1218 2143/1680/1218
f 2146/1681/1219 2148/1682/1219 2144/1683/1219
f 2149/1684/1220 2147/1678/1220 2143/1680/1220
f 2147/1685/1221 2150/1686/1221 2148/1687/1221
f 2148/1682/1222 2150/1688/1222 2144/1689/1222
f 2151/1690/1223 2149/1684/1223 2143/1691/1223
f 2149/1692/1224 2152/1693/1225 2150/1694/1226
f 2150/1688/1227 2152/1695/1227 2144/1696/1227
f 2153/1697/1228 2151/1690/1228 2143/1698/1228
f 2151/1699/1229 2154/1700/1229 2152/1693/1229
f 2152/1695/1230 2154/1701/1230 2144/1702/1230
f 2155/1703/1231 2153/1697/1231 2143/1704/1231
f 2155/1705/1232 2154/1706/1232 2153/1707/1232
f 2154/1701/1233 2156/1708/1233 2144/1709/1233
f 2157/1710/1234 2155/1703/1234 2143/1711/1234
f 2157/1712/1235 2156/1713/1235 2155/1714/1235
f 2156/1708/1236 2158/1715/1236 2144/1709/1236
f 2159/1716/1237 2157/1710/1237 2143/1717/1237
f 2159/1718/1238 2158/1719/1238 2157/1712/1238
f 2158/1715/1239 2160/1720/1239 2144/1721/1239
f 2161/1722/1240 2159/1716/1240 2143/1723/1240
f 2161/1724/1241 2160/1725/1242 2159/1726/1243
f 2160/1720/1244 2162/1727/1244 2144/1721/1244
f 2163/1728/1245 2161/1722/1245 2143/1729/1245
f 2177/1730/1246 2179/1731/1246 2180/1732/1247
f 2162/1727/1248 2164/1733/1248 2144/1734/1248
f 2165/1735/1249 2163/1728/1249 2143/1736/1249
f 2163/1737/1250 2166/1738/1251 2164/1739/1252
f 2164/1733/1253 2166/1740/1253 2144/1734/1253
f 2167/1741/1254 2165/1742/1254 2143/1743/1254
f 2193/1744/1255 2195/1745/1256 2196/1746/1257
f 2166/1740/1258 2168/1747/1258 2144/1734/1258
f 2145/1679/1259 2167/1748/1259 2143/1749/1259
f 2206/1750/1260 2208/1751/1261 2205/1752/1262
f 2168/1753/1263 2146/1681/1263 2144/1754/1263
f 2169/1755/1264 2163/1756/1265 2170/1757/1266
f 2170/1758/1267 2164/1759/1268 2171/1760/1269
f 2172/1761/1270 2164/1733/1270 2162/1727/1270
f 2169/1762/1271 2162/1763/1271 2161/1764/1271
f 2174/1765/1272 2169/1755/1272 2170/1757/1272
f 2174/1766/1273 2171/1767/1274 2175/1768/1275
f 2175/1769/1276 2172/1770/1276 2176/1771/1277
f 2173/1772/1278 2172/1773/1279 2169/1774/1280
f 2178/1775/1281 2173/1776/1281 2174/1777/1281
f 2178/1778/1282 2175/1779/1282 2179/1780/1282
f 2179/1781/1283 2176/1782/1283 2180/1783/1283
f 2177/1784/1284 2176/1785/1285 2173/1786/1285
f 2182/1787/1286 2165/1788/1287 2167/1741/1288
f 2183/1789/1289 2167/1790/1290 2168/1791/1291
f 2183/1792/1292 2166/1740/1293 2184/1793/1294
f 2184/1794/1295 2165/1795/1296 2181/1796/1297
f 2186/1797/1298 2181/1798/1299 2182/1799/1300
f 2186/1800/1301 2183/1801/1302 2187/1802/1303
f 2187/1803/1304 2184/1804/1305 2188/1805/1306
f 2185/1806/1307 2184/1807/1308 2181/1796/1309
f 2190/1808/1310 2185/1809/1311 2186/1810/1312
f 2190/1811/1313 2187/1812/1314 2191/1813/1315
f 2192/1814/1316 2187/1815/1317 2188/1816/1318
f 2189/1817/1319 2188/1818/1320 2185/1806/1321
f 2193/1819/1322 2190/1808/1323 2194/1820/1324
f 2195/1821/1325 2190/1822/1326 2191/1813/1327
f 2196/1823/1328 2191/1824/1329 2192/1814/1330
f 2193/1825/1331 2192/1826/1332 2189/1817/1333
f 2197/1827/1334 2145/1679/1335 2198/1828/1336
f 2199/1829/1337 2145/1830/1338 2146/1831/1339
f 2199/1832/1340 2168/1753/1341 2200/1833/1342
f 2200/1834/1343 2167/1835/1344 2197/1836/1345
f 2201/1837/1346 2198/1838/1347 2202/1839/1348
f 2203/1840/1349 2198/1841/1350 2199/1842/1351
f 2204/1843/1352 2199/1844/1353 2200/1845/1354
f 2204/1846/1355 2197/1847/1356 2201/1848/1357
f 2205/1849/1358 2202/1850/1359 2206/1851/1360
f 2206/1852/1361 2203/1840/1362 2207/1853/1363
f 2208/1854/1364 2203/1855/1365 2204/1856/1366
f 2205/1857/1367 2204/1858/1368 2201/1859/1369
f 2209/1860/1370 2147/1861/1371 2210/1862/1372
f 2210/1863/1373 2148/1864/1374 2211/1865/1375
f 2211/1866/1376 2146/1681/1377 2212/1867/1378
f 2209/1868/1379 2146/1869/1380 2145/1870/1381
f 2214/1871/1382 2209/1860/1383 2210/1872/1384
f 2214/1873/1385 2211/1865/1386 2215/1874/1387
f 2215/1875/1388 2212/1876/1389 2216/1877/1390
f 2213/1878/1391 2212/1879/1392 2209/1880/1393
f 2217/1881/1394 2219/1882/1395 2220/1883/1396
f 2217/1884/1397 2214/1885/1398 2218/1886/1399
f 2218/1887/1400 2215/1874/1401 2219/1888/1402
f 2220/1889/1403 2215/1890/1404 2216/1891/1405
f 2220/1892/1406 2213/1878/1407 2217/1893/1408
f 2224/1140/3 2223/1139/3 2221/1141/3
f 2225/1142/3 2224/1140/3 2221/1141/3
f 2226/1143/3 2225/1142/3 2221/1141/3
f 2227/1144/3 2226/1143/3 2221/1141/3
f 2228/1145/3 2227/1144/3 2221/1141/3
f 2229/1146/3 2228/1145/3 2221/1141/3
f 2230/1147/3 2229/1146/3 2221/1141/3
f 2231/1148/3 2230/1147/3 2221/1141/3
f 2232/1149/3 2231/1148/3 2221/1141/3
f 2233/1150/3 2232/1149/3 2221/1141/3
f 2222/1151/3 2233/1150/3 2221/1141/3
f 2223/1139/3 2222/1151/3 2221/1141/3
f 2235/1153/1409 2237/1152/1409 2234/1154/1409
f 2237/1155/1410 2236/1156/1410 2238/1953/1410
f 2276/1159/1411 2275/1158/1411 2273/1160/1411
f 2237/1152/1409 2239/1161/1409 2234/1154/1409
f 2239/1162/1412 2238/1163/1412 2240/1168/1412
f 2277/1165/1413 2276/1159/1411 2273/1160/1411
f 2239/1161/1409 2241/1166/1409 2234/1154/1409
f 2241/1167/1414 2240/1168/1414 2242/1172/1414
f 2278/1169/1411 2277/1165/1413 2273/1160/1411
f 2241/1166/1409 2243/1170/1415 2234/1154/1409
f 2244/1171/1416 2241/1167/1417 2242/1172/1416
f 2279/1173/1411 2278/1169/1411 2273/1160/1411
f 2243/1170/1415 2245/1174/1409 2234/1154/1409
f 2246/1176/1418 2243/1175/1418 2244/1177/1418
f 2280/1178/1411 2279/1173/1411 2273/1160/1411
f 2245/1174/1409 2247/1179/1409 2234/1154/1409
f 2248/1181/1419 2245/1180/1420 2246/1176/1421
f 2281/1182/1413 2280/1178/1411 2273/1160/1411
f 2247/1179/1409 2249/1183/1409 2234/1154/1409
f 2250/1185/1422 2247/1184/1423 2248/1181/1422
f 2282/1186/1413 2281/1182/1413 2273/1160/1411
f 2249/1183/1409 2251/1187/1409 2234/1154/1409
f 2252/1189/1424 2249/1188/1424 2250/1190/1424
f 2283/1191/1413 2282/1186/1413 2273/1160/1411
f 2251/1187/1409 2253/1192/1415 2234/1154/1409
f 2254/1194/1425 2251/1193/1425 2252/1189/1425
f 2271/1195/1411 2283/1191/1413 2273/1160/1411
f 2253/1192/1415 2255/1196/1415 2234/1154/1409
f 2255/1197/1426 2254/1194/1426 2256/1954/1426
f 2272/1199/1411 2271/1195/1411 2273/1160/1411
f 2255/1196/1415 2257/1200/1415 2234/1154/1409
f 2257/1201/1427 2256/1202/1427 2258/1205/1427
f 2274/1204/1413 2272/1199/1411 2273/1160/1411
f 2257/1200/1415 2235/1153/1409 2234/1154/1409
f 2235/1157/1428 2258/1205/1429 2236/1156/1430
f 2275/1158/1411 2274/1204/1413 2273/1160/1411
f 2254/1207/1431 2260/1206/1431 2256/1208/1431
f 2256/1210/1432 2261/1209/1432 2258/1205/1432
f 2258/1205/1429 2262/1211/1433 2236/1156/1430
f 2236/1213/1434 2263/1212/1435 2238/1214/1434
f 2238/1216/1436 2264/1215/1436 2240/1217/1436
f 2264/1215/1437 2242/1172/1437 2240/1168/1437
f 2265/1218/1438 2244/1219/1438 2242/1955/1438
f 2266/1221/1439 2246/1222/1439 2244/1956/1439
f 2267/1223/1440 2248/1181/1419 2246/1176/1421
f 2268/1224/1441 2250/1225/1441 2248/1181/1441
f 2269/1227/1442 2252/1228/1442 2250/1957/1442
f 2270/1229/1443 2254/1194/1443 2252/1189/1443
f 2259/1232/1444 2272/1231/1445 2260/1233/1444
f 2260/1235/1446 2274/1234/1446 2261/1236/1446
f 2261/1209/1433 2275/1237/1433 2262/1211/1433
f 2262/1239/1447 2276/1238/1448 2263/1240/1447
f 2263/1242/1449 2277/1241/1449 2264/1243/1449
f 2264/1215/1450 2278/1244/1450 2265/1218/1450
f 2278/1244/1451 2266/1245/1452 2265/1958/1452
f 2279/1247/1453 2267/1248/1453 2266/1959/1453
f 2280/1249/1454 2268/1224/1455 2267/1223/1440
f 2281/1250/1456 2269/1251/1456 2268/1960/1456
f 2282/1253/1457 2270/1254/1457 2269/1961/1457
f 2270/1229/1458 2271/1256/1458 2259/1230/1459
f 2319/1258/1460 2320/1257/1460 2310/1259/1460
f 2318/1260/1460 2319/1258/1460 2310/1259/1460
f 2317/1261/1460 2318/1260/1460 2310/1259/1460
f 2316/1262/1460 2317/1261/1460 2310/1259/1460
f 2308/1263/1460 2316/1262/1460 2310/1259/1460
f 2309/1264/1460 2308/1263/1460 2310/1259/1460
f 2315/1265/1460 2309/1264/1460 2310/1259/1460
f 2314/1266/1460 2315/1265/1460 2310/1259/1460
f 2313/1267/1460 2314/1266/1460 2310/1259/1460
f 2311/1268/1460 2313/1267/1460 2310/1259/1460
f 2312/1269/1460 2311/1268/1460 2310/1259/1460
f 2320/1257/1460 2312/1269/1460 2310/1259/1460
f 2296/1270/1461 2295/1271/1462 2294/1962/1463
f 2297/1272/1464 2284/1273/1433 2295/1344/1433
f 2298/1274/1465 2285/1275/1465 2284/1963/1465
f 2299/1277/1466 2286/1278/1467 2285/1964/1467
f 2286/1278/1468 2301/1280/1468 2287/1281/1468
f 2287/1281/1469 2302/1282/1470 2288/1283/1469
f 2288/1285/1471 2303/1284/1472 2289/1286/1473
f 2289/1288/1455 2304/1287/1455 2290/1289/1455
f 2290/1291/1474 2305/1290/1474 2291/1292/1474
f 2291/1294/1475 2306/1293/1476 2292/1295/1475
f 2306/1293/1477 2293/1296/1477 2292/1295/1477
f 2307/1297/1478 2294/1298/1478 2293/1296/1478
f 2303/1284/1455 2309/1300/1479 2304/1287/1455
f 2311/1301/1480 2297/1302/1480 2296/1965/1480
f 2313/1304/1481 2296/1305/1481 2307/1966/1481
f 2314/1307/1482 2307/1297/1482 2306/1293/1482
f 2305/1308/1483 2314/1307/1483 2306/1309/1483
f 2304/1311/1484 2315/1310/1485 2305/1312/1484
f 2302/1314/1486 2308/1313/1486 2303/1315/1486
f 2301/1317/1487 2316/1316/1487 2302/1318/1487
f 2300/1279/1488 2317/1319/1489 2301/1280/1488
f 2319/1320/1490 2300/1321/1490 2299/1967/1491
f 2320/1323/1492 2299/1324/1492 2298/1968/1492
f 2312/1303/1433 2298/1274/1464 2297/1272/1464
f 2285/1327/1493 2321/1326/1494 2284/1273/1493
f 2286/1278/1495 2322/1328/1495 2285/1329/1495
f 2286/1278/1496 2324/1330/1496 2323/1331/1496
f 2287/1281/1497 2325/1332/1497 2324/1330/1497
f 2288/1334/1471 2326/1333/1498 2325/1335/1498
f 2289/1288/1499 2327/1336/1499 2326/1333/1499
f 2290/1289/1500 2328/1337/1500 2327/1336/1500
f 2292/1295/1501 2328/1338/1501 2291/1339/1501
f 2293/1296/1502 2329/1340/1502 2292/1295/1502
f 2294/1342/1503 2330/1341/1503 2293/1296/1503
f 2295/1344/1462 2331/1343/1504 2294/1345/1463
f 2284/1273/1505 2332/1346/1505 2295/1344/1505
f 2335/1348/4 2337/1347/4 2333/1349/4
f 2372/1350/713 2374/1351/713 2373/1969/713
f 2338/1354/3 2336/1353/3 2334/1355/3
f 2337/1347/4 2339/1356/4 2333/1349/4
f 2339/1357/714 2338/1358/714 2340/1970/714
f 2340/1360/3 2338/1354/3 2334/1355/3
f 2339/1356/4 2341/1361/4 2333/1349/4
f 2368/1362/715 2370/1363/715 2369/1971/715
f 2342/1365/3 2340/1360/3 2334/1355/3
f 2341/1361/4 2343/1366/4 2333/1349/4
f 2343/1367/716 2342/1368/716 2344/1972/716
f 2344/1370/3 2342/1365/3 2334/1355/3
f 2343/1366/4 2345/1371/4 2333/1349/4
f 2364/1372/717 2366/1373/717 2365/1973/717
f 2346/1375/3 2344/1370/3 2334/1355/3
f 2345/1371/4 2347/1376/4 2333/1349/4
f 2347/1377/718 2346/1378/718 2348/1974/718
f 2348/1380/3 2346/1375/3 2334/1355/3
f 2347/1376/4 2349/1381/4 2333/1349/4
f 2360/1382/707 2362/1383/707 2361/1975/707
f 2350/1385/3 2348/1380/3 2334/1355/3
f 2349/1381/4 2351/1386/4 2333/1349/4
f 2351/1387/708 2350/1388/708 2352/1976/708
f 2352/1390/3 2350/1385/3 2334/1355/3
f 2351/1386/4 2353/1391/4 2333/1349/4
f 2380/1392/709 2382/1393/709 2381/1977/709
f 2354/1395/3 2352/1390/3 2334/1355/3
f 2353/1391/4 2355/1396/4 2333/1349/4
f 2355/1397/710 2354/1398/710 2356/1978/710
f 2356/1400/3 2354/1395/3 2334/1355/3
f 2355/1396/4 2357/1401/4 2333/1349/4
f 2376/1402/711 2378/1403/711 2377/1979/711
f 2358/1405/3 2356/1400/3 2334/1355/3
f 2357/1401/4 2335/1348/4 2333/1349/4
f 2335/1406/712 2358/1407/712 2336/1980/712
f 2336/1353/3 2358/1405/3 2334/1355/3
f 2359/1409/4 2349/1381/4 2347/1376/4
f 2360/1411/710 2350/1412/710 2349/1981/710
f 2350/1385/3 2362/1414/3 2348/1380/3
f 2362/1415/716 2347/1416/716 2348/1982/716
f 2343/1366/4 2364/1418/4 2345/1371/4
f 2364/1419/708 2346/1420/708 2345/1983/708
f 2365/1422/3 2344/1370/3 2346/1375/3
f 2366/1424/714 2343/1425/714 2344/1984/714
f 2367/1427/4 2341/1361/4 2339/1356/4
f 2368/1429/718 2342/1430/718 2341/1985/718
f 2342/1365/3 2370/1432/3 2340/1360/3
f 2370/1433/712 2339/1434/712 2340/1986/712
f 2371/1436/4 2337/1347/4 2335/1348/4
f 2372/1438/716 2338/1439/716 2337/1987/716
f 2338/1354/3 2374/1441/3 2336/1353/3
f 2374/1442/710 2335/1443/710 2336/1988/710
f 2355/1396/4 2376/1445/4 2357/1401/4
f 2376/1446/714 2358/1447/714 2357/1989/714
f 2377/1449/3 2356/1400/3 2358/1405/3
f 2378/1451/708 2355/1452/708 2356/1990/708
f 2379/1454/4 2353/1391/4 2351/1386/4
f 2380/1456/712 2354/1457/712 2353/1991/712
f 2354/1395/3 2382/1459/3 2352/1390/3
f 2382/1460/718 2351/1461/718 2352/1992/718
f 2385/1464/1506 2387/1463/1506 2383/1465/1506
f 2387/1466/1507 2386/1467/1507 2388/1993/1507
f 2388/1470/1508 2386/1469/1508 2384/1471/1508
f 2387/1463/1506 2389/1472/1506 2383/1465/1506
f 2389/1473/1509 2388/1474/1509 2390/1479/1509
f 2390/1476/1508 2388/1470/1508 2384/1471/1508
f 2389/1472/1506 2391/1477/1506 2383/1465/1506
f 2391/1478/1510 2390/1479/1510 2392/1483/1510
f 2392/1480/1508 2390/1476/1508 2384/1471/1508
f 2391/1477/1506 2393/1481/1506 2383/1465/1506
f 2394/1482/1511 2391/1478/1511 2392/1483/1511
f 2394/1484/1508 2392/1480/1508 2384/1471/1508
f 2393/1481/1506 2395/1485/1506 2383/1465/1506
f 2395/1486/1512 2394/1487/1512 2396/1492/1512
f 2396/1489/1508 2394/1484/1508 2384/1471/1508
f 2395/1485/1506 2397/1490/1506 2383/1465/1506
f 2398/1491/1513 2395/1486/1513 2396/1492/1513
f 2398/1493/1508 2396/1489/1508 2384/1471/1508
f 2397/1490/1506 2399/1494/1506 2383/1465/1506
f 2400/1994/1514 2397/1496/1514 2398/1491/1514
f 2400/1497/1508 2398/1493/1508 2384/1471/1508
f 2399/1494/1506 2401/1498/1506 2383/1465/1506
f 2402/1500/1515 2399/1499/1515 2400/1501/1515
f 2402/1502/1508 2400/1497/1508 2384/1471/1508
f 2401/1498/1506 2403/1503/1506 2383/1465/1506
f 2403/1504/1516 2402/1500/1516 2404/1509/1516
f 2404/1506/1508 2402/1502/1508 2384/1471/1508
f 2403/1503/1506 2405/1507/1506 2383/1465/1506
f 2405/1508/1517 2404/1509/1517 2406/1995/1517
f 2406/1510/1508 2404/1506/1508 2384/1471/1508
f 2405/1507/1506 2407/1511/1506 2383/1465/1506
f 2408/1513/1518 2405/1512/1518 2406/1514/1518
f 2408/1515/1508 2406/1510/1508 2384/1471/1508
f 2407/1511/1506 2385/1464/1506 2383/1465/1506
f 2385/1468/1519 2408/1513/1519 2386/1467/1519
f 2386/1469/1508 2408/1515/1508 2384/1471/1508
f 2416/1518/1520 2411/1517/1520 2410/1519/1520
f 2412/1520/1521 2416/1518/1521 2417/1535/1521
f 2413/1521/1522 2417/1522/1522 2418/1996/1522
f 2419/1525/1523 2413/1524/1523 2418/1526/1523
f 2420/1528/1524 2414/1527/1525 2419/1529/1525
f 2415/1530/1526 2420/1528/1526 2409/1531/1526
f 2421/1533/1527 2416/1532/1527 2410/1534/1527
f 2417/1535/1528 2421/1533/1528 2422/1997/1528
f 2418/1536/1529 2422/1537/1529 2423/1550/1529
f 2424/1540/1530 2418/1539/1530 2423/1541/1531
f 2425/1543/1532 2419/1542/1532 2424/1544/1532
f 2420/1528/1533 2425/1543/1533 2409/1545/1533
f 2426/1547/1534 2421/1546/1534 2410/1548/1534
f 2427/1549/1535 2421/1546/1535 2426/1547/1535
f 2428/1998/1536 2422/1552/1536 2427/1551/1536
f 2429/1554/1537 2423/1553/1537 2428/1555/1537
f 2425/1543/1538 2429/1556/1538 2430/1558/1538
f 2425/1543/1539 2430/1558/1539 2409/1559/1539
f 2431/1561/1540 2426/1560/1540 2410/1562/1540
f 2432/1563/1541 2426/1560/1541 2431/1561/1542
f 2433/1565/1543 2427/1564/1544 2432/1566/1543
f 2429/1554/1545 2433/1567/1545 2434/1999/1545
f 2430/1558/1546 2434/1569/1546 2435/1571/1546
f 2430/1558/1547 2435/1571/1547 2409/1572/1547
f 2436/1574/1548 2431/1573/1548 2410/1575/1548
f 2437/1577/1549 2431/1576/1549 2436/1578/1549
f 2438/1580/1550 2432/1579/1550 2437/1577/1550
f 2434/1581/1551 2438/1582/1552 2439/1585/1553
f 2435/1584/1554 2439/1585/1554 2440/2000/1555
f 2435/1571/1556 2440/1586/1556 2409/1587/1556
f 2441/1588/1557 2436/1574/1557 2410/1589/1557
f 2442/1591/1558 2436/1590/1558 2441/1592/1559
f 2443/1594/1560 2437/1593/1560 2442/1595/1560
f 2444/1597/1561 2438/1596/1561 2443/1598/1561
f 2445/1600/1562 2439/1599/1563 2444/1601/1563
f 2440/1586/1564 2445/1602/1564 2409/1603/1564
f 2446/1604/1565 2441/1588/1565 2410/1605/1565
f 2442/1591/1566 2446/1606/1567 2447/1608/1566
f 2443/1594/1568 2447/1608/1568 2448/2001/1568
f 2449/1610/1569 2443/1609/1569 2448/1611/1569
f 2450/1612/1570 2444/1597/1570 2449/1610/1571
f 2445/1602/1572 2450/1613/1572 2409/1614/1572
f 2451/1615/1573 2446/1604/1573 2410/1616/1573
f 2447/1617/1574 2451/1615/1574 2452/2002/1574
f 2448/1618/1575 2452/1619/1576 2453/2003/1576
f 2454/1622/1577 2448/1621/1577 2453/1623/1577
f 2455/1625/1578 2449/1624/1578 2454/1626/1578
f 2450/1627/1579 2455/1625/1579 2409/1628/1579
f 2456/1629/1580 2451/1615/1580 2410/1630/1580
f 2452/1631/1581 2456/1629/1581 2457/2004/1581
f 2458/1633/1582 2452/1632/1582 2457/1634/1582
f 2459/1636/1583 2453/1635/1583 2458/1637/1583
f 2455/1625/1584 2459/1638/1584 2460/1640/1584
f 2455/1625/1585 2460/1640/1585 2409/1641/1585
f 2461/1642/1586 2456/1629/1586 2410/1643/1586
f 2462/1644/1587 2456/1629/1587 2461/1642/1587
f 2463/1646/1588 2457/1645/1588 2462/1647/1588
f 2459/1636/1589 2463/1648/1589 2464/2005/1589
f 2460/1640/1590 2464/1650/1590 2465/1652/1591
f 2460/1640/1592 2465/1652/1592 2409/1653/1592
f 2466/1654/1593 2461/1642/1593 2410/1655/1593
f 2467/1656/1594 2461/1642/1594 2466/1654/1595
f 2468/1658/1596 2462/1657/1597 2467/1659/1598
f 2464/1660/1599 2468/1661/1599 2469/1672/1599
f 2465/1652/1600 2469/1663/1600 2470/1665/1601
f 2465/1652/1602 2470/1665/1602 2409/1666/1602
f 2411/1667/1603 2466/1654/1603 2410/1668/1603
f 2467/1669/1604 2411/1667/1604 2412/1520/1604
f 2468/1658/1605 2412/1670/1605 2413/1521/1606
f 2469/1672/1607 2413/1673/1607 2414/2006/1607
f 2415/1530/1608 2469/1675/1609 2414/1676/1609
f 2470/1665/1610 2415/1530/1610 2409/1677/1610
f 2473/1679/1611 2475/1678/1611 2471/1680/1611
f 2476/1682/1612 2474/1681/1612 2472/1683/1612
f 2475/1678/1613 2477/1684/1613 2471/1680/1613
f 2478/1686/1614 2475/1685/1614 2476/1687/1614
f 2478/1688/1615 2476/1682/1615 2472/1689/1615
f 2477/1684/1616 2479/1690/1616 2471/1691/1616
f 2480/1693/1617 2477/1692/1618 2478/1694/1619
f 2480/1695/1620 2478/1688/1620 2472/1696/1620
f 2479/1690/1621 2481/1697/1621 2471/1698/1621
f 2482/1700/1622 2479/1699/1622 2480/1693/1622
f 2482/1701/1623 2480/1695/1623 2472/1702/1623
f 2481/1697/1624 2483/1703/1624 2471/1704/1624
f 2483/1705/1625 2482/1706/1625 2484/2007/1625
f 2484/1708/1626 2482/1701/1626 2472/1709/1626
f 2483/1703/1627 2485/1710/1627 2471/1711/1627
f 2485/1712/1628 2484/1713/1628 2486/2008/1628
f 2486/1715/1629 2484/1708/1629 2472/1709/1629
f 2485/1710/1630 2487/1716/1630 2471/1717/1630
f 2487/1718/1631 2486/1719/1631 2488/2009/1631
f 2488/1720/1632 2486/1715/1632 2472/1721/1632
f 2487/1716/1633 2489/1722/1633 2471/1723/1633
f 2489/1724/1634 2488/1725/1635 2490/2010/1636
f 2490/1727/1637 2488/1720/1637 2472/1721/1637
f 2489/1722/1638 2491/1728/1638 2471/1729/1638
f 2507/1731/1639 2505/1730/1639 2508/1732/1640
f 2492/1733/1641 2490/1727/1641 2472/1734/1641
f 2491/1728/1642 2493/1735/1642 2471/1736/1642
f 2494/1738/1643 2491/1737/1644 2492/1739/1645
f 2494/1740/1646 2492/1733/1646 2472/1734/1646
f 2493/1742/1647 2495/1741/1647 2471/1743/1647
f 2523/1745/1648 2521/1744/1649 2524/1746/1650
f 2496/1747/1651 2494/1740/1651 2472/1734/1651
f 2495/1748/1652 2473/1679/1652 2471/1749/1652
f 2534/1750/1653 2536/1751/1654 2535/2011/1655
f 2474/1681/1656 2496/1753/1656 2472/1754/1656
f 2497/1755/1657 2491/1756/1658 2489/2012/1659
f 2498/1758/1660 2492/1759/1661 2491/2013/1662
f 2492/1733/1663 2500/1761/1663 2490/1727/1663
f 2490/1763/1664 2497/1762/1664 2489/1764/1664
f 2501/2014/1665 2498/1757/1665 2497/1755/1665
f 2502/1766/1666 2499/1767/1667 2498/1758/1668
f 2503/1769/1669 2500/1770/1669 2499/2015/1669
f 2500/1773/1670 2501/1772/1671 2497/1774/1672
f 2501/1776/1673 2506/1775/1673 2502/1777/1673
f 2506/1778/1674 2503/1779/1674 2502/1766/1674
f 2507/1781/1675 2504/1782/1675 2503/2016/1675
f 2504/1785/1676 2505/1784/1677 2501/1786/1676
f 2493/1788/1678 2510/1787/1679 2495/1741/1680
f 2495/1790/1681 2511/1789/1682 2496/1791/1683
f 2511/1792/1684 2494/1740/1685 2496/2017/1686
f 2512/1794/1687 2493/1795/1688 2494/2018/1689
f 2509/1798/1690 2514/1797/1691 2510/1799/1692
f 2514/1800/1693 2511/1801/1694 2510/2019/1695
f 2515/1803/1696 2512/1804/1697 2511/2020/1698
f 2512/1807/1699 2513/1806/1700 2509/1796/1701
f 2513/1809/1702 2518/1808/1703 2514/1810/1704
f 2518/1811/1705 2515/1812/1706 2514/1800/1707
f 2515/1815/1708 2520/1814/1709 2516/1816/1710
f 2516/1818/1711 2517/1817/1712 2513/1806/1713
f 2521/1819/1714 2518/1808/1715 2517/2021/1716
f 2518/1822/1717 2523/1821/1718 2519/1813/1719
f 2519/1824/1720 2524/1823/1721 2520/1814/1722
f 2520/1826/1723 2521/1825/1724 2517/1817/1725
f 2525/1827/1726 2473/1679/1727 2495/2022/1728
f 2473/1830/1729 2527/1829/1730 2474/1831/1731
f 2527/1832/1732 2496/1753/1733 2474/1681/1734
f 2528/1834/1735 2495/1835/1736 2496/2023/1737
f 2529/1837/1738 2526/1838/1739 2525/2024/1740
f 2526/1841/1741 2531/1840/1742 2527/1842/1743
f 2527/1844/1744 2532/1843/1745 2528/1845/1746
f 2532/1846/1747 2525/1847/1748 2528/1834/1749
f 2533/1849/1750 2530/1850/1751 2529/2025/1752
f 2534/1852/1753 2531/1840/1754 2530/2026/1755
f 2531/1855/1756 2536/1854/1757 2532/1856/1758
f 2532/1858/1759 2533/1857/1760 2529/1859/1761
f 2537/1860/1762 2475/1861/1763 2473/2027/1764
f 2538/1863/1765 2476/1864/1766 2475/1685/1767
f 2539/1866/1768 2474/1681/1769 2476/2028/1770
f 2474/1869/1771 2537/1868/1772 2473/1870/1773
f 2537/1860/1774 2542/1871/1775 2538/1872/1776
f 2542/1873/1777 2539/1865/1778 2538/2029/1779
f 2543/1875/1780 2540/1876/1781 2539/2030/1782
f 2540/1879/1783 2541/1878/1784 2537/1880/1785
f 2547/1882/1786 2545/1881/1787 2548/1883/1788
f 2545/1884/1789 2542/1885/1790 2541/2031/1791
f 2546/1887/1792 2543/1874/1793 2542/2032/1794
f 2543/1890/1795 2548/1889/1796 2544/1891/1797
f 2548/1892/1798 2541/1878/1799 2544/2033/1800
f 2/1/1 3/2034/1 4/2/1
f 6/4/2 7/2035/2 8/5/2
f 2/7/3 1/2036/3 7/8/3
f 3/10/4 5/2037/4 8/11/4
f 2/13/5 6/2038/5 5/14/5
f 1/16/6 4/2039/6 8/17/6
f 10/19/1 11/2040/1 12/20/1
f 14/22/2 15/2041/2 16/23/2
f 10/25/3 9/2042/3 15/26/3
f 11/28/4 13/43/4 16/29/4
f 10/31/5 14/2043/5 13/32/5
f 9/34/6 12/2044/6 16/35/6
f 18/37/1 19/2045/1 20/38/1
f 22/40/2 23/2046/2 24/41/2
f 18/30/3 17/28/3 23/43/3
f 19/44/4 21/2047/4 24/45/4
f 18/47/5 22/2048/5 21/48/5
f 17/50/6 20/2049/6 24/51/6
f 26/53/1 27/2050/1 28/54/1
f 30/56/2 31/2051/2 32/57/2
f 26/59/3 25/2052/3 31/60/3
f 27/62/4 29/2053/4 32/63/4
f 26/65/5 30/2054/5 29/66/5
f 25/68/6 28/2055/6 32/69/6
f 34/71/1 35/2056/1 36/72/1
f 38/74/2 39/2057/2 40/75/2
f 34/77/3 33/2058/3 39/78/3
f 35/80/4 37/2059/4 40/81/4
f 34/83/5 38/2060/5 37/84/5
f 33/86/6 36/2061/6 40/87/6
f 42/89/1 43/2062/1 44/90/1
f 46/92/2 47/2063/2 48/93/2
f 42/95/3 41/2064/3 47/96/3
f 43/98/4 45/2065/4 48/99/4
f 42/101/5 46/2066/5 45/102/5
f 41/104/6 44/2067/6 48/105/6
f 50/107/1 51/2068/1 52/108/1
f 54/110/2 55/2069/2 56/111/2
f 50/113/3 49/2070/3 55/114/3
f 51/116/4 53/2071/4 56/117/4
f 50/119/5 54/2072/5 53/120/5
f 49/122/6 52/2073/6 56/123/6
f 58/125/5 59/2074/5 60/126/5
f 62/128/6 63/2075/6 64/129/6
f 58/131/3 57/2076/3 63/132/3
f 59/134/4 61/2077/4 64/135/4
f 58/137/2 62/2078/2 61/138/2
f 57/140/1 60/2079/1 64/141/1
f 66/143/5 67/2080/5 68/144/5
f 70/146/6 71/2081/6 72/147/6
f 66/149/3 65/2082/3 71/150/3
f 67/152/4 69/2083/4 72/153/4
f 66/155/2 70/2084/2 69/156/2
f 65/158/1 68/2085/1 72/159/1
f 74/161/5 75/2086/5 76/162/5
f 78/164/6 79/2087/6 80/165/6
f 74/167/3 73/2088/3 79/168/3
f 75/170/4 77/2089/4 80/171/4
f 74/173/2 78/2090/2 77/174/2
f 73/176/1 76/2091/1 80/177/1
f 82/179/2 83/2092/2 84/180/2
f 86/182/1 87/2093/1 88/183/1
f 82/185/3 81/2094/3 87/186/3
f 83/188/4 85/2095/4 88/189/4
f 82/191/6 86/2096/6 85/192/6
f 81/194/5 84/2097/5 88/195/5
f 90/197/2 91/2098/2 92/198/2
f 94/200/1 95/2099/1 96/201/1
f 90/203/3 89/2100/3 95/204/3
f 91/206/4 93/2101/4 96/207/4
f 90/209/6 94/2102/6 93/210/6
f 89/212/5 92/2103/5 96/213/5
f 98/215/2 99/2104/2 100/216/2
f 102/218/1 103/2105/1 104/219/1
f 98/221/3 97/2106/3 103/222/3
f 99/224/4 101/2107/4 104/225/4
f 98/227/6 102/2108/6 101/228/6
f 97/230/5 100/2109/5 104/231/5
f 106/233/6 107/2110/6 108/234/6
f 110/236/3 106/2111/3 105/237/3
f 111/239/4 112/2112/4 108/240/4
f 110/242/1 111/2113/1 107/243/1
f 109/245/2 105/2114/2 108/246/2
f 114/248/2 115/2115/2 116/249/2
f 118/251/1 119/2116/1 120/252/1
f 114/254/3 113/2117/3 119/255/3
f 115/257/4 117/2118/4 120/258/4
f 114/260/6 118/2119/6 117/261/6
f 113/263/5 116/2120/5 120/264/5
f 122/266/5 123/2121/5 124/267/5
f 126/269/6 127/2122/6 128/270/6
f 122/272/3 121/2123/3 127/273/3
f 123/275/4 125/2124/4 128/276/4
f 122/278/2 126/2125/2 125/279/2
f 121/281/1 124/2126/1 128/282/1
f 129/287/7 132/2127/7 133/288/7
f 135/287/1 136/2127/1 132/288/1
f 137/287/8 138/2127/8 136/288/8
f 139/287/6 140/2127/6 138/288/6
f 141/287/9 142/2127/9 140/288/9
f 143/287/2 144/2127/2 142/288/2
f 145/287/10 146/2127/10 144/288/10
f 130/287/5 133/2127/5 146/288/5
f 147/287/7 150/2127/7 151/288/7
f 153/287/1 154/2127/1 150/288/1
f 155/287/8 156/2127/8 154/288/8
f 157/287/6 158/2127/6 156/288/6
f 159/287/9 160/2127/9 158/288/9
f 161/287/2 162/2127/2 160/288/2
f 163/287/10 164/2127/10 162/288/10
f 148/287/5 151/2127/5 164/288/5
f 165/326/11 168/2128/11 169/327/11
f 171/333/12 172/2129/12 168/334/12
f 173/339/13 174/2130/13 172/340/13
f 175/345/14 176/2131/14 174/346/14
f 177/351/15 178/2132/15 176/352/15
f 179/357/16 180/2133/16 178/358/16
f 181/363/17 182/2134/17 180/364/17
f 166/368/18 169/2135/18 182/369/18
f 184/373/19 185/2136/19 186/374/19
f 188/376/20 189/2137/20 190/377/20
f 184/379/3 183/2138/3 189/380/3
f 185/382/4 187/2139/4 190/383/4
f 184/385/5 188/2140/5 187/386/5
f 183/388/6 186/2141/6 190/389/6
f 192/391/21 193/2142/21 194/392/21
f 196/394/22 197/2143/22 198/395/22
f 196/397/3 192/2144/3 191/398/3
f 194/400/4 193/2145/4 195/401/4
f 192/403/5 196/2146/5 195/404/5
f 191/406/6 194/2147/6 198/407/6
f 200/409/1 201/2148/1 202/410/1
f 200/412/3 199/2149/3 204/413/3
f 201/415/4 205/2150/4 206/416/4
f 200/418/5 203/2151/5 205/419/5
f 199/421/6 202/2152/6 206/422/6
f 208/424/2 209/2153/2 210/425/2
f 211/427/3 212/2154/3 209/428/3
f 214/430/4 207/2155/4 210/431/4
f 211/433/5 208/2156/5 207/434/5
f 212/436/6 213/2157/6 210/437/6
f 216/439/1 217/2158/1 218/440/1
f 220/442/2 221/2159/2 222/443/2
f 216/445/3 215/2160/3 221/446/3
f 217/448/4 219/2161/4 222/449/4
f 216/451/5 220/2162/5 219/452/5
f 215/454/6 218/2163/6 222/455/6
f 224/457/1 225/2164/1 226/458/1
f 228/460/2 229/2165/2 230/461/2
f 224/463/3 223/2166/3 229/464/3
f 225/466/4 227/2167/4 230/467/4
f 224/469/5 228/2168/5 227/470/5
f 223/472/6 226/2169/6 230/473/6
f 232/475/3 233/2170/3 234/476/3
f 236/478/4 237/2171/4 238/479/4
f 232/481/2 231/2172/2 237/482/2
f 233/484/1 235/2173/1 238/485/1
f 232/487/5 236/2174/5 235/488/5
f 231/490/6 234/2175/6 238/491/6
f 240/493/3 241/2176/3 242/494/3
f 244/496/4 245/2177/4 246/497/4
f 240/499/2 239/2178/2 245/500/2
f 241/502/1 243/2179/1 246/503/1
f 240/505/5 244/2180/5 243/506/5
f 239/508/6 242/2181/6 246/509/6
f 248/511/2 249/2182/2 250/512/2
f 252/514/4 247/2183/4 250/515/4
f 256/523/23 257/2184/23 258/524/23
f 260/526/1 261/2185/1 262/527/1
f 263/529/4 264/2186/4 262/530/4
f 268/538/24 269/2187/24 270/539/24
f 272/541/3 273/2188/3 274/542/3
f 275/544/1 276/2189/1 274/545/1
f 280/553/25 281/2190/25 282/554/25
f 284/556/3 285/2191/3 286/557/3
f 288/559/2 283/2192/2 286/560/2
f 292/568/26 293/2193/26 294/569/26
f 296/571/1 297/2194/1 298/572/1
f 300/574/2 301/2195/2 302/575/2
f 296/577/3 295/2196/3 301/578/3
f 297/580/4 299/2197/4 302/581/4
f 296/583/5 300/2198/5 299/584/5
f 295/586/6 298/2199/6 302/587/6
f 304/589/1 305/2200/1 306/590/1
f 304/592/24 303/2201/24 308/593/24
f 305/595/4 307/2202/4 308/596/4
f 310/604/3 311/2203/3 312/605/3
f 310/607/25 309/2204/25 314/608/25
f 311/610/1 313/2205/1 314/611/1
f 316/619/3 317/2206/3 318/620/3
f 316/622/26 319/2207/26 320/623/26
f 315/625/2 318/2208/2 320/626/2
f 322/634/2 323/2209/2 324/635/2
f 322/637/23 325/2210/23 326/638/23
f 321/640/4 324/2211/4 326/641/4
f 328/649/1 329/2212/1 330/650/1
f 332/652/2 333/2213/2 334/653/2
f 328/655/3 332/2214/3 331/656/3
f 327/658/4 330/2215/4 334/659/4
f 328/661/6 327/2216/6 333/662/6
f 329/664/5 331/2217/5 334/665/5
f 336/667/2 337/2218/2 338/668/2
f 340/670/1 341/2219/1 342/671/1
f 336/673/3 335/2220/3 341/674/3
f 337/676/4 339/2221/4 342/677/4
f 336/679/6 340/2222/6 339/680/6
f 335/682/5 338/2223/5 342/683/5
f 347/688/27 345/693/27 346/689/27
f 349/693/28 347/695/28 348/694/28
f 351/695/8 349/697/8 350/696/8
f 353/697/29 351/699/29 352/698/29
f 355/699/30 353/1948/30 354/700/30
f 358/700/31 357/1948/31 355/701/31
f 360/702/32 359/701/33 357/703/33
f 362/704/34 361/703/34 359/705/34
f 364/706/10 363/705/10 361/707/10
f 366/708/35 365/707/35 363/709/35
f 368/710/36 367/709/36 365/711/36
f 345/711/37 367/1949/37 368/713/37
f 373/714/38 371/717/38 372/715/38
f 375/717/39 373/719/39 374/718/39
f 377/719/8 375/721/8 376/720/8
f 379/721/40 377/723/40 378/722/40
f 381/723/41 379/725/41 380/724/41
f 383/725/7 381/727/7 382/726/7
f 385/727/42 383/729/42 384/728/42
f 387/729/43 385/962/43 386/730/43
f 389/731/10 387/734/10 388/732/10
f 391/734/44 389/736/44 390/735/44
f 393/736/45 391/738/45 392/737/45
f 371/738/9 393/714/9 394/716/9
f 399/739/41 400/749/41 396/288/41
f 402/687/45 401/692/45 397/740/45
f 401/742/4 399/766/4 395/743/4
f 396/745/3 400/753/3 402/746/3
f 403/748/40 404/756/40 400/749/40
f 406/687/44 405/692/44 401/740/44
f 401/750/4 405/2224/4 403/751/4
f 404/753/3 406/811/3 402/754/3
f 407/755/8 408/762/8 404/756/8
f 410/687/10 409/692/10 405/740/10
f 409/757/4 407/760/4 403/758/4
f 408/758/3 410/759/3 406/757/3
f 411/761/39 412/770/39 408/762/39
f 414/687/43 413/692/43 409/740/43
f 413/763/4 411/745/4 407/764/4
f 408/766/3 412/752/3 414/767/3
f 415/769/38 416/773/38 412/770/38
f 418/687/42 417/692/42 413/740/42
f 413/746/4 417/2225/4 415/771/4
f 416/752/3 418/812/3 414/742/3
f 419/772/9 420/780/9 416/773/9
f 422/687/7 421/692/7 417/740/7
f 421/774/4 419/771/4 415/775/4
f 420/687/3 422/810/3 418/777/3
f 423/779/45 424/788/45 420/780/45
f 426/687/41 425/692/41 421/740/41
f 425/781/4 423/687/4 419/782/4
f 420/784/3 424/687/3 426/785/3
f 427/787/44 428/794/44 424/788/44
f 430/687/40 429/692/40 425/740/40
f 425/789/4 429/2226/4 427/790/4
f 428/687/3 430/813/3 426/792/3
f 431/793/10 432/799/10 428/794/10
f 434/687/8 433/692/8 429/740/8
f 433/795/4 431/687/4 427/796/4
f 432/796/3 434/797/3 430/795/3
f 435/798/43 436/804/43 432/799/43
f 438/687/39 437/692/39 433/740/39
f 437/792/4 435/784/4 431/800/4
f 432/687/3 436/791/3 438/789/3
f 439/803/42 440/809/42 436/804/42
f 442/687/38 441/692/38 437/740/38
f 437/805/4 441/2227/4 439/806/4
f 440/791/3 442/814/3 438/807/3
f 395/808/7 396/815/7 440/809/7
f 398/687/9 397/692/9 441/740/9
f 397/777/4 395/778/4 439/687/4
f 396/775/3 398/776/3 442/774/3
f 447/739/42 443/289/42 444/288/42
f 450/687/38 446/741/38 445/740/38
f 449/742/4 445/744/4 443/743/4
f 450/746/3 448/753/3 444/745/3
f 451/748/43 447/739/43 448/749/43
f 454/687/39 450/741/39 449/740/39
f 451/751/4 453/2224/4 449/750/4
f 452/753/3 448/745/3 450/754/3
f 455/755/10 451/748/10 452/756/10
f 458/687/8 454/741/8 453/740/8
f 457/757/4 453/759/4 451/758/4
f 458/759/3 456/758/3 452/760/3
f 459/761/44 455/755/44 456/762/44
f 462/687/40 458/741/40 457/740/40
f 461/763/4 457/765/4 455/764/4
f 462/767/3 460/752/3 456/766/3
f 463/769/45 459/761/45 460/770/45
f 466/687/41 462/741/41 461/740/41
f 463/771/4 465/2225/4 461/746/4
f 464/752/3 460/766/3 462/742/3
f 467/772/9 463/769/9 464/773/9
f 470/687/7 466/741/7 465/740/7
f 469/774/4 465/776/4 463/775/4
f 470/810/3 468/687/3 464/778/3
f 471/779/38 467/772/38 468/780/38
f 474/687/42 470/741/42 469/740/42
f 473/781/4 469/783/4 467/782/4
f 474/785/3 472/687/3 468/784/3
f 475/787/39 471/779/39 472/788/39
f 478/687/43 474/741/43 473/740/43
f 475/790/4 477/2226/4 473/789/4
f 476/687/3 472/784/3 474/792/3
f 479/793/8 475/787/8 476/794/8
f 482/687/10 478/741/10 477/740/10
f 481/795/4 477/797/4 475/796/4
f 482/797/3 480/796/3 476/687/3
f 483/798/40 479/793/40 480/799/40
f 486/687/44 482/741/44 481/740/44
f 485/792/4 481/801/4 479/800/4
f 486/789/3 484/791/3 480/687/3
f 487/803/41 483/798/41 484/804/41
f 490/687/45 486/741/45 485/740/45
f 487/806/4 489/2227/4 485/805/4
f 488/791/3 484/687/3 486/807/3
f 443/808/7 487/803/7 488/809/7
f 446/687/9 490/741/9 489/740/9
f 445/777/4 489/810/4 487/687/4
f 446/776/3 444/775/3 488/771/3
f 495/739/45 496/749/45 492/288/45
f 498/687/41 497/692/41 493/740/41
f 497/742/4 495/766/4 491/743/4
f 492/745/3 496/753/3 498/746/3
f 499/748/44 500/756/44 496/749/44
f 502/687/40 501/692/40 497/740/40
f 497/750/4 501/2224/4 499/751/4
f 500/753/3 502/811/3 498/754/3
f 503/755/10 504/762/10 500/756/10
f 506/687/8 505/692/8 501/740/8
f 505/757/4 503/760/4 499/758/4
f 504/758/3 506/759/3 502/757/3
f 507/761/43 508/770/43 504/762/43
f 510/687/39 509/692/39 505/740/39
f 509/763/4 507/745/4 503/764/4
f 504/766/3 508/752/3 510/767/3
f 511/769/42 512/773/42 508/770/42
f 514/687/38 513/692/38 509/740/38
f 509/746/4 513/2225/4 511/771/4
f 512/752/3 514/812/3 510/742/3
f 515/772/7 516/780/7 512/773/7
f 518/687/9 517/692/9 513/740/9
f 517/774/4 515/771/4 511/775/4
f 516/687/3 518/810/3 514/777/3
f 519/779/41 520/788/41 516/780/41
f 522/687/45 521/692/45 517/740/45
f 521/781/4 519/687/4 515/782/4
f 516/784/3 520/687/3 522/785/3
f 523/787/40 524/794/40 520/788/40
f 526/687/44 525/692/44 521/740/44
f 521/789/4 525/2226/4 523/790/4
f 524/687/3 526/813/3 522/792/3
f 527/793/8 528/799/8 524/794/8
f 530/687/10 529/692/10 525/740/10
f 529/795/4 527/687/4 523/796/4
f 528/796/3 530/797/3 526/795/3
f 531/798/39 532/804/39 528/799/39
f 534/687/43 533/692/43 529/740/43
f 533/792/4 531/784/4 527/800/4
f 528/687/3 532/791/3 534/789/3
f 535/803/38 536/809/38 532/804/38
f 538/687/42 537/692/42 533/740/42
f 533/805/4 537/2227/4 535/806/4
f 536/791/3 538/814/3 534/807/3
f 491/808/9 492/815/9 536/809/9
f 494/687/7 493/692/7 537/740/7
f 493/777/4 491/778/4 535/687/4
f 492/775/3 494/776/3 538/774/3
f 543/739/38 539/289/38 540/288/38
f 546/687/42 542/741/42 541/740/42
f 545/742/4 541/744/4 539/743/4
f 546/746/3 544/753/3 540/745/3
f 547/748/39 543/739/39 544/749/39
f 550/687/43 546/741/43 545/740/43
f 547/751/4 549/2224/4 545/750/4
f 548/753/3 544/745/3 546/754/3
f 551/755/8 547/748/8 548/756/8
f 554/687/10 550/741/10 549/740/10
f 553/757/4 549/759/4 547/758/4
f 554/759/3 552/758/3 548/760/3
f 555/761/40 551/755/40 552/762/40
f 558/687/44 554/741/44 553/740/44
f 557/763/4 553/765/4 551/764/4
f 558/767/3 556/752/3 552/766/3
f 559/769/41 555/761/41 556/770/41
f 562/687/45 558/741/45 557/740/45
f 559/771/4 561/2225/4 557/746/4
f 560/752/3 556/766/3 558/742/3
f 563/772/7 559/769/7 560/773/7
f 566/687/9 562/741/9 561/740/9
f 565/774/4 561/776/4 559/775/4
f 566/810/3 564/687/3 560/778/3
f 567/779/42 563/772/42 564/780/42
f 570/687/38 566/741/38 565/740/38
f 569/781/4 565/783/4 563/782/4
f 570/785/3 568/687/3 564/784/3
f 571/787/43 567/779/43 568/788/43
f 574/687/39 570/741/39 569/740/39
f 571/790/4 573/2226/4 569/789/4
f 572/687/3 568/784/3 570/792/3
f 575/793/10 571/787/10 572/794/10
f 578/687/8 574/741/8 573/740/8
f 577/795/4 573/797/4 571/796/4
f 578/797/3 576/796/3 572/687/3
f 579/798/44 575/793/44 576/799/44
f 582/687/40 578/741/40 577/740/40
f 581/792/4 577/801/4 575/800/4
f 582/789/3 580/791/3 576/687/3
f 583/803/45 579/798/45 580/804/45
f 586/687/41 582/741/41 581/740/41
f 583/806/4 585/2227/4 581/805/4
f 584/791/3 580/687/3 582/807/3
f 539/808/9 583/803/9 584/809/9
f 542/687/7 586/741/7 585/740/7
f 541/777/4 585/810/4 583/687/4
f 542/776/3 540/775/3 584/771/3
f 591/816/41 592/829/41 588/817/41
f 594/819/45 593/963/45 589/820/45
f 593/822/4 591/964/4 587/823/4
f 588/825/3 592/833/3 594/826/3
f 595/828/40 596/836/40 592/829/40
f 598/819/44 597/963/44 593/820/44
f 593/830/4 597/2228/4 595/831/4
f 596/833/3 598/965/3 594/834/3
f 599/835/8 600/844/8 596/836/8
f 602/819/10 601/963/10 597/820/10
f 601/837/4 599/966/4 595/838/4
f 600/840/3 602/849/3 598/841/3
f 603/843/39 604/852/39 600/844/39
f 606/819/43 605/963/43 601/820/43
f 605/845/4 603/967/4 599/846/4
f 600/848/3 604/856/3 606/849/3
f 607/851/38 608/859/38 604/852/38
f 610/819/42 609/963/42 605/820/42
f 605/853/4 609/2229/4 607/854/4
f 608/856/3 610/968/3 606/857/3
f 611/858/9 612/867/9 608/859/9
f 614/819/7 613/963/7 609/820/7
f 613/860/4 611/969/4 607/861/4
f 612/863/3 614/970/3 610/864/3
f 615/866/45 616/875/45 612/867/45
f 618/819/41 617/963/41 613/820/41
f 617/868/4 615/26/4 611/869/4
f 612/871/3 616/863/3 618/872/3
f 619/874/44 620/881/44 616/875/44
f 622/819/40 621/963/40 617/820/40
f 617/876/4 621/2230/4 619/877/4
f 620/863/3 622/971/3 618/879/3
f 623/880/10 624/972/10 620/881/10
f 626/819/8 625/963/8 621/820/8
f 625/882/4 623/26/4 619/883/4
f 624/885/3 626/973/3 622/886/3
f 627/887/43 628/896/43 624/888/43
f 630/819/39 629/963/39 625/820/39
f 629/890/4 627/974/4 623/891/4
f 624/863/3 628/899/3 630/893/3
f 631/895/42 632/901/42 628/896/42
f 634/819/38 633/963/38 629/820/38
f 629/897/4 633/2231/4 631/898/4
f 632/899/3 634/975/3 630/900/3
f 587/818/7 588/817/7 632/901/7
f 590/819/9 589/963/9 633/820/9
f 589/902/4 587/976/4 631/26/4
f 588/904/3 590/977/3 634/905/3
f 635/910/7 638/2232/7 639/911/7
f 641/917/1 642/2233/1 638/918/1
f 643/923/8 644/2234/8 642/924/8
f 645/929/6 646/2235/6 644/930/6
f 647/935/9 648/2236/9 646/936/9
f 649/941/2 650/2237/2 648/942/2
f 651/947/10 652/2238/10 650/948/10
f 651/954/5 636/957/5 654/955/5
f 636/957/5 639/959/5 655/958/5
f 639/959/5 652/961/5 656/960/5
f 651/954/5 653/956/5 656/960/5
f 661/714/39 662/716/39 660/715/39
f 663/717/38 664/715/38 662/718/38
f 665/719/9 666/718/9 664/720/9
f 667/721/45 668/720/45 666/722/45
f 669/723/44 670/722/44 668/724/44
f 671/725/10 672/724/10 670/726/10
f 673/727/43 674/726/43 672/728/43
f 675/729/42 676/728/42 674/730/42
f 677/731/7 678/733/7 676/732/7
f 679/734/41 680/732/41 678/735/41
f 681/736/40 682/735/40 680/737/40
f 659/738/8 660/737/8 682/716/8
f 687/816/44 683/818/44 684/817/44
f 690/819/40 686/821/40 685/820/40
f 689/822/4 685/824/4 683/823/4
f 690/826/3 688/833/3 684/825/3
f 691/828/45 687/816/45 688/829/45
f 694/819/41 690/821/41 689/820/41
f 691/831/4 693/2228/4 689/830/4
f 692/833/3 688/825/3 690/834/3
f 695/835/9 691/828/9 692/836/9
f 698/819/7 694/821/7 693/820/7
f 697/837/4 693/839/4 691/838/4
f 698/849/3 696/840/3 692/842/3
f 699/843/38 695/835/38 696/844/38
f 702/819/42 698/821/42 697/820/42
f 701/845/4 697/847/4 695/846/4
f 702/849/3 700/856/3 696/848/3
f 703/851/39 699/843/39 700/852/39
f 706/819/43 702/821/43 701/820/43
f 703/854/4 705/2229/4 701/853/4
f 704/856/3 700/848/3 702/857/3
f 707/858/8 703/851/8 704/859/8
f 710/819/10 706/821/10 705/820/10
f 709/860/4 705/862/4 703/861/4
f 710/970/3 708/863/3 704/865/3
f 711/866/40 707/858/40 708/867/40
f 714/819/44 710/821/44 709/820/44
f 713/868/4 709/870/4 707/869/4
f 714/872/3 712/863/3 708/871/3
f 715/874/41 711/866/41 712/875/41
f 718/819/45 714/821/45 713/820/45
f 715/877/4 717/2230/4 713/876/4
f 716/863/3 712/871/3 714/879/3
f 719/880/7 715/874/7 716/881/7
f 722/819/9 718/821/9 717/820/9
f 721/882/4 717/884/4 715/883/4
f 722/973/3 720/885/3 716/863/3
f 723/887/42 719/889/42 720/888/42
f 726/819/38 722/821/38 721/820/38
f 725/890/4 721/892/4 719/891/4
f 726/893/3 724/899/3 720/863/3
f 727/895/43 723/887/43 724/896/43
f 730/819/39 726/821/39 725/820/39
f 727/898/4 729/2231/4 725/897/4
f 728/899/3 724/863/3 726/900/3
f 683/818/10 727/895/10 728/901/10
f 686/819/8 730/821/8 729/820/8
f 685/902/4 729/903/4 727/26/4
f 686/977/3 684/904/3 728/906/3
f 735/714/42 733/717/42 734/715/42
f 737/717/43 735/719/43 736/718/43
f 739/719/10 737/721/10 738/720/10
f 741/721/44 739/723/44 740/722/44
f 743/723/45 741/725/45 742/724/45
f 745/725/9 743/727/9 744/726/9
f 747/727/38 745/729/38 746/728/38
f 749/729/39 747/962/39 748/730/39
f 751/731/8 749/734/8 750/732/8
f 753/734/40 751/736/40 752/735/40
f 755/736/41 753/738/41 754/737/41
f 733/738/7 755/714/7 756/716/7
f 761/816/45 762/829/45 758/817/45
f 764/819/41 763/963/41 759/820/41
f 763/822/4 761/964/4 757/823/4
f 758/825/3 762/833/3 764/826/3
f 765/828/44 766/836/44 762/829/44
f 768/819/40 767/963/40 763/820/40
f 763/830/4 767/2228/4 765/831/4
f 766/833/3 768/965/3 764/834/3
f 769/835/10 770/844/10 766/836/10
f 772/819/8 771/963/8 767/820/8
f 771/837/4 769/966/4 765/838/4
f 770/840/3 772/849/3 768/841/3
f 773/843/43 774/852/43 770/844/43
f 776/819/39 775/963/39 771/820/39
f 775/845/4 773/967/4 769/846/4
f 770/848/3 774/856/3 776/849/3
f 777/851/42 778/859/42 774/852/42
f 780/819/38 779/963/38 775/820/38
f 775/853/4 779/2229/4 777/854/4
f 778/856/3 780/968/3 776/857/3
f 781/858/7 782/867/7 778/859/7
f 784/819/9 783/963/9 779/820/9
f 783/860/4 781/969/4 777/861/4
f 782/863/3 784/970/3 780/864/3
f 785/866/41 786/875/41 782/867/41
f 788/819/45 787/963/45 783/820/45
f 787/868/4 785/26/4 781/869/4
f 782/871/3 786/863/3 788/872/3
f 789/874/40 790/881/40 786/875/40
f 792/819/44 791/963/44 787/820/44
f 787/876/4 791/2230/4 789/877/4
f 790/863/3 792/971/3 788/879/3
f 793/880/8 794/972/8 790/881/8
f 796/819/10 795/963/10 791/820/10
f 795/882/4 793/26/4 789/883/4
f 794/885/3 796/973/3 792/886/3
f 797/887/39 798/896/39 794/888/39
f 800/819/43 799/963/43 795/820/43
f 799/890/4 797/974/4 793/891/4
f 794/863/3 798/899/3 800/893/3
f 801/895/38 802/901/38 798/896/38
f 804/819/42 803/963/42 799/820/42
f 799/897/4 803/2231/4 801/898/4
f 802/899/3 804/975/3 800/900/3
f 757/818/9 758/817/9 802/901/9
f 760/819/7 759/963/7 803/820/7
f 759/902/4 757/976/4 801/26/4
f 758/904/3 760/977/3 804/905/3
f 809/714/43 810/716/43 808/715/43
f 811/717/42 812/715/42 810/718/42
f 813/719/7 814/718/7 812/720/7
f 815/721/41 816/720/41 814/722/41
f 817/723/40 818/722/40 816/724/40
f 819/725/8 820/724/8 818/726/8
f 821/727/39 822/726/39 820/728/39
f 823/729/38 824/728/38 822/730/38
f 825/731/9 826/733/9 824/732/9
f 827/734/45 828/732/45 826/735/45
f 829/736/44 830/735/44 828/737/44
f 807/738/10 808/737/10 830/716/10
f 835/816/40 831/818/40 832/817/40
f 838/819/44 834/821/44 833/820/44
f 837/822/4 833/824/4 831/823/4
f 838/826/3 836/833/3 832/825/3
f 839/828/41 835/816/41 836/829/41
f 842/819/45 838/821/45 837/820/45
f 839/831/4 841/2228/4 837/830/4
f 840/833/3 836/825/3 838/834/3
f 843/835/7 839/828/7 840/836/7
f 846/819/9 842/821/9 841/820/9
f 845/837/4 841/839/4 839/838/4
f 846/849/3 844/840/3 840/842/3
f 847/843/42 843/835/42 844/844/42
f 850/819/38 846/821/38 845/820/38
f 849/845/4 845/847/4 843/846/4
f 850/849/3 848/856/3 844/848/3
f 851/851/43 847/843/43 848/852/43
f 854/819/39 850/821/39 849/820/39
f 851/854/4 853/2229/4 849/853/4
f 852/856/3 848/848/3 850/857/3
f 855/858/10 851/851/10 852/859/10
f 858/819/8 854/821/8 853/820/8
f 857/860/4 853/862/4 851/861/4
f 858/970/3 856/863/3 852/865/3
f 859/866/44 855/858/44 856/867/44
f 862/819/40 858/821/40 857/820/40
f 861/868/4 857/870/4 855/869/4
f 862/872/3 860/863/3 856/871/3
f 863/874/45 859/866/45 860/875/45
f 866/819/41 862/821/41 861/820/41
f 863/877/4 865/2230/4 861/876/4
f 864/863/3 860/871/3 862/879/3
f 867/880/9 863/874/9 864/881/9
f 870/819/7 866/821/7 865/820/7
f 869/882/4 865/884/4 863/883/4
f 870/973/3 868/885/3 864/863/3
f 871/887/38 867/889/38 868/888/38
f 874/819/42 870/821/42 869/820/42
f 873/890/4 869/892/4 867/891/4
f 874/893/3 872/899/3 868/863/3
f 875/895/39 871/887/39 872/896/39
f 878/819/43 874/821/43 873/820/43
f 875/898/4 877/2231/4 873/897/4
f 876/899/3 872/863/3 874/900/3
f 831/818/8 875/895/8 876/901/8
f 834/819/10 878/821/10 877/820/10
f 833/902/4 877/903/4 875/26/4
f 834/977/3 832/904/3 876/906/3
f 883/981/46 884/2239/46 882/982/46
f 885/988/47 886/2240/47 884/989/47
f 887/993/2 888/999/2 886/994/2
f 889/998/48 890/2241/48 888/999/48
f 891/1002/49 892/1008/49 890/1003/49
f 893/1007/3 894/1012/3 892/1008/3
f 895/1011/50 896/2242/50 894/1012/50
f 897/1015/51 898/1021/51 896/1016/51
f 899/1020/1 900/2243/1 898/1021/1
f 901/1024/52 902/2244/52 900/1025/52
f 903/1029/53 904/1033/53 902/1030/53
f 881/983/4 882/982/4 904/1033/4
f 905/1034/54 907/2245/54 908/1035/54
f 909/1037/55 910/2246/55 912/1038/55
f 905/1040/3 906/2247/3 910/1041/3
f 907/1043/4 911/2248/4 912/1044/4
f 905/1046/6 909/2249/6 911/1047/6
f 906/1049/56 908/2250/56 912/1050/56
f 915/1052/57 913/2251/57 914/1053/57
f 915/1055/58 916/2252/58 918/1056/58
f 913/1058/59 917/2253/59 918/1059/59
f 919/1067/54 921/2254/54 922/1068/54
f 923/1070/62 924/2255/62 926/1071/62
f 923/1073/3 919/2256/3 920/1074/3
f 922/1076/4 921/2257/4 925/1077/4
f 921/1079/6 919/2258/6 923/1080/6
f 924/1082/63 920/2259/63 922/1083/63
f 927/1085/64 929/2260/64 930/1086/64
f 931/1088/55 932/2261/55 934/1089/55
f 927/1091/3 928/2262/3 932/1092/3
f 929/1094/4 933/2263/4 934/1095/4
f 927/1097/6 931/2264/6 933/1098/6
f 928/1100/65 930/2265/65 934/1101/65
f 939/1103/66 940/2266/66 942/1104/66
f 935/1106/1 936/2267/1 940/1107/1
f 935/1109/67 937/2268/67 938/1110/67
f 937/1112/2 941/2269/2 942/1113/2
f 937/1115/6 935/2270/6 939/1116/6
f 940/1118/5 936/2271/5 938/1119/5
f 943/1121/68 945/2272/68 946/1122/68
f 947/1124/4 948/2273/4 950/1125/4
f 943/1127/1 944/2274/1 948/1128/1
f 945/1130/2 949/2275/2 950/1131/2
f 943/1133/6 947/2276/6 949/1134/6
f 944/1136/5 946/2277/5 950/1137/5
f 967/1155/70 968/1953/70 966/1156/70
f 969/1162/72 970/1168/72 968/1163/72
f 971/1167/74 972/1172/74 970/1168/74
f 971/1167/75 973/2278/75 974/1171/76
f 973/1175/77 975/1180/77 976/1176/77
f 975/1180/78 977/1184/78 978/1181/79
f 977/1184/81 979/2279/81 980/1185/82
f 979/1188/83 981/1193/83 982/1189/83
f 981/1193/85 983/1198/85 984/1194/85
f 985/1197/86 986/1954/86 984/1194/86
f 987/1201/87 988/1205/87 986/1202/87
f 965/1157/88 966/1156/93 988/1205/89
f 990/1206/90 989/1230/90 984/1207/90
f 991/1209/91 990/2280/91 986/1210/91
f 992/1211/92 991/1209/92 988/1205/89
f 993/1212/94 992/1211/94 966/1213/95
f 994/1215/96 993/2281/96 968/1216/96
f 994/1215/97 970/1168/97 972/1172/97
f 995/1218/98 972/1955/98 974/1219/98
f 996/1221/99 974/1956/99 976/1222/99
f 997/1223/100 976/1176/80 978/1181/79
f 998/1224/102 978/1181/102 980/1225/102
f 999/1227/103 980/1957/103 982/1228/103
f 1000/1229/104 982/1189/104 984/1194/104
f 1002/1231/105 1001/1256/105 989/1232/106
f 1004/1234/107 1002/2282/107 990/1235/107
f 1005/1237/92 1004/1234/92 991/1209/92
f 1006/1238/108 1005/1237/108 992/1239/109
f 1007/1241/110 1006/2283/110 993/1242/110
f 1008/1244/111 1007/1241/111 994/1215/111
f 1008/1244/112 995/1958/113 996/1245/113
f 1009/1247/114 996/1959/114 997/1248/114
f 1010/1249/115 997/1223/100 998/1224/101
f 1011/1250/116 998/1960/116 999/1251/116
f 1012/1253/117 999/1961/117 1000/1254/117
f 1001/1256/118 1013/1255/118 1000/1229/118
f 1026/1270/120 1024/1962/162 1025/1271/121
f 1027/1272/122 1025/1344/92 1014/1273/92
f 1028/1274/123 1014/1963/123 1015/1275/123
f 1029/1277/124 1015/1964/125 1016/1278/125
f 1031/1280/126 1030/1279/126 1016/1278/126
f 1032/1282/127 1031/1280/127 1017/1281/127
f 1033/1284/129 1032/2284/129 1018/1285/130
f 1034/1287/101 1033/1284/101 1019/1288/101
f 1035/1290/132 1034/1287/132 1020/1291/132
f 1036/1293/133 1035/2285/133 1021/1294/134
f 1036/1293/135 1022/1295/135 1023/1296/135
f 1037/1297/136 1023/1296/136 1024/1298/136
f 1039/1300/137 1038/1313/137 1033/1284/101
f 1041/1301/138 1026/1965/138 1027/1302/138
f 1043/1304/139 1037/1966/139 1026/1305/139
f 1044/1307/140 1036/1293/140 1037/1297/140
f 1044/1307/141 1045/2286/141 1035/1308/141
f 1045/1310/142 1039/1300/142 1034/1311/143
f 1038/1313/144 1046/2287/144 1032/1314/144
f 1046/1316/145 1047/1319/145 1031/1317/145
f 1047/1319/146 1048/1322/146 1030/1279/147
f 1049/1320/148 1029/1967/1801 1030/1321/148
f 1050/1323/149 1028/1968/149 1029/1324/149
f 1042/1303/92 1027/1272/122 1028/1274/122
f 1051/1326/150 1052/2288/150 1015/1327/151
f 1052/1328/152 1053/1331/152 1016/1278/152
f 1054/1330/153 1017/1281/153 1016/1278/153
f 1055/1332/154 1018/2289/154 1017/1281/154
f 1056/1333/155 1019/1288/131 1018/1334/130
f 1057/1336/156 1020/1289/156 1019/1288/156
f 1058/1337/157 1021/2290/157 1020/1289/157
f 1058/1338/158 1059/1340/158 1022/1295/158
f 1059/1340/159 1060/1341/159 1023/1296/159
f 1060/1341/160 1061/2291/160 1024/1342/160
f 1061/1343/161 1062/1346/161 1025/1344/121
f 1062/1346/163 1051/1326/163 1014/1273/163
f 1102/1350/164 1103/1969/164 1104/1351/164
f 1069/1357/165 1070/1970/165 1068/1358/165
f 1098/1362/166 1099/1971/166 1100/1363/166
f 1073/1367/167 1074/1972/167 1072/1368/167
f 1094/1372/168 1095/1973/168 1096/1373/168
f 1077/1377/169 1078/1974/169 1076/1378/169
f 1090/1382/170 1091/1975/170 1092/1383/170
f 1081/1387/171 1082/1976/171 1080/1388/171
f 1110/1392/172 1111/1977/172 1112/1393/172
f 1085/1397/173 1086/1978/173 1084/1398/173
f 1106/1402/174 1107/1979/174 1108/1403/174
f 1065/1406/175 1066/1980/175 1088/1407/175
f 1089/1409/4 1077/1376/4 1079/1381/4
f 1090/1411/173 1079/1981/173 1080/1412/173
f 1092/1414/3 1091/2292/3 1080/1385/3
f 1092/1415/167 1078/1982/167 1077/1416/167
f 1094/1418/4 1093/2293/4 1073/1366/4
f 1094/1419/171 1075/1983/171 1076/1420/171
f 1095/1422/3 1076/1375/3 1074/1370/3
f 1096/1424/165 1074/1984/165 1073/1425/165
f 1097/1427/4 1069/1356/4 1071/1361/4
f 1098/1429/169 1071/1985/169 1072/1430/169
f 1100/1432/3 1099/2294/3 1072/1365/3
f 1100/1433/175 1070/1986/175 1069/1434/175
f 1101/1436/4 1065/1348/4 1067/1347/4
f 1102/1438/167 1067/1987/167 1068/1439/167
f 1104/1441/3 1103/2295/3 1068/1354/3
f 1104/1442/173 1066/1988/173 1065/1443/173
f 1106/1445/4 1105/2296/4 1085/1396/4
f 1106/1446/165 1087/1989/165 1088/1447/165
f 1107/1449/3 1088/1405/3 1086/1400/3
f 1108/1451/171 1086/1990/171 1085/1452/171
f 1109/1454/4 1081/1386/4 1083/1391/4
f 1110/1456/175 1083/1991/175 1084/1457/175
f 1112/1459/3 1111/2297/3 1084/1395/3
f 1112/1460/169 1082/1992/169 1081/1461/169
f 1117/1466/177 1118/1993/177 1116/1467/177
f 1119/1473/179 1120/1479/179 1118/1474/179
f 1121/1478/180 1122/1483/180 1120/1479/180
f 1121/1478/181 1123/2298/181 1124/1482/181
f 1125/1486/182 1126/1492/182 1124/1487/182
f 1125/1486/183 1127/1496/183 1128/1491/183
f 1129/1495/184 1130/1994/184 1128/1491/184
f 1129/1499/185 1131/1505/185 1132/1500/185
f 1133/1504/186 1134/1509/186 1132/1500/186
f 1135/1508/187 1136/1995/187 1134/1509/187
f 1135/1512/188 1137/1516/188 1138/1513/188
f 1137/1516/189 1115/1468/189 1116/1467/189
f 1142/1520/191 1147/1535/191 1146/1518/191
f 1143/1521/192 1148/1996/192 1147/1522/192
f 1143/1524/194 1144/2006/1802 1149/1525/194
f 1144/1527/195 1145/1530/1803 1150/1528/195
f 1147/1535/199 1152/1997/199 1151/1533/199
f 1148/1536/201 1153/1550/201 1152/1537/201
f 1148/1539/203 1149/2299/1804 1154/1540/203
f 1149/1542/205 1150/1528/205 1155/1543/205
f 1151/1546/208 1152/1997/208 1157/1549/208
f 1153/1550/209 1158/1998/209 1157/1551/209
f 1153/1553/210 1154/1540/210 1159/1554/210
f 1155/1543/211 1160/1558/211 1159/1556/211
f 1156/1560/214 1157/1549/214 1162/1563/214
f 1157/1564/216 1158/1998/216 1163/1565/217
f 1159/1554/218 1164/1999/218 1163/1567/218
f 1160/1558/219 1165/1571/219 1164/1569/219
f 1161/1576/223 1162/1579/223 1167/1577/223
f 1162/1579/224 1163/2300/1805 1168/1580/224
f 1164/1581/225 1169/1585/1806 1168/1582/226
f 1165/1584/227 1170/2000/1807 1169/1585/227
f 1166/1590/230 1167/2301/230 1172/1591/230
f 1167/1593/232 1168/1580/232 1173/1594/232
f 1168/1596/233 1169/1585/1808 1174/1597/233
f 1169/1599/234 1170/2302/235 1175/1600/235
f 1172/1591/239 1177/1608/239 1176/1606/240
f 1173/1594/242 1178/2001/242 1177/1608/242
f 1173/1609/244 1174/1597/1809 1179/1610/244
f 1174/1597/245 1175/1600/245 1180/1612/245
f 1177/1617/248 1182/2002/248 1181/1615/248
f 1178/1618/249 1183/2003/250 1182/1619/250
f 1178/1621/251 1179/2303/251 1184/1622/251
f 1179/1624/252 1180/1627/253 1185/1625/253
f 1182/1631/256 1187/2004/256 1186/1629/256
f 1182/1632/257 1183/2003/257 1188/1633/257
f 1183/1635/258 1184/1622/258 1189/1636/258
f 1185/1625/259 1190/1640/259 1189/1638/259
f 1186/1629/262 1187/2304/262 1192/1644/262
f 1187/1645/264 1188/1633/264 1193/1646/264
f 1189/1636/265 1194/2005/265 1193/1648/265
f 1190/1640/267 1195/1652/1810 1194/1650/267
f 1191/1642/270 1192/2305/1811 1197/1656/270
f 1192/1657/272 1193/2306/1812 1198/1658/272
f 1194/1660/274 1199/1672/274 1198/1661/274
f 1195/1652/275 1200/1665/1813 1199/1663/275
f 1197/1669/278 1142/1520/278 1141/1667/278
f 1198/1658/279 1143/1521/1814 1142/1670/279
f 1199/1672/280 1144/2006/280 1143/1673/280
f 1199/1675/281 1200/1665/1815 1145/1530/281
f 1205/1685/287 1207/1692/287 1208/1686/287
f 1207/1692/290 1209/1699/1816 1210/1693/291
f 1209/1699/295 1211/2307/295 1212/1700/295
f 1213/1705/298 1214/2007/298 1212/1706/298
f 1215/1712/301 1216/2008/301 1214/1713/301
f 1217/1718/304 1218/2009/304 1216/1719/304
f 1219/1724/307 1220/2010/1817 1218/1725/308
f 1235/1730/312 1236/2308/312 1237/1731/312
f 1221/1737/316 1223/2309/1818 1224/1738/317
f 1251/1744/321 1252/2310/1819 1253/1745/322
f 1264/1750/326 1265/2011/1820 1266/1751/327
f 1227/1755/330 1219/2012/1821 1221/1756/331
f 1228/1758/333 1221/2013/1822 1222/1759/334
f 1230/1761/336 1229/2311/336 1222/1733/336
f 1227/1762/337 1230/1773/337 1220/1763/337
f 1232/1765/338 1231/2014/338 1227/1755/338
f 1232/1766/339 1228/1758/1823 1229/1767/340
f 1233/1769/342 1229/2015/342 1230/1770/342
f 1231/1772/343 1234/1785/1824 1230/1773/344
f 1236/1775/346 1235/2312/346 1231/1776/346
f 1236/1778/347 1232/1766/347 1233/1779/347
f 1237/1781/348 1233/2016/348 1234/1782/348
f 1235/1784/349 1238/2313/349 1234/1785/350
f 1240/1787/351 1239/2314/1825 1223/1788/352
f 1241/1789/354 1240/2315/1826 1225/1790/355
f 1241/1792/357 1226/2017/1827 1224/1740/358
f 1242/1794/360 1224/2018/1828 1223/1795/361
f 1244/1797/363 1243/1809/1829 1239/1798/364
f 1244/1800/366 1240/2019/1830 1241/1801/367
f 1245/1803/369 1241/2020/1831 1242/1804/370
f 1243/1806/372 1246/2316/1832 1242/1807/373
f 1248/1808/375 1247/2317/1833 1243/1809/376
f 1248/1811/378 1244/1800/1834 1245/1812/379
f 1250/1814/381 1249/2318/1835 1245/1815/382
f 1247/1817/384 1250/2319/1836 1246/1818/385
f 1251/1819/387 1247/2021/1837 1248/1808/388
f 1253/1821/390 1252/2320/1838 1248/1822/391
f 1254/1823/393 1253/2321/1839 1249/1824/394
f 1251/1825/396 1254/2322/1840 1250/1826/397
f 1255/1827/399 1225/2022/1841 1203/1679/400
f 1257/1829/402 1256/1841/1842 1203/1830/403
f 1257/1832/405 1204/1681/1843 1226/1753/406
f 1258/1834/408 1226/2023/1844 1225/1835/409
f 1259/1837/411 1255/2024/1845 1256/1838/412
f 1261/1840/414 1260/2323/1846 1256/1841/415
f 1262/1843/417 1261/2324/1847 1257/1844/418
f 1262/1846/420 1258/1834/1848 1255/1847/421
f 1263/1849/423 1259/2025/1849 1260/1850/424
f 1264/1852/426 1260/2026/1850 1261/1840/427
f 1266/1854/429 1265/2325/1851 1261/1855/430
f 1263/1857/432 1266/2326/1852 1262/1858/433
f 1267/1860/435 1203/2027/1853 1205/1861/436
f 1268/1863/438 1205/1685/1854 1206/1864/439
f 1269/1866/441 1206/2028/1855 1204/1681/442
f 1267/1868/444 1270/1879/1856 1204/1869/445
f 1272/1871/447 1271/2327/1857 1267/1860/448
f 1272/1873/450 1268/2029/1858 1269/1865/451
f 1273/1875/453 1269/2030/1859 1270/1876/454
f 1271/1878/456 1274/2328/1860 1270/1879/457
f 1275/1881/459 1276/2329/1861 1277/1882/460
f 1275/1884/462 1271/2031/1862 1272/1885/463
f 1276/1887/465 1272/2032/1863 1273/1874/466
f 1278/1889/468 1277/2330/1864 1273/1890/469
f 1278/1892/471 1274/2033/1865 1271/1878/472
f 1283/1894/474 1281/1897/1866 1282/1895/475
f 1285/1897/477 1283/1899/1867 1284/1898/478
f 1287/1899/480 1285/1901/480 1286/1900/480
f 1289/1901/481 1287/1903/1868 1288/1902/482
f 1291/1903/484 1289/1905/1869 1290/1904/485
f 1293/1905/31 1291/1950/31 1292/1906/31
f 1296/1906/487 1295/1950/1870 1293/1907/488
f 1298/1908/490 1297/1907/1871 1295/1909/491
f 1300/1910/493 1299/1909/493 1297/1911/493
f 1302/1912/494 1301/1911/1872 1299/1913/495
f 1304/1914/497 1303/1913/1873 1301/1915/498
f 1281/1915/37 1303/1951/37 1304/1917/37
f 1309/1918/474 1307/1924/1866 1308/1919/475
f 1311/1924/477 1309/1926/1867 1310/1925/478
f 1313/1926/480 1311/1929/480 1312/1927/480
f 1315/1929/481 1313/1932/1868 1314/1930/482
f 1317/1932/484 1315/1952/1869 1316/1933/485
f 1320/1933/31 1319/1952/31 1317/1934/31
f 1322/1935/487 1321/1934/1870 1319/1936/488
f 1328/1938/494 1327/1947/1872 1325/1939/495
f 1330/1940/497 1329/1939/1873 1327/1941/498
f 1308/1942/37 1307/1941/37 1329/1943/37
f 1324/1937/490 1323/1936/1871 1321/1945/491
f 1326/1946/493 1325/1945/493 1323/1947/493
f 1335/688/501 1336/690/501 1334/689/501
f 1337/693/502 1338/689/502 1336/694/502
f 1339/695/9 1340/694/9 1338/696/9
f 1341/697/503 1342/696/503 1340/698/503
f 1343/699/504 1344/698/504 1342/700/504
f 1343/701/505 1345/1948/505 1346/700/505
f 1345/703/506 1347/701/506 1348/702/507
f 1347/705/508 1349/703/508 1350/704/508
f 1349/707/7 1351/705/7 1352/706/7
f 1351/709/509 1353/707/509 1354/708/509
f 1353/711/510 1355/709/510 1356/710/510
f 1333/711/511 1334/712/511 1356/713/511
f 1361/1894/512 1362/1896/1874 1360/1895/513
f 1363/1897/515 1364/1895/1875 1362/1898/516
f 1365/1899/518 1366/1898/518 1364/1900/518
f 1367/1901/519 1368/1900/1876 1366/1902/520
f 1369/1903/522 1370/1902/1877 1368/1904/523
f 1369/1950/505 1371/1905/505 1372/1904/505
f 1371/1907/525 1373/1950/1878 1374/1906/526
f 1373/1909/528 1375/1907/1879 1376/1908/529
f 1375/1911/531 1377/1909/531 1378/1910/531
f 1377/1913/532 1379/1911/1880 1380/1912/533
f 1379/1915/535 1381/1913/1881 1382/1914/536
f 1359/1915/511 1360/1916/511 1382/1917/511
f 1387/1918/512 1388/1920/1874 1386/1919/513
f 1389/1924/515 1390/1919/1875 1388/1925/516
f 1391/1926/518 1392/1925/518 1390/1927/518
f 1393/1929/519 1394/1927/1876 1392/1930/520
f 1395/1932/522 1396/1930/1877 1394/1933/523
f 1397/1952/505 1398/1933/505 1396/1935/505
f 1397/1936/525 1399/1934/1878 1400/1935/526
f 1403/1939/532 1405/1947/1880 1406/1938/533
f 1405/1941/535 1407/1939/1881 1408/1940/536
f 1407/1943/511 1385/1941/511 1386/1942/511
f 1399/1945/528 1401/1936/1879 1402/1937/529
f 1401/1947/531 1403/1945/531 1404/1946/531
f 1413/688/538 1411/693/538 1412/689/538
f 1415/693/539 1413/695/539 1414/694/539
f 1417/695/10 1415/697/10 1416/696/10
f 1419/697/540 1417/699/540 1418/698/540
f 1421/699/541 1419/1948/541 1420/700/541
f 1424/700/542 1423/1948/542 1421/701/542
f 1426/702/543 1425/701/544 1423/703/544
f 1428/704/545 1427/703/545 1425/705/545
f 1430/706/8 1429/705/8 1427/707/8
f 1432/708/546 1431/707/547 1429/709/547
f 1434/710/548 1433/709/548 1431/711/548
f 1411/711/549 1433/1949/549 1434/713/549
f 1439/1894/550 1437/1897/1882 1438/1895/551
f 1441/1897/553 1439/1899/1883 1440/1898/554
f 1443/1899/493 1441/1901/493 1442/1900/493
f 1445/1901/556 1443/1903/1884 1444/1902/557
f 1447/1903/559 1445/1905/1885 1446/1904/560
f 1449/1905/542 1447/1950/542 1448/1906/542
f 1452/1906/562 1451/1950/1886 1449/1907/563
f 1454/1908/565 1453/1907/1887 1451/1909/566
f 1456/1910/480 1455/1909/480 1453/1911/480
f 1458/1912/568 1457/1911/1888 1455/1913/569
f 1460/1914/571 1459/1913/1889 1457/1915/572
f 1437/1915/549 1459/1951/549 1460/1917/549
f 1465/1918/550 1463/1924/1882 1464/1919/551
f 1467/1924/553 1465/1926/1883 1466/1925/554
f 1469/1926/493 1467/1929/493 1468/1927/493
f 1471/1929/556 1469/1932/1884 1470/1930/557
f 1473/1932/559 1471/1952/1885 1472/1933/560
f 1476/1933/542 1475/1952/542 1473/1934/542
f 1478/1935/562 1477/1934/1886 1475/1936/563
f 1484/1938/568 1483/1947/1888 1481/1939/569
f 1486/1940/571 1485/1939/1889 1483/1941/572
f 1464/1942/549 1463/1941/549 1485/1943/549
f 1480/1937/565 1479/1936/1887 1477/1945/566
f 1482/1946/480 1481/1945/480 1479/1947/480
f 1491/688/575 1492/690/575 1490/689/575
f 1493/693/576 1494/689/576 1492/694/576
f 1495/695/7 1496/694/7 1494/696/7
f 1497/697/577 1498/696/577 1496/698/577
f 1499/699/578 1500/698/578 1498/700/578
f 1499/701/579 1501/1948/579 1502/700/579
f 1501/703/580 1503/701/580 1504/702/581
f 1503/705/582 1505/703/582 1506/704/582
f 1505/707/9 1507/705/9 1508/706/9
f 1507/709/583 1509/707/583 1510/708/583
f 1509/711/584 1511/709/584 1512/710/584
f 1489/711/585 1490/712/585 1512/713/585
f 1517/1894/586 1518/1896/1890 1516/1895/587
f 1519/1897/589 1520/1895/1891 1518/1898/590
f 1521/1899/531 1522/1898/531 1520/1900/531
f 1523/1901/592 1524/1900/1892 1522/1902/593
f 1525/1903/595 1526/1902/1893 1524/1904/596
f 1525/1950/579 1527/1905/579 1528/1904/579
f 1527/1907/598 1529/1950/1894 1530/1906/599
f 1529/1909/601 1531/1907/1895 1532/1908/602
f 1531/1911/518 1533/1909/518 1534/1910/518
f 1533/1913/604 1535/1911/1896 1536/1912/605
f 1535/1915/607 1537/1913/1897 1538/1914/608
f 1515/1915/585 1516/1916/585 1538/1917/585
f 1543/1918/586 1544/1920/1890 1542/1919/587
f 1545/1924/589 1546/1919/1891 1544/1925/590
f 1547/1926/531 1548/1925/531 1546/1927/531
f 1549/1929/592 1550/1927/1892 1548/1930/593
f 1551/1932/595 1552/1930/1893 1550/1933/596
f 1553/1952/579 1554/1933/579 1552/1935/579
f 1553/1936/598 1555/1934/1894 1556/1935/599
f 1559/1939/604 1561/1947/1896 1562/1938/605
f 1561/1941/607 1563/1939/1897 1564/1940/608
f 1563/1943/585 1541/1941/585 1542/1942/585
f 1555/1945/601 1557/1936/1895 1558/1937/602
f 1557/1947/518 1559/1945/518 1560/1946/518
f 1581/1155/611 1579/1157/611 1580/1156/611
f 1583/1162/613 1581/1164/613 1582/1163/613
f 1585/1167/615 1583/1162/615 1584/1168/615
f 1588/1171/617 1587/2278/618 1585/1167/618
f 1590/1176/619 1589/1180/619 1587/1175/619
f 1592/1181/620 1591/1184/621 1589/1180/621
f 1594/1185/623 1593/2279/624 1591/1184/624
f 1596/1189/625 1595/1193/625 1593/1188/625
f 1598/1194/626 1597/1198/626 1595/1193/626
f 1599/1197/627 1597/1198/627 1598/1194/627
f 1601/1201/628 1599/1203/628 1600/1202/628
f 1579/1157/629 1601/1201/629 1602/1205/630
f 1598/1207/632 1603/1230/632 1604/1206/632
f 1600/1210/633 1604/2280/633 1605/1209/633
f 1602/1205/630 1605/1209/634 1606/1211/634
f 1580/1213/635 1606/1211/636 1607/1212/636
f 1582/1216/637 1607/2281/637 1608/1215/637
f 1608/1215/638 1609/1218/638 1586/1172/638
f 1609/1218/639 1610/1220/639 1588/1219/639
f 1610/1221/640 1611/1223/640 1590/1222/640
f 1611/1223/641 1612/1224/656 1592/1181/620
f 1612/1224/642 1613/1226/642 1594/1225/642
f 1613/1227/643 1614/1229/643 1596/1228/643
f 1614/1229/644 1603/1230/644 1598/1194/644
f 1603/1232/645 1615/1256/646 1616/1231/646
f 1604/1235/647 1616/2282/647 1618/1234/647
f 1605/1209/634 1618/1234/634 1619/1237/634
f 1606/1239/648 1619/1237/649 1620/1238/649
f 1607/1242/650 1620/2283/650 1621/1241/650
f 1608/1215/651 1621/1241/651 1622/1244/651
f 1622/1244/652 1623/1246/652 1610/1245/653
f 1623/1247/654 1624/1249/654 1611/1248/654
f 1624/1249/655 1625/1250/655 1612/1224/656
f 1625/1250/657 1626/1252/657 1613/1251/657
f 1626/1253/658 1627/1255/658 1614/1254/658
f 1614/1229/659 1627/1255/659 1615/1256/659
f 1640/1270/662 1641/1272/662 1639/1271/663
f 1641/1272/665 1642/1274/665 1628/1273/634
f 1642/1274/666 1643/1276/666 1629/1275/666
f 1643/1277/667 1644/1279/667 1630/1278/668
f 1630/1278/669 1644/1279/669 1645/1280/669
f 1631/1281/670 1645/1280/671 1646/1282/671
f 1632/1285/672 1646/2284/673 1647/1284/673
f 1633/1288/656 1647/1284/656 1648/1287/656
f 1634/1291/675 1648/1287/675 1649/1290/675
f 1635/1294/676 1649/2285/677 1650/1293/677
f 1650/1293/678 1651/1297/678 1637/1296/678
f 1651/1297/679 1640/1299/679 1638/1298/679
f 1647/1284/656 1652/1313/680 1653/1300/680
f 1655/1301/681 1656/1303/681 1641/1302/681
f 1657/1304/682 1655/1306/682 1640/1305/682
f 1658/1307/683 1657/1304/683 1651/1297/683
f 1649/1308/684 1659/2286/684 1658/1307/684
f 1648/1311/685 1653/1300/686 1659/1310/686
f 1646/1314/687 1660/2287/687 1652/1313/687
f 1645/1317/688 1661/1319/688 1660/1316/688
f 1644/1279/689 1662/1322/690 1661/1319/690
f 1663/1320/691 1662/1322/691 1644/1321/691
f 1664/1323/693 1663/1325/693 1643/1324/693
f 1656/1303/634 1664/1323/634 1642/1274/665
f 1629/1327/694 1666/2288/695 1665/1326/695
f 1630/1278/696 1667/1331/696 1666/1328/696
f 1630/1278/697 1631/1281/697 1668/1330/697
f 1631/1281/698 1632/2289/698 1669/1332/698
f 1632/1334/672 1633/1288/674 1670/1333/699
f 1633/1288/700 1634/1289/700 1671/1336/700
f 1634/1289/701 1635/2290/701 1672/1337/701
f 1636/1295/702 1673/1340/702 1672/1338/702
f 1637/1296/703 1674/1341/703 1673/1340/703
f 1638/1342/704 1675/2291/704 1674/1341/704
f 1639/1344/663 1676/1346/705 1675/1343/705
f 1628/1273/706 1665/1326/706 1676/1346/706
f 1716/1350/707 1715/1352/707 1718/1351/707
f 1683/1357/708 1681/1359/708 1682/1358/708
f 1712/1362/709 1711/1364/709 1714/1363/709
f 1687/1367/710 1685/1369/710 1686/1368/710
f 1708/1372/711 1707/1374/711 1710/1373/711
f 1691/1377/712 1689/1379/712 1690/1378/712
f 1704/1382/713 1703/1384/713 1706/1383/713
f 1695/1387/714 1693/1389/714 1694/1388/714
f 1724/1392/715 1723/1394/715 1726/1393/715
f 1699/1397/716 1697/1399/716 1698/1398/716
f 1720/1402/717 1719/1404/717 1722/1403/717
f 1679/1406/718 1701/1408/718 1702/1407/718
f 1703/1409/4 1704/1410/4 1693/1381/4
f 1704/1411/716 1705/1413/716 1694/1412/716
f 1694/1385/3 1705/2292/3 1706/1414/3
f 1706/1415/710 1703/1417/710 1691/1416/710
f 1687/1366/4 1707/2293/4 1708/1418/4
f 1708/1419/714 1709/1421/714 1690/1420/714
f 1709/1422/3 1710/1423/3 1688/1370/3
f 1710/1424/708 1707/1426/708 1687/1425/708
f 1711/1427/4 1712/1428/4 1685/1361/4
f 1712/1429/712 1713/1431/712 1686/1430/712
f 1686/1365/3 1713/2294/3 1714/1432/3
f 1714/1433/718 1711/1435/718 1683/1434/718
f 1715/1436/4 1716/1437/4 1681/1347/4
f 1716/1438/710 1717/1440/710 1682/1439/710
f 1682/1354/3 1717/2295/3 1718/1441/3
f 1718/1442/716 1715/1444/716 1679/1443/716
f 1699/1396/4 1719/2296/4 1720/1445/4
f 1720/1446/708 1721/1448/708 1702/1447/708
f 1721/1449/3 1722/1450/3 1700/1400/3
f 1722/1451/714 1719/1453/714 1699/1452/714
f 1723/1454/4 1724/1455/4 1697/1391/4
f 1724/1456/718 1725/1458/718 1698/1457/718
f 1698/1395/3 1725/2297/3 1726/1459/3
f 1726/1460/712 1723/1462/712 1695/1461/712
f 1731/1466/720 1729/1468/720 1730/1467/720
f 1733/1473/722 1731/1475/722 1732/1474/722
f 1735/1478/723 1733/1473/723 1734/1479/723
f 1738/1482/724 1737/2298/724 1735/1478/724
f 1739/1486/725 1737/1488/725 1738/1487/725
f 1742/1491/726 1741/1496/726 1739/1486/726
f 1744/1994/727 1743/1495/727 1741/1496/727
f 1746/1500/728 1745/1505/728 1743/1499/728
f 1747/1504/729 1745/1505/729 1746/1500/729
f 1749/1508/730 1747/1504/730 1748/1509/730
f 1752/1513/731 1751/1516/731 1749/1512/731
f 1729/1468/732 1751/1516/732 1752/1513/732
f 1756/1520/734 1755/1517/734 1760/1518/734
f 1757/1521/735 1756/1523/1898 1761/1522/735
f 1763/1525/736 1758/2006/1899 1757/1524/736
f 1764/1528/737 1759/1530/1900 1758/1527/737
f 1761/1535/741 1760/1532/1901 1765/1533/741
f 1762/1536/742 1761/1538/1902 1766/1537/742
f 1768/1540/743 1763/2299/1903 1762/1539/743
f 1769/1543/745 1764/1528/745 1763/1542/745
f 1771/1549/748 1766/1997/748 1765/1546/748
f 1772/1998/749 1767/1550/749 1766/1552/749
f 1773/1554/750 1768/1540/750 1767/1553/750
f 1769/1543/751 1768/1557/751 1773/1556/751
f 1776/1563/754 1771/1549/754 1770/1560/754
f 1777/1565/756 1772/1998/757 1771/1564/757
f 1773/1554/758 1772/1568/758 1777/1567/758
f 1774/1558/759 1773/1570/1904 1778/1569/759
f 1781/1577/762 1776/1579/762 1775/1576/762
f 1782/1580/763 1777/2300/763 1776/1579/763
f 1778/1581/764 1777/1583/764 1782/1582/765
f 1779/1584/767 1778/1581/767 1783/1585/767
f 1786/1591/771 1781/2301/771 1780/1590/771
f 1787/1594/773 1782/1580/773 1781/1593/773
f 1788/1597/774 1783/1585/1905 1782/1596/774
f 1789/1600/775 1784/2302/775 1783/1599/776
f 1786/1591/779 1785/1607/1906 1790/1606/780
f 1787/1594/781 1786/1591/1907 1791/1608/781
f 1793/1610/782 1788/1597/1908 1787/1609/782
f 1794/1612/783 1789/1600/783 1788/1597/783
f 1791/1617/787 1790/1604/787 1795/1615/787
f 1792/1618/788 1791/1620/788 1796/1619/789
f 1798/1622/790 1793/2303/790 1792/1621/790
f 1799/1625/791 1794/1627/1909 1793/1624/791
f 1796/1631/794 1795/1615/794 1800/1629/794
f 1802/1633/795 1797/2003/795 1796/1632/795
f 1803/1636/796 1798/1622/796 1797/1635/796
f 1799/1625/797 1798/1639/797 1803/1638/797
f 1806/1644/800 1801/2304/800 1800/1629/800
f 1807/1646/801 1802/1633/801 1801/1645/801
f 1803/1636/802 1802/1649/1910 1807/1648/802
f 1804/1640/803 1803/1651/803 1808/1650/803
f 1811/1656/807 1806/2305/1911 1805/1642/807
f 1812/1658/809 1807/2306/810 1806/1657/810
f 1808/1660/812 1807/1662/812 1812/1661/812
f 1809/1652/813 1808/1664/813 1813/1663/813
f 1811/1669/817 1810/1654/817 1755/1667/817
f 1812/1658/818 1811/1671/818 1756/1670/818
f 1813/1672/820 1812/1674/820 1757/1673/820
f 1759/1530/821 1814/1665/1912 1813/1675/822
f 1822/1686/827 1821/1692/827 1819/1685/827
f 1824/1693/830 1823/1699/1913 1821/1692/831
f 1826/1700/835 1825/2307/835 1823/1699/835
f 1827/1705/838 1825/1707/838 1826/1706/838
f 1829/1712/841 1827/1714/841 1828/1713/841
f 1831/1718/844 1829/1712/844 1830/1719/844
f 1833/1724/847 1831/1726/1914 1832/1725/848
f 1851/1731/852 1850/2308/852 1849/1730/852
f 1838/1738/856 1837/2309/1915 1835/1737/857
f 1867/1745/861 1866/2310/1916 1865/1744/862
f 1878/1750/866 1877/1752/1917 1880/1751/867
f 1841/1755/870 1842/1757/1918 1835/1756/871
f 1842/1758/873 1843/1760/1919 1836/1759/874
f 1836/1733/876 1843/2311/876 1844/1761/876
f 1834/1763/877 1844/1773/877 1841/1762/877
f 1845/2014/878 1846/1765/878 1842/1757/878
f 1846/1766/879 1847/1768/1920 1843/1767/880
f 1847/1769/882 1848/1771/882 1844/1770/882
f 1844/1773/883 1848/1785/1921 1845/1772/884
f 1845/1776/886 1849/2312/886 1850/1775/886
f 1850/1778/887 1851/1780/887 1847/1779/887
f 1851/1781/888 1852/1783/888 1848/1782/888
f 1848/1785/889 1852/2313/890 1849/1784/890
f 1837/1788/891 1853/2314/1922 1854/1787/892
f 1839/1790/894 1854/2315/1923 1855/1789/895
f 1855/1792/897 1856/1793/1924 1838/1740/898
f 1856/1794/900 1853/1796/1925 1837/1795/901
f 1853/1798/903 1857/1809/1926 1858/1797/904
f 1858/1800/906 1859/1802/1927 1855/1801/907
f 1859/1803/909 1860/1805/1928 1856/1804/910
f 1856/1807/912 1860/2316/1929 1857/1806/913
f 1857/1809/915 1861/2317/1930 1862/1808/916
f 1862/1811/918 1863/1813/1931 1859/1812/919
f 1859/1815/921 1863/2318/1932 1864/1814/922
f 1860/1818/924 1864/2319/1933 1861/1817/925
f 1865/1819/927 1866/1820/1934 1862/1808/928
f 1862/1822/930 1866/2320/1935 1867/1821/931
f 1863/1824/933 1867/2321/1936 1868/1823/934
f 1864/1826/936 1868/2322/1937 1865/1825/937
f 1869/1827/939 1870/1828/1938 1817/1679/940
f 1817/1830/942 1870/1841/1939 1871/1829/943
f 1871/1832/945 1872/1833/1940 1840/1753/946
f 1872/1834/948 1869/1836/1941 1839/1835/949
f 1873/1837/951 1874/1839/1942 1870/1838/952
f 1870/1841/954 1874/2323/1943 1875/1840/955
f 1871/1844/957 1875/2324/1944 1876/1843/958
f 1876/1846/960 1873/1848/1945 1869/1847/961
f 1877/1849/963 1878/1851/1946 1874/1850/964
f 1878/1852/966 1879/1853/1947 1875/1840/967
f 1875/1855/969 1879/2325/1948 1880/1854/970
f 1876/1858/972 1880/2326/1949 1877/1857/973
f 1881/1860/975 1882/1862/1950 1819/1861/976
f 1882/1863/978 1883/1865/1951 1820/1864/979
f 1883/1866/981 1884/1867/1952 1818/1681/982
f 1818/1869/984 1884/1879/1953 1881/1868/985
f 1881/1860/987 1885/2327/1954 1886/1871/988
f 1886/1873/990 1887/1874/1955 1883/1865/991
f 1887/1875/993 1888/1877/1956 1884/1876/994
f 1884/1879/996 1888/2328/1957 1885/1878/997
f 1891/1882/999 1890/2329/1958 1889/1881/1000
f 1889/1884/1002 1890/1886/1959 1886/1885/1003
f 1890/1887/1005 1891/1888/1960 1887/1874/1006
f 1887/1890/1008 1891/2330/1961 1892/1889/1009
f 1892/1892/1011 1889/1893/1962 1885/1878/1012
f 1909/1155/1015 1910/1953/1015 1908/1156/1015
f 1911/1162/1017 1912/1168/1017 1910/1163/1017
f 1913/1167/1019 1914/1172/1019 1912/1168/1019
f 1913/1167/1020 1915/2278/1020 1916/1171/1021
f 1915/1175/1022 1917/1180/1022 1918/1176/1022
f 1917/1180/1023 1919/1184/1023 1920/1181/1024
f 1919/1184/1026 1921/2279/1026 1922/1185/1027
f 1921/1188/1028 1923/1193/1028 1924/1189/1028
f 1923/1193/1030 1925/1198/1030 1926/1194/1030
f 1927/1197/1031 1928/1954/1031 1926/1194/1031
f 1929/1201/1032 1930/1205/1032 1928/1202/1032
f 1907/1157/1033 1908/1156/1038 1930/1205/1034
f 1932/1206/1035 1931/1230/1035 1926/1207/1035
f 1933/1209/1036 1932/2280/1036 1928/1210/1036
f 1934/1211/1037 1933/1209/1037 1930/1205/1034
f 1935/1212/1039 1934/1211/1039 1908/1213/1040
f 1936/1215/1041 1935/2281/1041 1910/1216/1041
f 1936/1215/1042 1912/1168/1042 1914/1172/1042
f 1937/1218/1043 1914/1955/1043 1916/1219/1043
f 1938/1221/1044 1916/1956/1044 1918/1222/1044
f 1939/1223/1045 1918/1176/1025 1920/1181/1024
f 1940/1224/1047 1920/1181/1047 1922/1225/1047
f 1941/1227/1048 1922/1957/1048 1924/1228/1048
f 1942/1229/1049 1924/1189/1049 1926/1194/1049
f 1944/1231/1050 1943/1256/1050 1931/1232/1051
f 1946/1234/1052 1944/2282/1052 1932/1235/1052
f 1947/1237/1037 1946/1234/1037 1933/1209/1037
f 1948/1238/1053 1947/1237/1053 1934/1239/1054
f 1949/1241/1055 1948/2283/1055 1935/1242/1055
f 1950/1244/1056 1949/1241/1056 1936/1215/1056
f 1950/1244/1057 1937/1958/1058 1938/1245/1058
f 1951/1247/1059 1938/1959/1059 1939/1248/1059
f 1952/1249/1060 1939/1223/1045 1940/1224/1046
f 1953/1250/1061 1940/1960/1061 1941/1251/1061
f 1954/1253/1062 1941/1961/1062 1942/1254/1062
f 1943/1256/1063 1955/1255/1063 1942/1229/1063
f 1968/1270/1065 1966/1962/1107 1967/1271/1066
f 1969/1272/1067 1967/1344/1037 1956/1273/1037
f 1970/1274/1068 1956/1963/1068 1957/1275/1068
f 1971/1277/1069 1957/1964/1070 1958/1278/1070
f 1973/1280/1071 1972/1279/1071 1958/1278/1071
f 1974/1282/1072 1973/1280/1072 1959/1281/1072
f 1975/1284/1074 1974/2284/1074 1960/1285/1075
f 1976/1287/1046 1975/1284/1046 1961/1288/1046
f 1977/1290/1077 1976/1287/1077 1962/1291/1077
f 1978/1293/1078 1977/2285/1078 1963/1294/1079
f 1978/1293/1080 1964/1295/1080 1965/1296/1080
f 1979/1297/1081 1965/1296/1081 1966/1298/1081
f 1981/1300/1082 1980/1313/1082 1975/1284/1046
f 1983/1301/1083 1968/1965/1083 1969/1302/1083
f 1985/1304/1084 1979/1966/1084 1968/1305/1084
f 1986/1307/1085 1978/1293/1085 1979/1297/1085
f 1986/1307/1086 1987/2286/1086 1977/1308/1086
f 1987/1310/1087 1981/1300/1087 1976/1311/1088
f 1980/1313/1089 1988/2287/1089 1974/1314/1089
f 1988/1316/1090 1989/1319/1090 1973/1317/1090
f 1989/1319/1091 1990/1322/1091 1972/1279/1092
f 1991/1320/1093 1971/1967/1963 1972/1321/1093
f 1992/1323/1094 1970/1968/1094 1971/1324/1094
f 1984/1303/1037 1969/1272/1067 1970/1274/1067
f 1993/1326/1095 1994/2288/1095 1957/1327/1096
f 1994/1328/1097 1995/1331/1097 1958/1278/1097
f 1996/1330/1098 1959/1281/1098 1958/1278/1098
f 1997/1332/1099 1960/2289/1099 1959/1281/1099
f 1998/1333/1100 1961/1288/1076 1960/1334/1075
f 1999/1336/1101 1962/1289/1101 1961/1288/1101
f 2000/1337/1102 1963/2290/1102 1962/1289/1102
f 2000/1338/1103 2001/1340/1103 1964/1295/1103
f 2001/1340/1104 2002/1341/1104 1965/1296/1104
f 2002/1341/1105 2003/2291/1105 1966/1342/1105
f 2003/1343/1106 2004/1346/1106 1967/1344/1066
f 2004/1346/1108 1993/1326/1108 1956/1273/1108
f 2044/1350/170 2045/1969/170 2046/1351/170
f 2011/1357/171 2012/1970/171 2010/1358/171
f 2040/1362/172 2041/1971/172 2042/1363/172
f 2015/1367/173 2016/1972/173 2014/1368/173
f 2036/1372/174 2037/1973/174 2038/1373/174
f 2019/1377/175 2020/1974/175 2018/1378/175
f 2032/1382/164 2033/1975/164 2034/1383/164
f 2023/1387/165 2024/1976/165 2022/1388/165
f 2052/1392/166 2053/1977/166 2054/1393/166
f 2027/1397/167 2028/1978/167 2026/1398/167
f 2048/1402/168 2049/1979/168 2050/1403/168
f 2007/1406/169 2008/1980/169 2030/1407/169
f 2031/1409/4 2019/1376/4 2021/1381/4
f 2032/1411/167 2021/1981/167 2022/1412/167
f 2034/1414/3 2033/2292/3 2022/1385/3
f 2034/1415/173 2020/1982/173 2019/1416/173
f 2036/1418/4 2035/2293/4 2015/1366/4
f 2036/1419/165 2017/1983/165 2018/1420/165
f 2037/1422/3 2018/1375/3 2016/1370/3
f 2038/1424/171 2016/1984/171 2015/1425/171
f 2039/1427/4 2011/1356/4 2013/1361/4
f 2040/1429/175 2013/1985/175 2014/1430/175
f 2042/1432/3 2041/2294/3 2014/1365/3
f 2042/1433/169 2012/1986/169 2011/1434/169
f 2043/1436/4 2007/1348/4 2009/1347/4
f 2044/1438/173 2009/1987/173 2010/1439/173
f 2046/1441/3 2045/2295/3 2010/1354/3
f 2046/1442/167 2008/1988/167 2007/1443/167
f 2048/1445/4 2047/2296/4 2027/1396/4
f 2048/1446/171 2029/1989/171 2030/1447/171
f 2049/1449/3 2030/1405/3 2028/1400/3
f 2050/1451/165 2028/1990/165 2027/1452/165
f 2051/1454/4 2023/1386/4 2025/1391/4
f 2052/1456/169 2025/1991/169 2026/1457/169
f 2054/1459/3 2053/2297/3 2026/1395/3
f 2054/1460/175 2024/1992/175 2023/1461/175
f 2059/1466/1110 2060/1993/1110 2058/1467/1110
f 2061/1473/1112 2062/1479/1112 2060/1474/1112
f 2063/1478/1113 2064/1483/1113 2062/1479/1113
f 2063/1478/1114 2065/2298/1114 2066/1482/1114
f 2067/1486/1115 2068/1492/1115 2066/1487/1115
f 2067/1486/1116 2069/1496/1116 2070/1491/1116
f 2071/1495/1117 2072/1994/1117 2070/1491/1117
f 2071/1499/1118 2073/1505/1118 2074/1500/1118
f 2075/1504/1119 2076/1509/1119 2074/1500/1119
f 2077/1508/1120 2078/1995/1120 2076/1509/1120
f 2077/1512/1121 2079/1516/1121 2080/1513/1121
f 2079/1516/1122 2057/1468/1122 2058/1467/1122
f 2084/1520/1124 2089/1535/1124 2088/1518/1124
f 2085/1521/1125 2090/1996/1125 2089/1522/1125
f 2085/1524/1127 2086/2006/1964 2091/1525/1127
f 2086/1527/1128 2087/1530/1965 2092/1528/1128
f 2089/1535/1132 2094/1997/1132 2093/1533/1132
f 2090/1536/1134 2095/1550/1134 2094/1537/1134
f 2090/1539/1136 2091/2299/1966 2096/1540/1136
f 2091/1542/1138 2092/1528/1138 2097/1543/1138
f 2093/1546/1141 2094/1997/1141 2099/1549/1141
f 2095/1550/1142 2100/1998/1142 2099/1551/1142
f 2095/1553/1143 2096/1540/1143 2101/1554/1143
f 2097/1543/1144 2102/1558/1144 2101/1556/1144
f 2098/1560/1147 2099/1549/1147 2104/1563/1147
f 2099/1564/1149 2100/1998/1149 2105/1565/1150
f 2101/1554/1151 2106/1999/1151 2105/1567/1151
f 2102/1558/1152 2107/1571/1152 2106/1569/1152
f 2103/1576/1156 2104/1579/1156 2109/1577/1156
f 2104/1579/1157 2105/2300/1967 2110/1580/1157
f 2106/1581/1158 2111/1585/1968 2110/1582/1159
f 2107/1584/1160 2112/2000/1969 2111/1585/1160
f 2108/1590/1163 2109/2301/1163 2114/1591/1163
f 2109/1593/1165 2110/1580/1165 2115/1594/1165
f 2110/1596/1166 2111/1585/1970 2116/1597/1166
f 2111/1599/1167 2112/2302/1168 2117/1600/1168
f 2114/1591/1172 2119/1608/1172 2118/1606/1173
f 2115/1594/1175 2120/2001/1175 2119/1608/1175
f 2115/1609/1177 2116/1597/1971 2121/1610/1177
f 2116/1597/1178 2117/1600/1178 2122/1612/1178
f 2119/1617/1181 2124/2002/1181 2123/1615/1181
f 2120/1618/1182 2125/2003/1183 2124/1619/1183
f 2120/1621/1184 2121/2303/1184 2126/1622/1184
f 2121/1624/1185 2122/1627/1186 2127/1625/1186
f 2124/1631/1189 2129/2004/1189 2128/1629/1189
f 2124/1632/1190 2125/2003/1190 2130/1633/1190
f 2125/1635/1191 2126/1622/1191 2131/1636/1191
f 2127/1625/1192 2132/1640/1192 2131/1638/1192
f 2128/1629/1195 2129/2304/1195 2134/1644/1195
f 2129/1645/1197 2130/1633/1197 2135/1646/1197
f 2131/1636/1198 2136/2005/1198 2135/1648/1198
f 2132/1640/1200 2137/1652/1972 2136/1650/1200
f 2133/1642/1203 2134/2305/1973 2139/1656/1203
f 2134/1657/1205 2135/2306/1205 2140/1658/1206
f 2136/1660/1208 2141/1672/1208 2140/1661/1208
f 2137/1652/1209 2142/1665/1974 2141/1663/1209
f 2139/1669/1212 2084/1520/1212 2083/1667/1212
f 2140/1658/1213 2085/1521/1975 2084/1670/1213
f 2141/1672/1214 2086/2006/1214 2085/1673/1214
f 2141/1675/1215 2142/1665/1976 2087/1530/1215
f 2147/1685/1221 2149/1692/1221 2150/1686/1221
f 2149/1692/1224 2151/1699/1977 2152/1693/1225
f 2151/1699/1229 2153/2307/1229 2154/1700/1229
f 2155/1705/1232 2156/2007/1232 2154/1706/1232
f 2157/1712/1235 2158/2008/1235 2156/1713/1235
f 2159/1718/1238 2160/2009/1238 2158/1719/1238
f 2161/1724/1241 2162/2010/1978 2160/1725/1242
f 2177/1730/1246 2178/2308/1246 2179/1731/1246
f 2163/1737/1250 2165/2309/1979 2166/1738/1251
f 2193/1744/1255 2194/2310/1980 2195/1745/1256
f 2206/1750/1260 2207/2011/1981 2208/1751/1261
f 2169/1755/1264 2161/2012/1982 2163/1756/1265
f 2170/1758/1267 2163/2013/1983 2164/1759/1268
f 2172/1761/1270 2171/2311/1270 2164/1733/1270
f 2169/1762/1271 2172/1773/1271 2162/1763/1271
f 2174/1765/1272 2173/2014/1272 2169/1755/1272
f 2174/1766/1273 2170/1758/1984 2171/1767/1274
f 2175/1769/1276 2171/2015/1276 2172/1770/1276
f 2173/1772/1278 2176/1785/1985 2172/1773/1279
f 2178/1775/1281 2177/2312/1281 2173/1776/1281
f 2178/1778/1282 2174/1766/1282 2175/1779/1282
f 2179/1781/1283 2175/2016/1283 2176/1782/1283
f 2177/1784/1284 2180/2313/1284 2176/1785/1285
f 2182/1787/1286 2181/2314/1986 2165/1788/1287
f 2183/1789/1289 2182/2315/1987 2167/1790/1290
f 2183/1792/1292 2168/2017/1988 2166/1740/1293
f 2184/1794/1295 2166/2018/1989 2165/1795/1296
f 2186/1797/1298 2185/1809/1990 2181/1798/1299
f 2186/1800/1301 2182/2019/1991 2183/1801/1302
f 2187/1803/1304 2183/2020/1992 2184/1804/1305
f 2185/1806/1307 2188/2316/1993 2184/1807/1308
f 2190/1808/1310 2189/2317/1994 2185/1809/1311
f 2190/1811/1313 2186/1800/1995 2187/1812/1314
f 2192/1814/1316 2191/2318/1996 2187/1815/1317
f 2189/1817/1319 2192/2319/1997 2188/1818/1320
f 2193/1819/1322 2189/2021/1998 2190/1808/1323
f 2195/1821/1325 2194/2320/1999 2190/1822/1326
f 2196/1823/1328 2195/2321/2000 2191/1824/1329
f 2193/1825/1331 2196/2322/2001 2192/1826/1332
f 2197/1827/1334 2167/2022/2002 2145/1679/1335
f 2199/1829/1337 2198/1841/2003 2145/1830/1338
f 2199/1832/1340 2146/1681/2004 2168/1753/1341
f 2200/1834/1343 2168/2023/2005 2167/1835/1344
f 2201/1837/1346 2197/2024/2006 2198/1838/1347
f 2203/1840/1349 2202/2323/2007 2198/1841/1350
f 2204/1843/1352 2203/2324/2008 2199/1844/1353
f 2204/1846/1355 2200/1834/2009 2197/1847/1356
f 2205/1849/1358 2201/2025/2010 2202/1850/1359
f 2206/1852/1361 2202/2026/2011 2203/1840/1362
f 2208/1854/1364 2207/2325/2012 2203/1855/1365
f 2205/1857/1367 2208/2326/2013 2204/1858/1368
f 2209/1860/1370 2145/2027/2014 2147/1861/1371
f 2210/1863/1373 2147/1685/2015 2148/1864/1374
f 2211/1866/1376 2148/2028/2016 2146/1681/1377
f 2209/1868/1379 2212/1879/2017 2146/1869/1380
f 2214/1871/1382 2213/2327/2018 2209/1860/1383
f 2214/1873/1385 2210/2029/2019 2211/1865/1386
f 2215/1875/1388 2211/2030/2020 2212/1876/1389
f 2213/1878/1391 2216/2328/2021 2212/1879/1392
f 2217/1881/1394 2218/2329/2022 2219/1882/1395
f 2217/1884/1397 2213/2031/2023 2214/1885/1398
f 2218/1887/1400 2214/2032/2024 2215/1874/1401
f 2220/1889/1403 2219/2330/2025 2215/1890/1404
f 2220/1892/1406 2216/2033/2026 2213/1878/1407
f 2237/1155/1410 2235/1157/1410 2236/1156/1410
f 2239/1162/1412 2237/1164/1412 2238/1163/1412
f 2241/1167/1414 2239/1162/1414 2240/1168/1414
f 2244/1171/1416 2243/2278/1417 2241/1167/1417
f 2246/1176/1418 2245/1180/1418 2243/1175/1418
f 2248/1181/1419 2247/1184/1420 2245/1180/1420
f 2250/1185/1422 2249/2279/1423 2247/1184/1423
f 2252/1189/1424 2251/1193/1424 2249/1188/1424
f 2254/1194/1425 2253/1198/1425 2251/1193/1425
f 2255/1197/1426 2253/1198/1426 2254/1194/1426
f 2257/1201/1427 2255/1203/1427 2256/1202/1427
f 2235/1157/1428 2257/1201/1428 2258/1205/1429
f 2254/1207/1431 2259/1230/1431 2260/1206/1431
f 2256/1210/1432 2260/2280/1432 2261/1209/1432
f 2258/1205/1429 2261/1209/1433 2262/1211/1433
f 2236/1213/1434 2262/1211/1435 2263/1212/1435
f 2238/1216/1436 2263/2281/1436 2264/1215/1436
f 2264/1215/1437 2265/1218/1437 2242/1172/1437
f 2265/1218/1438 2266/1220/1438 2244/1219/1438
f 2266/1221/1439 2267/1223/1439 2246/1222/1439
f 2267/1223/1440 2268/1224/1455 2248/1181/1419
f 2268/1224/1441 2269/1226/1441 2250/1225/1441
f 2269/1227/1442 2270/1229/1442 2252/1228/1442
f 2270/1229/1443 2259/1230/1443 2254/1194/1443
f 2259/1232/1444 2271/1256/1445 2272/1231/1445
f 2260/1235/1446 2272/2282/1446 2274/1234/1446
f 2261/1209/1433 2274/1234/1433 2275/1237/1433
f 2262/1239/1447 2275/1237/1448 2276/1238/1448
f 2263/1242/1449 2276/2283/1449 2277/1241/1449
f 2264/1215/1450 2277/1241/1450 2278/1244/1450
f 2278/1244/1451 2279/1246/1451 2266/1245/1452
f 2279/1247/1453 2280/1249/1453 2267/1248/1453
f 2280/1249/1454 2281/1250/1454 2268/1224/1455
f 2281/1250/1456 2282/1252/1456 2269/1251/1456
f 2282/1253/1457 2283/1255/1457 2270/1254/1457
f 2270/1229/1458 2283/1255/1458 2271/1256/1458
f 2296/1270/1461 2297/1272/1461 2295/1271/1462
f 2297/1272/1464 2298/1274/1464 2284/1273/1433
f 2298/1274/1465 2299/1276/1465 2285/1275/1465
f 2299/1277/1466 2300/1279/1466 2286/1278/1467
f 2286/1278/1468 2300/1279/1468 2301/1280/1468
f 2287/1281/1469 2301/1280/1470 2302/1282/1470
f 2288/1285/1471 2302/2284/1472 2303/1284/1472
f 2289/1288/1455 2303/1284/1455 2304/1287/1455
f 2290/1291/1474 2304/1287/1474 2305/1290/1474
f 2291/1294/1475 2305/2285/1476 2306/1293/1476
f 2306/1293/1477 2307/1297/1477 2293/1296/1477
f 2307/1297/1478 2296/1299/1478 2294/1298/1478
f 2303/1284/1455 2308/1313/1479 2309/1300/1479
f 2311/1301/1480 2312/1303/1480 2297/1302/1480
f 2313/1304/1481 2311/1306/1481 2296/1305/1481
f 2314/1307/1482 2313/1304/1482 2307/1297/1482
f 2305/1308/1483 2315/2286/1483 2314/1307/1483
f 2304/1311/1484 2309/1300/1485 2315/1310/1485
f 2302/1314/1486 2316/2287/1486 2308/1313/1486
f 2301/1317/1487 2317/1319/1487 2316/1316/1487
f 2300/1279/1488 2318/1322/1489 2317/1319/1489
f 2319/1320/1490 2318/1322/1490 2300/1321/1490
f 2320/1323/1492 2319/1325/1492 2299/1324/1492
f 2312/1303/1433 2320/1323/1433 2298/1274/1464
f 2285/1327/1493 2322/2288/1494 2321/1326/1494
f 2286/1278/1495 2323/1331/1495 2322/1328/1495
f 2286/1278/1496 2287/1281/1496 2324/1330/1496
f 2287/1281/1497 2288/2289/1497 2325/1332/1497
f 2288/1334/1471 2289/1288/1473 2326/1333/1498
f 2289/1288/1499 2290/1289/1499 2327/1336/1499
f 2290/1289/1500 2291/2290/1500 2328/1337/1500
f 2292/1295/1501 2329/1340/1501 2328/1338/1501
f 2293/1296/1502 2330/1341/1502 2329/1340/1502
f 2294/1342/1503 2331/2291/1503 2330/1341/1503
f 2295/1344/1462 2332/1346/1504 2331/1343/1504
f 2284/1273/1505 2321/1326/1505 2332/1346/1505
f 2372/1350/713 2371/1352/713 2374/1351/713
f 2339/1357/714 2337/1359/714 2338/1358/714
f 2368/1362/715 2367/1364/715 2370/1363/715
f 2343/1367/716 2341/1369/716 2342/1368/716
f 2364/1372/717 2363/1374/717 2366/1373/717
f 2347/1377/718 2345/1379/718 2346/1378/718
f 2360/1382/707 2359/1384/707 2362/1383/707
f 2351/1387/708 2349/1389/708 2350/1388/708
f 2380/1392/709 2379/1394/709 2382/1393/709
f 2355/1397/710 2353/1399/710 2354/1398/710
f 2376/1402/711 2375/1404/711 2378/1403/711
f 2335/1406/712 2357/1408/712 2358/1407/712
f 2359/1409/4 2360/1410/4 2349/1381/4
f 2360/1411/710 2361/1413/710 2350/1412/710
f 2350/1385/3 2361/2292/3 2362/1414/3
f 2362/1415/716 2359/1417/716 2347/1416/716
f 2343/1366/4 2363/2293/4 2364/1418/4
f 2364/1419/708 2365/1421/708 2346/1420/708
f 2365/1422/3 2366/1423/3 2344/1370/3
f 2366/1424/714 2363/1426/714 2343/1425/714
f 2367/1427/4 2368/1428/4 2341/1361/4
f 2368/1429/718 2369/1431/718 2342/1430/718
f 2342/1365/3 2369/2294/3 2370/1432/3
f 2370/1433/712 2367/1435/712 2339/1434/712
f 2371/1436/4 2372/1437/4 2337/1347/4
f 2372/1438/716 2373/1440/716 2338/1439/716
f 2338/1354/3 2373/2295/3 2374/1441/3
f 2374/1442/710 2371/1444/710 2335/1443/710
f 2355/1396/4 2375/2296/4 2376/1445/4
f 2376/1446/714 2377/1448/714 2358/1447/714
f 2377/1449/3 2378/1450/3 2356/1400/3
f 2378/1451/708 2375/1453/708 2355/1452/708
f 2379/1454/4 2380/1455/4 2353/1391/4
f 2380/1456/712 2381/1458/712 2354/1457/712
f 2354/1395/3 2381/2297/3 2382/1459/3
f 2382/1460/718 2379/1462/718 2351/1461/718
f 2387/1466/1507 2385/1468/1507 2386/1467/1507
f 2389/1473/1509 2387/1475/1509 2388/1474/1509
f 2391/1478/1510 2389/1473/1510 2390/1479/1510
f 2394/1482/1511 2393/2298/1511 2391/1478/1511
f 2395/1486/1512 2393/1488/1512 2394/1487/1512
f 2398/1491/1513 2397/1496/1513 2395/1486/1513
f 2400/1994/1514 2399/1495/1514 2397/1496/1514
f 2402/1500/1515 2401/1505/1515 2399/1499/1515
f 2403/1504/1516 2401/1505/1516 2402/1500/1516
f 2405/1508/1517 2403/1504/1517 2404/1509/1517
f 2408/1513/1518 2407/1516/1518 2405/1512/1518
f 2385/1468/1519 2407/1516/1519 2408/1513/1519
f 2412/1520/1521 2411/1517/1521 2416/1518/1521
f 2413/1521/1522 2412/1523/2027 2417/1522/1522
f 2419/1525/1523 2414/2006/2028 2413/1524/1523
f 2420/1528/1524 2415/1530/2029 2414/1527/1525
f 2417/1535/1528 2416/1532/2030 2421/1533/1528
f 2418/1536/1529 2417/1538/2031 2422/1537/1529
f 2424/1540/1530 2419/2299/2032 2418/1539/1530
f 2425/1543/1532 2420/1528/1532 2419/1542/1532
f 2427/1549/1535 2422/1997/1535 2421/1546/1535
f 2428/1998/1536 2423/1550/1536 2422/1552/1536
f 2429/1554/1537 2424/1540/1537 2423/1553/1537
f 2425/1543/1538 2424/1557/1538 2429/1556/1538
f 2432/1563/1541 2427/1549/1541 2426/1560/1541
f 2433/1565/1543 2428/1998/1544 2427/1564/1544
f 2429/1554/1545 2428/1568/1545 2433/1567/1545
f 2430/1558/1546 2429/1570/2033 2434/1569/1546
f 2437/1577/1549 2432/1579/1549 2431/1576/1549
f 2438/1580/1550 2433/2300/1550 2432/1579/1550
f 2434/1581/1551 2433/1583/1551 2438/1582/1552
f 2435/1584/1554 2434/1581/1554 2439/1585/1554
f 2442/1591/1558 2437/2301/1558 2436/1590/1558
f 2443/1594/1560 2438/1580/1560 2437/1593/1560
f 2444/1597/1561 2439/1585/2034 2438/1596/1561
f 2445/1600/1562 2440/2302/1562 2439/1599/1563
f 2442/1591/1566 2441/1607/2035 2446/1606/1567
f 2443/1594/1568 2442/1591/2036 2447/1608/1568
f 2449/1610/1569 2444/1597/2037 2443/1609/1569
f 2450/1612/1570 2445/1600/1570 2444/1597/1570
f 2447/1617/1574 2446/1604/1574 2451/1615/1574
f 2448/1618/1575 2447/1620/1575 2452/1619/1576
f 2454/1622/1577 2449/2303/1577 2448/1621/1577
f 2455/1625/1578 2450/1627/2038 2449/1624/1578
f 2452/1631/1581 2451/1615/1581 2456/1629/1581
f 2458/1633/1582 2453/2003/1582 2452/1632/1582
f 2459/1636/1583 2454/1622/1583 2453/1635/1583
f 2455/1625/1584 2454/1639/1584 2459/1638/1584
f 2462/1644/1587 2457/2304/1587 2456/1629/1587
f 2463/1646/1588 2458/1633/1588 2457/1645/1588
f 2459/1636/1589 2458/1649/2039 2463/1648/1589
f 2460/1640/1590 2459/1651/1590 2464/1650/1590
f 2467/1656/1594 2462/2305/2040 2461/1642/1594
f 2468/1658/1596 2463/2306/1597 2462/1657/1597
f 2464/1660/1599 2463/1662/1599 2468/1661/1599
f 2465/1652/1600 2464/1664/1600 2469/1663/1600
f 2467/1669/1604 2466/1654/1604 2411/1667/1604
f 2468/1658/1605 2467/1671/1605 2412/1670/1605
f 2469/1672/1607 2468/1674/1607 2413/1673/1607
f 2415/1530/1608 2470/1665/2041 2469/1675/1609
f 2478/1686/1614 2477/1692/1614 2475/1685/1614
f 2480/1693/1617 2479/1699/2042 2477/1692/1618
f 2482/1700/1622 2481/2307/1622 2479/1699/1622
f 2483/1705/1625 2481/1707/1625 2482/1706/1625
f 2485/1712/1628 2483/1714/1628 2484/1713/1628
f 2487/1718/1631 2485/1712/1631 2486/1719/1631
f 2489/1724/1634 2487/1726/2043 2488/1725/1635
f 2507/1731/1639 2506/2308/1639 2505/1730/1639
f 2494/1738/1643 2493/2309/2044 2491/1737/1644
f 2523/1745/1648 2522/2310/2045 2521/1744/1649
f 2534/1750/1653 2533/1752/2046 2536/1751/1654
f 2497/1755/1657 2498/1757/2047 2491/1756/1658
f 2498/1758/1660 2499/1760/2048 2492/1759/1661
f 2492/1733/1663 2499/2311/1663 2500/1761/1663
f 2490/1763/1664 2500/1773/1664 2497/1762/1664
f 2501/2014/1665 2502/1765/1665 2498/1757/1665
f 2502/1766/1666 2503/1768/2049 2499/1767/1667
f 2503/1769/1669 2504/1771/1669 2500/1770/1669
f 2500/1773/1670 2504/1785/2050 2501/1772/1671
f 2501/1776/1673 2505/2312/1673 2506/1775/1673
f 2506/1778/1674 2507/1780/1674 2503/1779/1674
f 2507/1781/1675 2508/1783/1675 2504/1782/1675
f 2504/1785/1676 2508/2313/1677 2505/1784/1677
f 2493/1788/1678 2509/2314/2051 2510/1787/1679
f 2495/1790/1681 2510/2315/2052 2511/1789/1682
f 2511/1792/1684 2512/1793/2053 2494/1740/1685
f 2512/1794/1687 2509/1796/2054 2493/1795/1688
f 2509/1798/1690 2513/1809/2055 2514/1797/1691
f 2514/1800/1693 2515/1802/2056 2511/1801/1694
f 2515/1803/1696 2516/1805/2057 2512/1804/1697
f 2512/1807/1699 2516/2316/2058 2513/1806/1700
f 2513/1809/1702 2517/2317/2059 2518/1808/1703
f 2518/1811/1705 2519/1813/2060 2515/1812/1706
f 2515/1815/1708 2519/2318/2061 2520/1814/1709
f 2516/1818/1711 2520/2319/2062 2517/1817/1712
f 2521/1819/1714 2522/1820/2063 2518/1808/1715
f 2518/1822/1717 2522/2320/2064 2523/1821/1718
f 2519/1824/1720 2523/2321/2065 2524/1823/1721
f 2520/1826/1723 2524/2322/2066 2521/1825/1724
f 2525/1827/1726 2526/1828/2067 2473/1679/1727
f 2473/1830/1729 2526/1841/2068 2527/1829/1730
f 2527/1832/1732 2528/1833/2069 2496/1753/1733
f 2528/1834/1735 2525/1836/2070 2495/1835/1736
f 2529/1837/1738 2530/1839/2071 2526/1838/1739
f 2526/1841/1741 2530/2323/2072 2531/1840/1742
f 2527/1844/1744 2531/2324/2073 2532/1843/1745
f 2532/1846/1747 2529/1848/2074 2525/1847/1748
f 2533/1849/1750 2534/1851/2075 2530/1850/1751
f 2534/1852/1753 2535/1853/2076 2531/1840/1754
f 2531/1855/1756 2535/2325/2077 2536/1854/1757
f 2532/1858/1759 2536/2326/2078 2533/1857/1760
f 2537/1860/1762 2538/1862/2079 2475/1861/1763
f 2538/1863/1765 2539/1865/2080 2476/1864/1766
f 2539/1866/1768 2540/1867/2081 2474/1681/1769
f 2474/1869/1771 2540/1879/2082 2537/1868/1772
f 2537/1860/1774 2541/2327/2083 2542/1871/1775
f 2542/1873/1777 2543/1874/2084 2539/1865/1778
f 2543/1875/1780 2544/1877/2085 2540/1876/1781
f 2540/1879/1783 2544/2328/2086 2541/1878/1784
f 2547/1882/1786 2546/2329/2087 2545/1881/1787
f 2545/1884/1789 2546/1886/2088 2542/1885/1790
f 2546/1887/1792 2547/1888/2089 2543/1874/1793
f 2543/1890/1795 2547/2330/2090 2548/1889/1796
f 2548/1892/1798 2545/1893/2091 2541/1878/1799
